symbol,name,industry_source,level,industry_code,industry_name,source_code,source,snapshot_date
SH600004,白云机场,eastmoney,1,BK0420,航空机场,600004.SH,myquant-strategy,2026-06-25
SH600009,上海机场,eastmoney,1,BK0420,航空机场,600009.SH,myquant-strategy,2026-06-25
SH600029,南方航空,eastmoney,1,BK0420,航空机场,600029.SH,myquant-strategy,2026-06-25
SH600115,中国东航,eastmoney,1,BK0420,航空机场,600115.SH,myquant-strategy,2026-06-25
SH600221,海航控股,eastmoney,1,BK0420,航空机场,600221.SH,myquant-strategy,2026-06-25
SH600515,海南机场,eastmoney,1,BK0420,航空机场,600515.SH,myquant-strategy,2026-06-25
SH600897,厦门空港,eastmoney,1,BK0420,航空机场,600897.SH,myquant-strategy,2026-06-25
SH601021,春秋航空,eastmoney,1,BK0420,航空机场,601021.SH,myquant-strategy,2026-06-25
SH601111,中国国航,eastmoney,1,BK0420,航空机场,601111.SH,myquant-strategy,2026-06-25
SH603885,吉祥航空,eastmoney,1,BK0420,航空机场,603885.SH,myquant-strategy,2026-06-25
SZ900945,,eastmoney,1,BK0420,航空机场,900945.SZ,myquant-strategy,2026-06-25
SH600012,皖通高速,eastmoney,1,BK0421,铁路公路,600012.SH,myquant-strategy,2026-06-25
SH600020,中原高速,eastmoney,1,BK0421,铁路公路,600020.SH,myquant-strategy,2026-06-25
SH600033,福建高速,eastmoney,1,BK0421,铁路公路,600033.SH,myquant-strategy,2026-06-25
SH600035,楚天高速,eastmoney,1,BK0421,铁路公路,600035.SH,myquant-strategy,2026-06-25
SH600106,重庆路桥,eastmoney,1,BK0421,铁路公路,600106.SH,myquant-strategy,2026-06-25
SH600269,赣粤高速,eastmoney,1,BK0421,铁路公路,600269.SH,myquant-strategy,2026-06-25
SH600350,山东高速,eastmoney,1,BK0421,铁路公路,600350.SH,myquant-strategy,2026-06-25
SH600368,五洲交通,eastmoney,1,BK0421,铁路公路,600368.SH,myquant-strategy,2026-06-25
SH600377,宁沪高速,eastmoney,1,BK0421,铁路公路,600377.SH,myquant-strategy,2026-06-25
SH600548,深高速,eastmoney,1,BK0421,铁路公路,600548.SH,myquant-strategy,2026-06-25
SH600561,江西长运,eastmoney,1,BK0421,铁路公路,600561.SH,myquant-strategy,2026-06-25
SH600611,大众交通,eastmoney,1,BK0421,铁路公路,600611.SH,myquant-strategy,2026-06-25
SH600650,锦江在线,eastmoney,1,BK0421,铁路公路,600650.SH,myquant-strategy,2026-06-25
SH600834,申通地铁,eastmoney,1,BK0421,铁路公路,600834.SH,myquant-strategy,2026-06-25
SH601107,四川成渝,eastmoney,1,BK0421,铁路公路,601107.SH,myquant-strategy,2026-06-25
SH601188,龙江交通,eastmoney,1,BK0421,铁路公路,601188.SH,myquant-strategy,2026-06-25
SH601333,广深铁路,eastmoney,1,BK0421,铁路公路,601333.SH,myquant-strategy,2026-06-25
SH601518,吉林高速,eastmoney,1,BK0421,铁路公路,601518.SH,myquant-strategy,2026-06-25
SH601816,京沪高铁,eastmoney,1,BK0421,铁路公路,601816.SH,myquant-strategy,2026-06-25
SH603069,海汽集团,eastmoney,1,BK0421,铁路公路,603069.SH,myquant-strategy,2026-06-25
SZ200429,,eastmoney,1,BK0421,铁路公路,200429.SZ,myquant-strategy,2026-06-25
SZ900903,,eastmoney,1,BK0421,铁路公路,900903.SZ,myquant-strategy,2026-06-25
SH600057,厦门象屿,eastmoney,1,BK0422,物流行业,600057.SH,myquant-strategy,2026-06-25
SH600119,长江投资,eastmoney,1,BK0422,物流行业,600119.SH,myquant-strategy,2026-06-25
SH600125,铁龙物流,eastmoney,1,BK0422,物流行业,600125.SH,myquant-strategy,2026-06-25
SH600179,安通控股,eastmoney,1,BK0422,物流行业,600179.SH,myquant-strategy,2026-06-25
SH600180,瑞茂通,eastmoney,1,BK0422,物流行业,600180.SH,myquant-strategy,2026-06-25
SH600233,圆通速递,eastmoney,1,BK0422,物流行业,600233.SH,myquant-strategy,2026-06-25
SH600603,广汇物流,eastmoney,1,BK0422,物流行业,600603.SH,myquant-strategy,2026-06-25
SH600704,物产中大,eastmoney,1,BK0422,物流行业,600704.SH,myquant-strategy,2026-06-25
SH600787,中储股份,eastmoney,1,BK0422,物流行业,600787.SH,myquant-strategy,2026-06-25
SH600794,保税科技,eastmoney,1,BK0422,物流行业,600794.SH,myquant-strategy,2026-06-25
SH601006,大秦铁路,eastmoney,1,BK0422,物流行业,601006.SH,myquant-strategy,2026-06-25
SH601156,东航物流,eastmoney,1,BK0422,物流行业,601156.SH,myquant-strategy,2026-06-25
SH601598,中国外运,eastmoney,1,BK0422,物流行业,601598.SH,myquant-strategy,2026-06-25
SH603056,德邦股份,eastmoney,1,BK0422,物流行业,603056.SH,myquant-strategy,2026-06-25
SH603066,音飞储存,eastmoney,1,BK0422,物流行业,603066.SH,myquant-strategy,2026-06-25
SH603117,万林物流,eastmoney,1,BK0422,物流行业,603117.SH,myquant-strategy,2026-06-25
SH603128,华贸物流,eastmoney,1,BK0422,物流行业,603128.SH,myquant-strategy,2026-06-25
SH603223,恒通股份,eastmoney,1,BK0422,物流行业,603223.SH,myquant-strategy,2026-06-25
SH603329,上海雅仕,eastmoney,1,BK0422,物流行业,603329.SH,myquant-strategy,2026-06-25
SH603535,嘉诚国际,eastmoney,1,BK0422,物流行业,603535.SH,myquant-strategy,2026-06-25
SH603565,中谷物流,eastmoney,1,BK0422,物流行业,603565.SH,myquant-strategy,2026-06-25
SH603569,长久物流,eastmoney,1,BK0422,物流行业,603569.SH,myquant-strategy,2026-06-25
SH603648,畅联股份,eastmoney,1,BK0422,物流行业,603648.SH,myquant-strategy,2026-06-25
SH603713,密尔克卫,eastmoney,1,BK0422,物流行业,603713.SH,myquant-strategy,2026-06-25
SH603813,*ST原尚,eastmoney,1,BK0422,物流行业,603813.SH,myquant-strategy,2026-06-25
SH603836,海程邦达,eastmoney,1,BK0422,物流行业,603836.SH,myquant-strategy,2026-06-25
SH603871,嘉友国际,eastmoney,1,BK0422,物流行业,603871.SH,myquant-strategy,2026-06-25
SH603967,中创物流,eastmoney,1,BK0422,物流行业,603967.SH,myquant-strategy,2026-06-25
SH605050,福然德,eastmoney,1,BK0422,物流行业,605050.SH,myquant-strategy,2026-06-25
SH688211,中科微至,eastmoney,1,BK0422,物流行业,688211.SH,myquant-strategy,2026-06-25
SZ300013,新宁物流,eastmoney,1,BK0422,物流行业,300013.SZ,myquant-strategy,2026-06-25
SZ300240,飞力达,eastmoney,1,BK0422,物流行业,300240.SZ,myquant-strategy,2026-06-25
SZ300350,华鹏飞,eastmoney,1,BK0422,物流行业,300350.SZ,myquant-strategy,2026-06-25
SZ300873,海晨股份,eastmoney,1,BK0422,物流行业,300873.SZ,myquant-strategy,2026-06-25
SZ900914,,eastmoney,1,BK0422,物流行业,900914.SZ,myquant-strategy,2026-06-25
SZ920351,,eastmoney,1,BK0422,物流行业,920351.SZ,myquant-strategy,2026-06-25
SH600326,西藏天路,eastmoney,1,BK0424,水泥建材,600326.SH,myquant-strategy,2026-06-25
SH600425,青松建化,eastmoney,1,BK0424,水泥建材,600425.SH,myquant-strategy,2026-06-25
SH600449,宁夏建材,eastmoney,1,BK0424,水泥建材,600449.SH,myquant-strategy,2026-06-25
SH600477,杭萧钢构,eastmoney,1,BK0424,水泥建材,600477.SH,myquant-strategy,2026-06-25
SH600496,精工钢构,eastmoney,1,BK0424,水泥建材,600496.SH,myquant-strategy,2026-06-25
SH600585,海螺水泥,eastmoney,1,BK0424,水泥建材,600585.SH,myquant-strategy,2026-06-25
SH600668,尖峰集团,eastmoney,1,BK0424,水泥建材,600668.SH,myquant-strategy,2026-06-25
SH600678,四川金顶,eastmoney,1,BK0424,水泥建材,600678.SH,myquant-strategy,2026-06-25
SH600801,华新建材,eastmoney,1,BK0424,水泥建材,600801.SH,myquant-strategy,2026-06-25
SH600802,福建水泥,eastmoney,1,BK0424,水泥建材,600802.SH,myquant-strategy,2026-06-25
SH600881,亚泰集团,eastmoney,1,BK0424,水泥建材,600881.SH,myquant-strategy,2026-06-25
SH601992,金隅集团,eastmoney,1,BK0424,水泥建材,601992.SH,myquant-strategy,2026-06-25
SH603616,韩建河山,eastmoney,1,BK0424,水泥建材,603616.SH,myquant-strategy,2026-06-25
SH605122,四方新材,eastmoney,1,BK0424,水泥建材,605122.SH,myquant-strategy,2026-06-25
SH600039,四川路桥,eastmoney,1,BK0425,工程建设,600039.SH,myquant-strategy,2026-06-25
SH600170,上海建工,eastmoney,1,BK0425,工程建设,600170.SH,myquant-strategy,2026-06-25
SH600248,陕建股份,eastmoney,1,BK0425,工程建设,600248.SH,myquant-strategy,2026-06-25
SH600284,浦东建设,eastmoney,1,BK0425,工程建设,600284.SH,myquant-strategy,2026-06-25
SH600491,龙元建设,eastmoney,1,BK0425,工程建设,600491.SH,myquant-strategy,2026-06-25
SH600502,安徽建工,eastmoney,1,BK0425,工程建设,600502.SH,myquant-strategy,2026-06-25
SH600512,腾达建设,eastmoney,1,BK0425,工程建设,600512.SH,myquant-strategy,2026-06-25
SH600667,太极实业,eastmoney,1,BK0425,工程建设,600667.SH,myquant-strategy,2026-06-25
SH600769,祥龙电业,eastmoney,1,BK0425,工程建设,600769.SH,myquant-strategy,2026-06-25
SH600820,隧道股份,eastmoney,1,BK0425,工程建设,600820.SH,myquant-strategy,2026-06-25
SH600846,同济科技,eastmoney,1,BK0425,工程建设,600846.SH,myquant-strategy,2026-06-25
SH600853,龙建股份,eastmoney,1,BK0425,工程建设,600853.SH,myquant-strategy,2026-06-25
SH600939,重庆建工,eastmoney,1,BK0425,工程建设,600939.SH,myquant-strategy,2026-06-25
SH600970,中材国际,eastmoney,1,BK0425,工程建设,600970.SH,myquant-strategy,2026-06-25
SH601068,中铝国际,eastmoney,1,BK0425,工程建设,601068.SH,myquant-strategy,2026-06-25
SH601117,中国化学,eastmoney,1,BK0425,工程建设,601117.SH,myquant-strategy,2026-06-25
SH601133,柏诚股份,eastmoney,1,BK0425,工程建设,601133.SH,myquant-strategy,2026-06-25
SH601186,中国铁建,eastmoney,1,BK0425,工程建设,601186.SH,myquant-strategy,2026-06-25
SH601390,中国中铁,eastmoney,1,BK0425,工程建设,601390.SH,myquant-strategy,2026-06-25
SH601611,中国核建,eastmoney,1,BK0425,工程建设,601611.SH,myquant-strategy,2026-06-25
SH601618,中国中冶,eastmoney,1,BK0425,工程建设,601618.SH,myquant-strategy,2026-06-25
SH601668,中国建筑,eastmoney,1,BK0425,工程建设,601668.SH,myquant-strategy,2026-06-25
SH601669,中国电建,eastmoney,1,BK0425,工程建设,601669.SH,myquant-strategy,2026-06-25
SH601789,宁波建工,eastmoney,1,BK0425,工程建设,601789.SH,myquant-strategy,2026-06-25
SH601800,中国交建,eastmoney,1,BK0425,工程建设,601800.SH,myquant-strategy,2026-06-25
SH601868,中国能建,eastmoney,1,BK0425,工程建设,601868.SH,myquant-strategy,2026-06-25
SH603098,森特股份,eastmoney,1,BK0425,工程建设,603098.SH,myquant-strategy,2026-06-25
SH603163,圣晖集成,eastmoney,1,BK0425,工程建设,603163.SH,myquant-strategy,2026-06-25
SH603176,汇通集团,eastmoney,1,BK0425,工程建设,603176.SH,myquant-strategy,2026-06-25
SH603316,诚邦股份,eastmoney,1,BK0425,工程建设,603316.SH,myquant-strategy,2026-06-25
SH603388,,eastmoney,1,BK0425,工程建设,603388.SH,myquant-strategy,2026-06-25
SH603637,镇海股份,eastmoney,1,BK0425,工程建设,603637.SH,myquant-strategy,2026-06-25
SH603815,交建股份,eastmoney,1,BK0425,工程建设,603815.SH,myquant-strategy,2026-06-25
SH603843,*ST正平,eastmoney,1,BK0425,工程建设,603843.SH,myquant-strategy,2026-06-25
SH603955,大千生态,eastmoney,1,BK0425,工程建设,603955.SH,myquant-strategy,2026-06-25
SH605303,园林股份,eastmoney,1,BK0425,工程建设,605303.SH,myquant-strategy,2026-06-25
SH605598,上海港湾,eastmoney,1,BK0425,工程建设,605598.SH,myquant-strategy,2026-06-25
SZ300517,海波重科,eastmoney,1,BK0425,工程建设,300517.SZ,myquant-strategy,2026-06-25
SZ300536,农尚环境,eastmoney,1,BK0425,工程建设,300536.SZ,myquant-strategy,2026-06-25
SZ300712,永福股份,eastmoney,1,BK0425,工程建设,300712.SZ,myquant-strategy,2026-06-25
SZ300982,苏文电能,eastmoney,1,BK0425,工程建设,300982.SZ,myquant-strategy,2026-06-25
SZ301024,霍普股份,eastmoney,1,BK0425,工程建设,301024.SZ,myquant-strategy,2026-06-25
SZ301038,深水规院,eastmoney,1,BK0425,工程建设,301038.SZ,myquant-strategy,2026-06-25
SZ301058,中粮科工,eastmoney,1,BK0425,工程建设,301058.SZ,myquant-strategy,2026-06-25
SZ301098,金埔园林,eastmoney,1,BK0425,工程建设,301098.SZ,myquant-strategy,2026-06-25
SZ920149,,eastmoney,1,BK0425,工程建设,920149.SZ,myquant-strategy,2026-06-25
SZ920964,,eastmoney,1,BK0425,工程建设,920964.SZ,myquant-strategy,2026-06-25
SH600008,首创环保,eastmoney,1,BK0427,公用事业,600008.SH,myquant-strategy,2026-06-25
SH600052,东望时代,eastmoney,1,BK0427,公用事业,600052.SH,myquant-strategy,2026-06-25
SH600167,联美控股,eastmoney,1,BK0427,公用事业,600167.SH,myquant-strategy,2026-06-25
SH600168,武汉控股,eastmoney,1,BK0427,公用事业,600168.SH,myquant-strategy,2026-06-25
SH600187,国中水务,eastmoney,1,BK0427,公用事业,600187.SH,myquant-strategy,2026-06-25
SH600283,钱江水利,eastmoney,1,BK0427,公用事业,600283.SH,myquant-strategy,2026-06-25
SH600461,洪城环境,eastmoney,1,BK0427,公用事业,600461.SH,myquant-strategy,2026-06-25
SH601158,重庆水务,eastmoney,1,BK0427,公用事业,601158.SH,myquant-strategy,2026-06-25
SH601199,江南水务,eastmoney,1,BK0427,公用事业,601199.SH,myquant-strategy,2026-06-25
SH601368,绿城水务,eastmoney,1,BK0427,公用事业,601368.SH,myquant-strategy,2026-06-25
SH603291,联合水务,eastmoney,1,BK0427,公用事业,603291.SH,myquant-strategy,2026-06-25
SH603759,海天股份,eastmoney,1,BK0427,公用事业,603759.SH,myquant-strategy,2026-06-25
SH605011,杭州热电,eastmoney,1,BK0427,公用事业,605011.SH,myquant-strategy,2026-06-25
SH605162,新中港,eastmoney,1,BK0427,公用事业,605162.SH,myquant-strategy,2026-06-25
SH600011,华能国际,eastmoney,1,BK0428,电力行业,600011.SH,myquant-strategy,2026-06-25
SH600021,上海电力,eastmoney,1,BK0428,电力行业,600021.SH,myquant-strategy,2026-06-25
SH600023,浙能电力,eastmoney,1,BK0428,电力行业,600023.SH,myquant-strategy,2026-06-25
SH600025,华能水电,eastmoney,1,BK0428,电力行业,600025.SH,myquant-strategy,2026-06-25
SH600027,华电国际,eastmoney,1,BK0428,电力行业,600027.SH,myquant-strategy,2026-06-25
SH600032,浙江新能,eastmoney,1,BK0428,电力行业,600032.SH,myquant-strategy,2026-06-25
SH600098,广州发展,eastmoney,1,BK0428,电力行业,600098.SH,myquant-strategy,2026-06-25
SH600101,明星电力,eastmoney,1,BK0428,电力行业,600101.SH,myquant-strategy,2026-06-25
SH600116,三峡水利,eastmoney,1,BK0428,电力行业,600116.SH,myquant-strategy,2026-06-25
SH600149,廊坊发展,eastmoney,1,BK0428,电力行业,600149.SH,myquant-strategy,2026-06-25
SH600157,永泰能源,eastmoney,1,BK0428,电力行业,600157.SH,myquant-strategy,2026-06-25
SH600163,中闽能源,eastmoney,1,BK0428,电力行业,600163.SH,myquant-strategy,2026-06-25
SH600212,绿能慧充,eastmoney,1,BK0428,电力行业,600212.SH,myquant-strategy,2026-06-25
SH600236,桂冠电力,eastmoney,1,BK0428,电力行业,600236.SH,myquant-strategy,2026-06-25
SH600310,广西能源,eastmoney,1,BK0428,电力行业,600310.SH,myquant-strategy,2026-06-25
SH600396,华电辽能,eastmoney,1,BK0428,电力行业,600396.SH,myquant-strategy,2026-06-25
SH600452,涪陵电力,eastmoney,1,BK0428,电力行业,600452.SH,myquant-strategy,2026-06-25
SH600483,福能股份,eastmoney,1,BK0428,电力行业,600483.SH,myquant-strategy,2026-06-25
SH600505,西昌电力,eastmoney,1,BK0428,电力行业,600505.SH,myquant-strategy,2026-06-25
SH600509,天富能源,eastmoney,1,BK0428,电力行业,600509.SH,myquant-strategy,2026-06-25
SH600575,淮河能源,eastmoney,1,BK0428,电力行业,600575.SH,myquant-strategy,2026-06-25
SH600578,京能电力,eastmoney,1,BK0428,电力行业,600578.SH,myquant-strategy,2026-06-25
SH600642,申能股份,eastmoney,1,BK0428,电力行业,600642.SH,myquant-strategy,2026-06-25
SH600644,乐山电力,eastmoney,1,BK0428,电力行业,600644.SH,myquant-strategy,2026-06-25
SH600674,川投能源,eastmoney,1,BK0428,电力行业,600674.SH,myquant-strategy,2026-06-25
SH600719,大连热电,eastmoney,1,BK0428,电力行业,600719.SH,myquant-strategy,2026-06-25
SH600726,华电能源,eastmoney,1,BK0428,电力行业,600726.SH,myquant-strategy,2026-06-25
SH600744,华银电力,eastmoney,1,BK0428,电力行业,600744.SH,myquant-strategy,2026-06-25
SH600780,通宝能源,eastmoney,1,BK0428,电力行业,600780.SH,myquant-strategy,2026-06-25
SH600795,国电电力,eastmoney,1,BK0428,电力行业,600795.SH,myquant-strategy,2026-06-25
SH600821,金开新能,eastmoney,1,BK0428,电力行业,600821.SH,myquant-strategy,2026-06-25
SH600863,内蒙华电,eastmoney,1,BK0428,电力行业,600863.SH,myquant-strategy,2026-06-25
SH600868,梅雁吉祥,eastmoney,1,BK0428,电力行业,600868.SH,myquant-strategy,2026-06-25
SH600886,国投电力,eastmoney,1,BK0428,电力行业,600886.SH,myquant-strategy,2026-06-25
SH600900,长江电力,eastmoney,1,BK0428,电力行业,600900.SH,myquant-strategy,2026-06-25
SH600905,三峡能源,eastmoney,1,BK0428,电力行业,600905.SH,myquant-strategy,2026-06-25
SH600930,华电新能,eastmoney,1,BK0428,电力行业,600930.SH,myquant-strategy,2026-06-25
SH600969,郴电国际,eastmoney,1,BK0428,电力行业,600969.SH,myquant-strategy,2026-06-25
SH600979,广安爱众,eastmoney,1,BK0428,电力行业,600979.SH,myquant-strategy,2026-06-25
SH600982,宁波能源,eastmoney,1,BK0428,电力行业,600982.SH,myquant-strategy,2026-06-25
SH600995,南网储能,eastmoney,1,BK0428,电力行业,600995.SH,myquant-strategy,2026-06-25
SH601016,节能风电,eastmoney,1,BK0428,电力行业,601016.SH,myquant-strategy,2026-06-25
SH601619,嘉泽新能,eastmoney,1,BK0428,电力行业,601619.SH,myquant-strategy,2026-06-25
SH601778,晶科科技,eastmoney,1,BK0428,电力行业,601778.SH,myquant-strategy,2026-06-25
SH601985,中国核电,eastmoney,1,BK0428,电力行业,601985.SH,myquant-strategy,2026-06-25
SH601991,大唐发电,eastmoney,1,BK0428,电力行业,601991.SH,myquant-strategy,2026-06-25
SH603693,江苏新能,eastmoney,1,BK0428,电力行业,603693.SH,myquant-strategy,2026-06-25
SH605028,世茂能源,eastmoney,1,BK0428,电力行业,605028.SH,myquant-strategy,2026-06-25
SH605580,恒盛能源,eastmoney,1,BK0428,电力行业,605580.SH,myquant-strategy,2026-06-25
SZ200037,,eastmoney,1,BK0428,电力行业,200037.SZ,myquant-strategy,2026-06-25
SZ200539,,eastmoney,1,BK0428,电力行业,200539.SZ,myquant-strategy,2026-06-25
SZ300040,九洲集团,eastmoney,1,BK0428,电力行业,300040.SZ,myquant-strategy,2026-06-25
SZ900937,,eastmoney,1,BK0428,电力行业,900937.SZ,myquant-strategy,2026-06-25
SH600099,林海股份,eastmoney,1,BK0429,交运设备,600099.SH,myquant-strategy,2026-06-25
SH600495,晋西车轴,eastmoney,1,BK0429,交运设备,600495.SH,myquant-strategy,2026-06-25
SH600528,中铁工业,eastmoney,1,BK0429,交运设备,600528.SH,myquant-strategy,2026-06-25
SH600679,上海凤凰,eastmoney,1,BK0429,交运设备,600679.SH,myquant-strategy,2026-06-25
SH600818,中路股份,eastmoney,1,BK0429,交运设备,600818.SH,myquant-strategy,2026-06-25
SH600967,内蒙一机,eastmoney,1,BK0429,交运设备,600967.SH,myquant-strategy,2026-06-25
SH601766,中国中车,eastmoney,1,BK0429,交运设备,601766.SH,myquant-strategy,2026-06-25
SH603111,康尼机电,eastmoney,1,BK0429,交运设备,603111.SH,myquant-strategy,2026-06-25
SH603129,春风动力,eastmoney,1,BK0429,交运设备,603129.SH,myquant-strategy,2026-06-25
SH603500,祥和实业,eastmoney,1,BK0429,交运设备,603500.SH,myquant-strategy,2026-06-25
SH603529,爱玛科技,eastmoney,1,BK0429,交运设备,603529.SH,myquant-strategy,2026-06-25
SH603680,今创集团,eastmoney,1,BK0429,交运设备,603680.SH,myquant-strategy,2026-06-25
SH603766,隆鑫通用,eastmoney,1,BK0429,交运设备,603766.SH,myquant-strategy,2026-06-25
SH603787,新日股份,eastmoney,1,BK0429,交运设备,603787.SH,myquant-strategy,2026-06-25
SH605001,威奥股份,eastmoney,1,BK0429,交运设备,605001.SH,myquant-strategy,2026-06-25
SH605298,必得科技,eastmoney,1,BK0429,交运设备,605298.SH,myquant-strategy,2026-06-25
SH688009,中国通号,eastmoney,1,BK0429,交运设备,688009.SH,myquant-strategy,2026-06-25
SH688015,交控科技,eastmoney,1,BK0429,交运设备,688015.SH,myquant-strategy,2026-06-25
SH688187,时代电气,eastmoney,1,BK0429,交运设备,688187.SH,myquant-strategy,2026-06-25
SH688285,高铁电气,eastmoney,1,BK0429,交运设备,688285.SH,myquant-strategy,2026-06-25
SH688367,工大高科,eastmoney,1,BK0429,交运设备,688367.SH,myquant-strategy,2026-06-25
SH688459,哈铁科技,eastmoney,1,BK0429,交运设备,688459.SH,myquant-strategy,2026-06-25
SH688569,铁科轨道,eastmoney,1,BK0429,交运设备,688569.SH,myquant-strategy,2026-06-25
SH689009,九号公司-WD,eastmoney,1,BK0429,交运设备,689009.SH,myquant-strategy,2026-06-25
SZ200017,,eastmoney,1,BK0429,交运设备,200017.SZ,myquant-strategy,2026-06-25
SZ300011,鼎汉技术,eastmoney,1,BK0429,交运设备,300011.SZ,myquant-strategy,2026-06-25
SZ300351,永贵电器,eastmoney,1,BK0429,交运设备,300351.SZ,myquant-strategy,2026-06-25
SZ300462,ST华铭,eastmoney,1,BK0429,交运设备,300462.SZ,myquant-strategy,2026-06-25
SZ300594,朗进科技,eastmoney,1,BK0429,交运设备,300594.SZ,myquant-strategy,2026-06-25
SZ300851,交大思诺,eastmoney,1,BK0429,交运设备,300851.SZ,myquant-strategy,2026-06-25
SZ300906,日月明,eastmoney,1,BK0429,交运设备,300906.SZ,myquant-strategy,2026-06-25
SZ300923,研奥股份,eastmoney,1,BK0429,交运设备,300923.SZ,myquant-strategy,2026-06-25
SZ300960,通业科技,eastmoney,1,BK0429,交运设备,300960.SZ,myquant-strategy,2026-06-25
SZ300994,久祺股份,eastmoney,1,BK0429,交运设备,300994.SZ,myquant-strategy,2026-06-25
SZ301016,雷尔伟,eastmoney,1,BK0429,交运设备,301016.SZ,myquant-strategy,2026-06-25
SZ301048,金鹰重工,eastmoney,1,BK0429,交运设备,301048.SZ,myquant-strategy,2026-06-25
SZ301322,绿通科技,eastmoney,1,BK0429,交运设备,301322.SZ,myquant-strategy,2026-06-25
SZ301345,涛涛车业,eastmoney,1,BK0429,交运设备,301345.SZ,myquant-strategy,2026-06-25
SZ900915,,eastmoney,1,BK0429,交运设备,900915.SZ,myquant-strategy,2026-06-25
SZ900916,,eastmoney,1,BK0429,交运设备,900916.SZ,myquant-strategy,2026-06-25
SZ900946,,eastmoney,1,BK0429,交运设备,900946.SZ,myquant-strategy,2026-06-25
SZ920027,,eastmoney,1,BK0429,交运设备,920027.SZ,myquant-strategy,2026-06-25
SZ920058,,eastmoney,1,BK0429,交运设备,920058.SZ,myquant-strategy,2026-06-25
SZ920541,,eastmoney,1,BK0429,交运设备,920541.SZ,myquant-strategy,2026-06-25
SH600097,开创国际,eastmoney,1,BK0433,农牧饲渔,600097.SH,myquant-strategy,2026-06-25
SH600108,亚盛集团,eastmoney,1,BK0433,农牧饲渔,600108.SH,myquant-strategy,2026-06-25
SH600127,金健米业,eastmoney,1,BK0433,农牧饲渔,600127.SH,myquant-strategy,2026-06-25
SH600191,华资实业,eastmoney,1,BK0433,农牧饲渔,600191.SH,myquant-strategy,2026-06-25
SH600251,冠农股份,eastmoney,1,BK0433,农牧饲渔,600251.SH,myquant-strategy,2026-06-25
SH600257,大湖股份,eastmoney,1,BK0433,农牧饲渔,600257.SH,myquant-strategy,2026-06-25
SH600265,ST景谷,eastmoney,1,BK0433,农牧饲渔,600265.SH,myquant-strategy,2026-06-25
SH600313,农发种业,eastmoney,1,BK0433,农牧饲渔,600313.SH,myquant-strategy,2026-06-25
SH600354,敦煌种业,eastmoney,1,BK0433,农牧饲渔,600354.SH,myquant-strategy,2026-06-25
SH600359,新农开发,eastmoney,1,BK0433,农牧饲渔,600359.SH,myquant-strategy,2026-06-25
SH600371,万向德农,eastmoney,1,BK0433,农牧饲渔,600371.SH,myquant-strategy,2026-06-25
SH600467,好当家,eastmoney,1,BK0433,农牧饲渔,600467.SH,myquant-strategy,2026-06-25
SH600540,新赛股份,eastmoney,1,BK0433,农牧饲渔,600540.SH,myquant-strategy,2026-06-25
SH600598,北大荒,eastmoney,1,BK0433,农牧饲渔,600598.SH,myquant-strategy,2026-06-25
SH600883,博闻科技,eastmoney,1,BK0433,农牧饲渔,600883.SH,myquant-strategy,2026-06-25
SH600965,福成股份,eastmoney,1,BK0433,农牧饲渔,600965.SH,myquant-strategy,2026-06-25
SH600975,新五丰,eastmoney,1,BK0433,农牧饲渔,600975.SH,myquant-strategy,2026-06-25
SH601952,苏垦农发,eastmoney,1,BK0433,农牧饲渔,601952.SH,myquant-strategy,2026-06-25
SH603151,邦基科技,eastmoney,1,BK0433,农牧饲渔,603151.SH,myquant-strategy,2026-06-25
SH603182,嘉华股份,eastmoney,1,BK0433,农牧饲渔,603182.SH,myquant-strategy,2026-06-25
SH603231,索宝蛋白,eastmoney,1,BK0433,农牧饲渔,603231.SH,myquant-strategy,2026-06-25
SH603336,宏辉果蔬,eastmoney,1,BK0433,农牧饲渔,603336.SH,myquant-strategy,2026-06-25
SH603363,傲农生物,eastmoney,1,BK0433,农牧饲渔,603363.SH,myquant-strategy,2026-06-25
SH603477,巨星农牧,eastmoney,1,BK0433,农牧饲渔,603477.SH,myquant-strategy,2026-06-25
SH603609,禾丰股份,eastmoney,1,BK0433,农牧饲渔,603609.SH,myquant-strategy,2026-06-25
SH603668,天马科技,eastmoney,1,BK0433,农牧饲渔,603668.SH,myquant-strategy,2026-06-25
SH603717,天域生物,eastmoney,1,BK0433,农牧饲渔,603717.SH,myquant-strategy,2026-06-25
SH603739,蔚蓝生物,eastmoney,1,BK0433,农牧饲渔,603739.SH,myquant-strategy,2026-06-25
SH605296,神农集团,eastmoney,1,BK0433,农牧饲渔,605296.SH,myquant-strategy,2026-06-25
SH688156,路德科技,eastmoney,1,BK0433,农牧饲渔,688156.SH,myquant-strategy,2026-06-25
SZ200505,,eastmoney,1,BK0433,农牧饲渔,200505.SZ,myquant-strategy,2026-06-25
SZ200992,,eastmoney,1,BK0433,农牧饲渔,200992.SZ,myquant-strategy,2026-06-25
SZ300021,大禹节水,eastmoney,1,BK0433,农牧饲渔,300021.SZ,myquant-strategy,2026-06-25
SZ300087,荃银高科,eastmoney,1,BK0433,农牧饲渔,300087.SZ,myquant-strategy,2026-06-25
SZ300138,晨光生物,eastmoney,1,BK0433,农牧饲渔,300138.SZ,myquant-strategy,2026-06-25
SZ300175,ST朗源,eastmoney,1,BK0433,农牧饲渔,300175.SZ,myquant-strategy,2026-06-25
SZ300189,神农种业,eastmoney,1,BK0433,农牧饲渔,300189.SZ,myquant-strategy,2026-06-25
SZ300268,*ST佳沃,eastmoney,1,BK0433,农牧饲渔,300268.SZ,myquant-strategy,2026-06-25
SZ300313,*ST天山,eastmoney,1,BK0433,农牧饲渔,300313.SZ,myquant-strategy,2026-06-25
SZ300498,温氏股份,eastmoney,1,BK0433,农牧饲渔,300498.SZ,myquant-strategy,2026-06-25
SZ300511,雪榕生物,eastmoney,1,BK0433,农牧饲渔,300511.SZ,myquant-strategy,2026-06-25
SZ300673,佩蒂股份,eastmoney,1,BK0433,农牧饲渔,300673.SZ,myquant-strategy,2026-06-25
SZ300761,立华股份,eastmoney,1,BK0433,农牧饲渔,300761.SZ,myquant-strategy,2026-06-25
SZ300967,晓鸣股份,eastmoney,1,BK0433,农牧饲渔,300967.SZ,myquant-strategy,2026-06-25
SZ300970,华绿生物,eastmoney,1,BK0433,农牧饲渔,300970.SZ,myquant-strategy,2026-06-25
SZ300972,万辰集团,eastmoney,1,BK0433,农牧饲渔,300972.SZ,myquant-strategy,2026-06-25
SZ301156,美农生物,eastmoney,1,BK0433,农牧饲渔,301156.SZ,myquant-strategy,2026-06-25
SZ301498,乖宝宠物,eastmoney,1,BK0433,农牧饲渔,301498.SZ,myquant-strategy,2026-06-25
SZ920087,,eastmoney,1,BK0433,农牧饲渔,920087.SZ,myquant-strategy,2026-06-25
SZ920275,,eastmoney,1,BK0433,农牧饲渔,920275.SZ,myquant-strategy,2026-06-25
SZ920371,,eastmoney,1,BK0433,农牧饲渔,920371.SZ,myquant-strategy,2026-06-25
SZ920403,,eastmoney,1,BK0433,农牧饲渔,920403.SZ,myquant-strategy,2026-06-25
SZ920419,,eastmoney,1,BK0433,农牧饲渔,920419.SZ,myquant-strategy,2026-06-25
SZ920970,,eastmoney,1,BK0433,农牧饲渔,920970.SZ,myquant-strategy,2026-06-25
SH600107,ST尔雅,eastmoney,1,BK0436,纺织服装,600107.SH,myquant-strategy,2026-06-25
SH600137,浪莎股份,eastmoney,1,BK0436,纺织服装,600137.SH,myquant-strategy,2026-06-25
SH600156,华升股份,eastmoney,1,BK0436,纺织服装,600156.SH,myquant-strategy,2026-06-25
SH600177,雅戈尔,eastmoney,1,BK0436,纺织服装,600177.SH,myquant-strategy,2026-06-25
SH600232,金鹰股份,eastmoney,1,BK0436,纺织服装,600232.SH,myquant-strategy,2026-06-25
SH600398,海澜之家,eastmoney,1,BK0436,纺织服装,600398.SH,myquant-strategy,2026-06-25
SH600400,红豆股份,eastmoney,1,BK0436,纺织服装,600400.SH,myquant-strategy,2026-06-25
SH600448,华纺股份,eastmoney,1,BK0436,纺织服装,600448.SH,myquant-strategy,2026-06-25
SH600493,凤竹纺织,eastmoney,1,BK0436,纺织服装,600493.SH,myquant-strategy,2026-06-25
SH600630,龙头股份,eastmoney,1,BK0436,纺织服装,600630.SH,myquant-strategy,2026-06-25
SH600689,上海三毛,eastmoney,1,BK0436,纺织服装,600689.SH,myquant-strategy,2026-06-25
SH600735,ST新华锦,eastmoney,1,BK0436,纺织服装,600735.SH,myquant-strategy,2026-06-25
SH600987,航民股份,eastmoney,1,BK0436,纺织服装,600987.SH,myquant-strategy,2026-06-25
SH601339,百隆东方,eastmoney,1,BK0436,纺织服装,601339.SH,myquant-strategy,2026-06-25
SH601566,九牧王,eastmoney,1,BK0436,纺织服装,601566.SH,myquant-strategy,2026-06-25
SH601599,浙文影业,eastmoney,1,BK0436,纺织服装,601599.SH,myquant-strategy,2026-06-25
SH601718,际华集团,eastmoney,1,BK0436,纺织服装,601718.SH,myquant-strategy,2026-06-25
SH603001,奥康国际,eastmoney,1,BK0436,纺织服装,603001.SH,myquant-strategy,2026-06-25
SH603055,台华新材,eastmoney,1,BK0436,纺织服装,603055.SH,myquant-strategy,2026-06-25
SH603073,彩蝶实业,eastmoney,1,BK0436,纺织服装,603073.SH,myquant-strategy,2026-06-25
SH603116,红蜻蜓,eastmoney,1,BK0436,纺织服装,603116.SH,myquant-strategy,2026-06-25
SH603130,云中马,eastmoney,1,BK0436,纺织服装,603130.SH,myquant-strategy,2026-06-25
SH603196,日播时尚,eastmoney,1,BK0436,纺织服装,603196.SH,myquant-strategy,2026-06-25
SH603307,扬州金泉,eastmoney,1,BK0436,纺织服装,603307.SH,myquant-strategy,2026-06-25
SH603365,水星家纺,eastmoney,1,BK0436,纺织服装,603365.SH,myquant-strategy,2026-06-25
SH603511,爱慕股份,eastmoney,1,BK0436,纺织服装,603511.SH,myquant-strategy,2026-06-25
SH603518,锦泓集团,eastmoney,1,BK0436,纺织服装,603518.SH,myquant-strategy,2026-06-25
SH603557,ST起步,eastmoney,1,BK0436,纺织服装,603557.SH,myquant-strategy,2026-06-25
SH603558,健盛集团,eastmoney,1,BK0436,纺织服装,603558.SH,myquant-strategy,2026-06-25
SH603587,地素时尚,eastmoney,1,BK0436,纺织服装,603587.SH,myquant-strategy,2026-06-25
SH603608,天创时尚,eastmoney,1,BK0436,纺织服装,603608.SH,myquant-strategy,2026-06-25
SH603665,康隆达,eastmoney,1,BK0436,纺织服装,603665.SH,myquant-strategy,2026-06-25
SH603808,歌力思,eastmoney,1,BK0436,纺织服装,603808.SH,myquant-strategy,2026-06-25
SH603839,安正时尚,eastmoney,1,BK0436,纺织服装,603839.SH,myquant-strategy,2026-06-25
SH603877,太平鸟,eastmoney,1,BK0436,纺织服装,603877.SH,myquant-strategy,2026-06-25
SH603889,新澳股份,eastmoney,1,BK0436,纺织服装,603889.SH,myquant-strategy,2026-06-25
SH603908,牧高笛,eastmoney,1,BK0436,纺织服装,603908.SH,myquant-strategy,2026-06-25
SH603958,哈森股份,eastmoney,1,BK0436,纺织服装,603958.SH,myquant-strategy,2026-06-25
SH605003,众望布艺,eastmoney,1,BK0436,纺织服装,605003.SH,myquant-strategy,2026-06-25
SH605055,迎丰股份,eastmoney,1,BK0436,纺织服装,605055.SH,myquant-strategy,2026-06-25
SH605080,浙江自然,eastmoney,1,BK0436,纺织服装,605080.SH,myquant-strategy,2026-06-25
SH605138,盛泰集团,eastmoney,1,BK0436,纺织服装,605138.SH,myquant-strategy,2026-06-25
SH605180,华生科技,eastmoney,1,BK0436,纺织服装,605180.SH,myquant-strategy,2026-06-25
SH605189,富春染织,eastmoney,1,BK0436,纺织服装,605189.SH,myquant-strategy,2026-06-25
SZ200726,,eastmoney,1,BK0436,纺织服装,200726.SZ,myquant-strategy,2026-06-25
SZ300005,探路者,eastmoney,1,BK0436,纺织服装,300005.SZ,myquant-strategy,2026-06-25
SZ300577,开润股份,eastmoney,1,BK0436,纺织服装,300577.SZ,myquant-strategy,2026-06-25
SZ300591,万里马,eastmoney,1,BK0436,纺织服装,300591.SZ,myquant-strategy,2026-06-25
SZ300819,聚杰微纤,eastmoney,1,BK0436,纺织服装,300819.SZ,myquant-strategy,2026-06-25
SZ300840,酷特智能,eastmoney,1,BK0436,纺织服装,300840.SZ,myquant-strategy,2026-06-25
SZ300877,金春股份,eastmoney,1,BK0436,纺织服装,300877.SZ,myquant-strategy,2026-06-25
SZ300901,中胤时尚,eastmoney,1,BK0436,纺织服装,300901.SZ,myquant-strategy,2026-06-25
SZ300918,南山智尚,eastmoney,1,BK0436,纺织服装,300918.SZ,myquant-strategy,2026-06-25
SZ300952,恒辉安防,eastmoney,1,BK0436,纺织服装,300952.SZ,myquant-strategy,2026-06-25
SZ300979,华利集团,eastmoney,1,BK0436,纺织服装,300979.SZ,myquant-strategy,2026-06-25
SZ301066,万事利,eastmoney,1,BK0436,纺织服装,301066.SZ,myquant-strategy,2026-06-25
SZ301088,戎美股份,eastmoney,1,BK0436,纺织服装,301088.SZ,myquant-strategy,2026-06-25
SZ301276,嘉曼服饰,eastmoney,1,BK0436,纺织服装,301276.SZ,myquant-strategy,2026-06-25
SZ900922,,eastmoney,1,BK0436,纺织服装,900922.SZ,myquant-strategy,2026-06-25
SZ920262,,eastmoney,1,BK0436,纺织服装,920262.SZ,myquant-strategy,2026-06-25
SH600121,郑州煤电,eastmoney,1,BK0437,煤炭行业,600121.SH,myquant-strategy,2026-06-25
SH600123,兰花科创,eastmoney,1,BK0437,煤炭行业,600123.SH,myquant-strategy,2026-06-25
SH600188,兖矿能源,eastmoney,1,BK0437,煤炭行业,600188.SH,myquant-strategy,2026-06-25
SH600348,华阳股份,eastmoney,1,BK0437,煤炭行业,600348.SH,myquant-strategy,2026-06-25
SH600395,盘江股份,eastmoney,1,BK0437,煤炭行业,600395.SH,myquant-strategy,2026-06-25
SH600403,大有能源,eastmoney,1,BK0437,煤炭行业,600403.SH,myquant-strategy,2026-06-25
SH600408,安泰集团,eastmoney,1,BK0437,煤炭行业,600408.SH,myquant-strategy,2026-06-25
SH600508,上海能源,eastmoney,1,BK0437,煤炭行业,600508.SH,myquant-strategy,2026-06-25
SH600546,山煤国际,eastmoney,1,BK0437,煤炭行业,600546.SH,myquant-strategy,2026-06-25
SH600725,云维股份,eastmoney,1,BK0437,煤炭行业,600725.SH,myquant-strategy,2026-06-25
SH600740,山西焦化,eastmoney,1,BK0437,煤炭行业,600740.SH,myquant-strategy,2026-06-25
SH600758,辽宁能源,eastmoney,1,BK0437,煤炭行业,600758.SH,myquant-strategy,2026-06-25
SH600792,云煤能源,eastmoney,1,BK0437,煤炭行业,600792.SH,myquant-strategy,2026-06-25
SH600925,苏能股份,eastmoney,1,BK0437,煤炭行业,600925.SH,myquant-strategy,2026-06-25
SH600971,恒源煤电,eastmoney,1,BK0437,煤炭行业,600971.SH,myquant-strategy,2026-06-25
SH600985,淮北矿业,eastmoney,1,BK0437,煤炭行业,600985.SH,myquant-strategy,2026-06-25
SH600997,开滦股份,eastmoney,1,BK0437,煤炭行业,600997.SH,myquant-strategy,2026-06-25
SH601001,晋控煤业,eastmoney,1,BK0437,煤炭行业,601001.SH,myquant-strategy,2026-06-25
SH601011,宝泰隆,eastmoney,1,BK0437,煤炭行业,601011.SH,myquant-strategy,2026-06-25
SH601015,陕西黑猫,eastmoney,1,BK0437,煤炭行业,601015.SH,myquant-strategy,2026-06-25
SH601088,中国神华,eastmoney,1,BK0437,煤炭行业,601088.SH,myquant-strategy,2026-06-25
SH601101,昊华能源,eastmoney,1,BK0437,煤炭行业,601101.SH,myquant-strategy,2026-06-25
SH601225,陕西煤业,eastmoney,1,BK0437,煤炭行业,601225.SH,myquant-strategy,2026-06-25
SH601666,平煤股份,eastmoney,1,BK0437,煤炭行业,601666.SH,myquant-strategy,2026-06-25
SH601699,潞安环能,eastmoney,1,BK0437,煤炭行业,601699.SH,myquant-strategy,2026-06-25
SH601898,中煤能源,eastmoney,1,BK0437,煤炭行业,601898.SH,myquant-strategy,2026-06-25
SH601918,XD新集能,eastmoney,1,BK0437,煤炭行业,601918.SH,myquant-strategy,2026-06-25
SZ900948,,eastmoney,1,BK0437,煤炭行业,900948.SZ,myquant-strategy,2026-06-25
SH600073,光明肉业,eastmoney,1,BK0438,食品饮料,600073.SH,myquant-strategy,2026-06-25
SH600186,莲花控股,eastmoney,1,BK0438,食品饮料,600186.SH,myquant-strategy,2026-06-25
SH600189,泉阳泉,eastmoney,1,BK0438,食品饮料,600189.SH,myquant-strategy,2026-06-25
SH600298,安琪酵母,eastmoney,1,BK0438,食品饮料,600298.SH,myquant-strategy,2026-06-25
SH600300,维维股份,eastmoney,1,BK0438,食品饮料,600300.SH,myquant-strategy,2026-06-25
SH600305,恒顺醋业,eastmoney,1,BK0438,食品饮料,600305.SH,myquant-strategy,2026-06-25
SH600381,*ST春天,eastmoney,1,BK0438,食品饮料,600381.SH,myquant-strategy,2026-06-25
SH600419,天润乳业,eastmoney,1,BK0438,食品饮料,600419.SH,myquant-strategy,2026-06-25
SH600429,三元股份,eastmoney,1,BK0438,食品饮料,600429.SH,myquant-strategy,2026-06-25
SH600530,交大昂立,eastmoney,1,BK0438,食品饮料,600530.SH,myquant-strategy,2026-06-25
SH600597,光明乳业,eastmoney,1,BK0438,食品饮料,600597.SH,myquant-strategy,2026-06-25
SH600737,中粮糖业,eastmoney,1,BK0438,食品饮料,600737.SH,myquant-strategy,2026-06-25
SH600872,中炬高新,eastmoney,1,BK0438,食品饮料,600872.SH,myquant-strategy,2026-06-25
SH600882,妙可蓝多,eastmoney,1,BK0438,食品饮料,600882.SH,myquant-strategy,2026-06-25
SH600887,伊利股份,eastmoney,1,BK0438,食品饮料,600887.SH,myquant-strategy,2026-06-25
SH600962,国投中鲁,eastmoney,1,BK0438,食品饮料,600962.SH,myquant-strategy,2026-06-25
SH603020,爱普股份,eastmoney,1,BK0438,食品饮料,603020.SH,myquant-strategy,2026-06-25
SH603027,千禾味业,eastmoney,1,BK0438,食品饮料,603027.SH,myquant-strategy,2026-06-25
SH603043,广州酒家,eastmoney,1,BK0438,食品饮料,603043.SH,myquant-strategy,2026-06-25
SH603057,紫燕食品,eastmoney,1,BK0438,食品饮料,603057.SH,myquant-strategy,2026-06-25
SH603102,百合股份,eastmoney,1,BK0438,食品饮料,603102.SH,myquant-strategy,2026-06-25
SH603156,养元饮品,eastmoney,1,BK0438,食品饮料,603156.SH,myquant-strategy,2026-06-25
SH603170,宝立食品,eastmoney,1,BK0438,食品饮料,603170.SH,myquant-strategy,2026-06-25
SH603235,天新药业,eastmoney,1,BK0438,食品饮料,603235.SH,myquant-strategy,2026-06-25
SH603237,五芳斋,eastmoney,1,BK0438,食品饮料,603237.SH,myquant-strategy,2026-06-25
SH603262,技源集团,eastmoney,1,BK0438,食品饮料,603262.SH,myquant-strategy,2026-06-25
SH603288,XD海天味,eastmoney,1,BK0438,食品饮料,603288.SH,myquant-strategy,2026-06-25
SH603317,天味食品,eastmoney,1,BK0438,食品饮料,603317.SH,myquant-strategy,2026-06-25
SH603345,安井食品,eastmoney,1,BK0438,食品饮料,603345.SH,myquant-strategy,2026-06-25
SH603517,ST绝味,eastmoney,1,BK0438,食品饮料,603517.SH,myquant-strategy,2026-06-25
SH603536,惠发食品,eastmoney,1,BK0438,食品饮料,603536.SH,myquant-strategy,2026-06-25
SH603696,安记食品,eastmoney,1,BK0438,食品饮料,603696.SH,myquant-strategy,2026-06-25
SH603697,有友食品,eastmoney,1,BK0438,食品饮料,603697.SH,myquant-strategy,2026-06-25
SH603711,香飘飘,eastmoney,1,BK0438,食品饮料,603711.SH,myquant-strategy,2026-06-25
SH603719,良品铺子,eastmoney,1,BK0438,食品饮料,603719.SH,myquant-strategy,2026-06-25
SH603755,日辰股份,eastmoney,1,BK0438,食品饮料,603755.SH,myquant-strategy,2026-06-25
SH603777,来伊份,eastmoney,1,BK0438,食品饮料,603777.SH,myquant-strategy,2026-06-25
SH603866,桃李面包,eastmoney,1,BK0438,食品饮料,603866.SH,myquant-strategy,2026-06-25
SH603886,元祖股份,eastmoney,1,BK0438,食品饮料,603886.SH,myquant-strategy,2026-06-25
SH605016,百龙创园,eastmoney,1,BK0438,食品饮料,605016.SH,myquant-strategy,2026-06-25
SH605077,华康股份,eastmoney,1,BK0438,食品饮料,605077.SH,myquant-strategy,2026-06-25
SH605089,味知香,eastmoney,1,BK0438,食品饮料,605089.SH,myquant-strategy,2026-06-25
SH605179,一鸣食品,eastmoney,1,BK0438,食品饮料,605179.SH,myquant-strategy,2026-06-25
SH605198,安德利,eastmoney,1,BK0438,食品饮料,605198.SH,myquant-strategy,2026-06-25
SH605300,佳禾食品,eastmoney,1,BK0438,食品饮料,605300.SH,myquant-strategy,2026-06-25
SH605337,李子园,eastmoney,1,BK0438,食品饮料,605337.SH,myquant-strategy,2026-06-25
SH605338,巴比食品,eastmoney,1,BK0438,食品饮料,605338.SH,myquant-strategy,2026-06-25
SH605339,南侨食品,eastmoney,1,BK0438,食品饮料,605339.SH,myquant-strategy,2026-06-25
SH605388,均瑶健康,eastmoney,1,BK0438,食品饮料,605388.SH,myquant-strategy,2026-06-25
SH605499,东鹏饮料,eastmoney,1,BK0438,食品饮料,605499.SH,myquant-strategy,2026-06-25
SH605567,春雪食品,eastmoney,1,BK0438,食品饮料,605567.SH,myquant-strategy,2026-06-25
SH688089,嘉必优,eastmoney,1,BK0438,食品饮料,688089.SH,myquant-strategy,2026-06-25
SZ200019,,eastmoney,1,BK0438,食品饮料,200019.SZ,myquant-strategy,2026-06-25
SZ300094,国联水产,eastmoney,1,BK0438,食品饮料,300094.SZ,myquant-strategy,2026-06-25
SZ300106,西部牧业,eastmoney,1,BK0438,食品饮料,300106.SZ,myquant-strategy,2026-06-25
SZ300146,汤臣倍健,eastmoney,1,BK0438,食品饮料,300146.SZ,myquant-strategy,2026-06-25
SZ300741,华宝股份,eastmoney,1,BK0438,食品饮料,300741.SZ,myquant-strategy,2026-06-25
SZ300765,新诺威,eastmoney,1,BK0438,食品饮料,300765.SZ,myquant-strategy,2026-06-25
SZ300783,三只松鼠,eastmoney,1,BK0438,食品饮料,300783.SZ,myquant-strategy,2026-06-25
SZ300791,仙乐健康,eastmoney,1,BK0438,食品饮料,300791.SZ,myquant-strategy,2026-06-25
SZ300829,金丹科技,eastmoney,1,BK0438,食品饮料,300829.SZ,myquant-strategy,2026-06-25
SZ300858,科拓生物,eastmoney,1,BK0438,食品饮料,300858.SZ,myquant-strategy,2026-06-25
SZ300892,品渥食品,eastmoney,1,BK0438,食品饮料,300892.SZ,myquant-strategy,2026-06-25
SZ300898,熊猫乳品,eastmoney,1,BK0438,食品饮料,300898.SZ,myquant-strategy,2026-06-25
SZ300908,仲景食品,eastmoney,1,BK0438,食品饮料,300908.SZ,myquant-strategy,2026-06-25
SZ300915,海融科技,eastmoney,1,BK0438,食品饮料,300915.SZ,myquant-strategy,2026-06-25
SZ300973,立高食品,eastmoney,1,BK0438,食品饮料,300973.SZ,myquant-strategy,2026-06-25
SZ300997,欢乐家,eastmoney,1,BK0438,食品饮料,300997.SZ,myquant-strategy,2026-06-25
SZ300999,金龙鱼,eastmoney,1,BK0438,食品饮料,300999.SZ,myquant-strategy,2026-06-25
SZ301116,益客食品,eastmoney,1,BK0438,食品饮料,301116.SZ,myquant-strategy,2026-06-25
SZ301206,三元生物,eastmoney,1,BK0438,食品饮料,301206.SZ,myquant-strategy,2026-06-25
SZ920023,,eastmoney,1,BK0438,食品饮料,920023.SZ,myquant-strategy,2026-06-25
SZ920273,,eastmoney,1,BK0438,食品饮料,920273.SZ,myquant-strategy,2026-06-25
SZ920422,,eastmoney,1,BK0438,食品饮料,920422.SZ,myquant-strategy,2026-06-25
SZ920429,,eastmoney,1,BK0438,食品饮料,920429.SZ,myquant-strategy,2026-06-25
SZ920726,,eastmoney,1,BK0438,食品饮料,920726.SZ,myquant-strategy,2026-06-25
SZ920786,,eastmoney,1,BK0438,食品饮料,920786.SZ,myquant-strategy,2026-06-25
SZ920826,,eastmoney,1,BK0438,食品饮料,920826.SZ,myquant-strategy,2026-06-25
SH600439,瑞贝卡,eastmoney,1,BK0440,家用轻工,600439.SH,myquant-strategy,2026-06-25
SH603091,众鑫股份,eastmoney,1,BK0440,家用轻工,603091.SH,myquant-strategy,2026-06-25
SH603195,公牛集团,eastmoney,1,BK0440,家用轻工,603195.SH,myquant-strategy,2026-06-25
SH603848,好太太,eastmoney,1,BK0440,家用轻工,603848.SH,myquant-strategy,2026-06-25
SH603899,晨光股份,eastmoney,1,BK0440,家用轻工,603899.SH,myquant-strategy,2026-06-25
SH605099,共创草坪,eastmoney,1,BK0440,家用轻工,605099.SH,myquant-strategy,2026-06-25
SH605155,西大门,eastmoney,1,BK0440,家用轻工,605155.SH,myquant-strategy,2026-06-25
SH605268,王力安防,eastmoney,1,BK0440,家用轻工,605268.SH,myquant-strategy,2026-06-25
SH605299,舒华体育,eastmoney,1,BK0440,家用轻工,605299.SH,myquant-strategy,2026-06-25
SZ300163,先锋新材,eastmoney,1,BK0440,家用轻工,300163.SZ,myquant-strategy,2026-06-25
SZ300329,海伦钢琴,eastmoney,1,BK0440,家用轻工,300329.SZ,myquant-strategy,2026-06-25
SZ300640,德艺文创,eastmoney,1,BK0440,家用轻工,300640.SZ,myquant-strategy,2026-06-25
SZ300651,金陵体育,eastmoney,1,BK0440,家用轻工,300651.SZ,myquant-strategy,2026-06-25
SZ300703,创源股份,eastmoney,1,BK0440,家用轻工,300703.SZ,myquant-strategy,2026-06-25
SZ300729,乐歌股份,eastmoney,1,BK0440,家用轻工,300729.SZ,myquant-strategy,2026-06-25
SZ300993,玉马科技,eastmoney,1,BK0440,家用轻工,300993.SZ,myquant-strategy,2026-06-25
SZ301004,嘉益股份,eastmoney,1,BK0440,家用轻工,301004.SZ,myquant-strategy,2026-06-25
SZ301101,明月镜片,eastmoney,1,BK0440,家用轻工,301101.SZ,myquant-strategy,2026-06-25
SZ301287,康力源,eastmoney,1,BK0440,家用轻工,301287.SZ,myquant-strategy,2026-06-25
SZ301335,天元宠物,eastmoney,1,BK0440,家用轻工,301335.SZ,myquant-strategy,2026-06-25
SZ301336,趣睡科技,eastmoney,1,BK0440,家用轻工,301336.SZ,myquant-strategy,2026-06-25
SZ301376,致欧科技,eastmoney,1,BK0440,家用轻工,301376.SZ,myquant-strategy,2026-06-25
SZ301501,恒鑫生活,eastmoney,1,BK0440,家用轻工,301501.SZ,myquant-strategy,2026-06-25
SZ301575,艾芬达,eastmoney,1,BK0440,家用轻工,301575.SZ,myquant-strategy,2026-06-25
SZ301588,美新科技,eastmoney,1,BK0440,家用轻工,301588.SZ,myquant-strategy,2026-06-25
SZ301595,太力科技,eastmoney,1,BK0440,家用轻工,301595.SZ,myquant-strategy,2026-06-25
SZ920132,,eastmoney,1,BK0440,家用轻工,920132.SZ,myquant-strategy,2026-06-25
SZ920445,,eastmoney,1,BK0440,家用轻工,920445.SZ,myquant-strategy,2026-06-25
SH600131,国网信通,eastmoney,1,BK0447,互联网服务,600131.SH,myquant-strategy,2026-06-25
SH600228,*ST返利,eastmoney,1,BK0447,互联网服务,600228.SH,myquant-strategy,2026-06-25
SH600271,航天信息,eastmoney,1,BK0447,互联网服务,600271.SH,myquant-strategy,2026-06-25
SH600358,ST联合,eastmoney,1,BK0447,互联网服务,600358.SH,myquant-strategy,2026-06-25
SH600410,华胜天成,eastmoney,1,BK0447,互联网服务,600410.SH,myquant-strategy,2026-06-25
SH600446,金证股份,eastmoney,1,BK0447,互联网服务,600446.SH,myquant-strategy,2026-06-25
SH600571,信雅达,eastmoney,1,BK0447,互联网服务,600571.SH,myquant-strategy,2026-06-25
SH600589,大位科技,eastmoney,1,BK0447,互联网服务,600589.SH,myquant-strategy,2026-06-25
SH600718,东软集团,eastmoney,1,BK0447,互联网服务,600718.SH,myquant-strategy,2026-06-25
SH600734,实达集团,eastmoney,1,BK0447,互联网服务,600734.SH,myquant-strategy,2026-06-25
SH600756,浪潮软件,eastmoney,1,BK0447,互联网服务,600756.SH,myquant-strategy,2026-06-25
SH600797,浙大网新,eastmoney,1,BK0447,互联网服务,600797.SH,myquant-strategy,2026-06-25
SH600845,宝信软件,eastmoney,1,BK0447,互联网服务,600845.SH,myquant-strategy,2026-06-25
SH600850,电科数字,eastmoney,1,BK0447,互联网服务,600850.SH,myquant-strategy,2026-06-25
SH603171,税友股份,eastmoney,1,BK0447,互联网服务,603171.SH,myquant-strategy,2026-06-25
SH603496,恒为科技,eastmoney,1,BK0447,互联网服务,603496.SH,myquant-strategy,2026-06-25
SH603613,国联股份,eastmoney,1,BK0447,互联网服务,603613.SH,myquant-strategy,2026-06-25
SH603636,南威软件,eastmoney,1,BK0447,互联网服务,603636.SH,myquant-strategy,2026-06-25
SH603869,ST智知,eastmoney,1,BK0447,互联网服务,603869.SH,myquant-strategy,2026-06-25
SH603881,数据港,eastmoney,1,BK0447,互联网服务,603881.SH,myquant-strategy,2026-06-25
SH603887,城地香江,eastmoney,1,BK0447,互联网服务,603887.SH,myquant-strategy,2026-06-25
SH603918,金桥信息,eastmoney,1,BK0447,互联网服务,603918.SH,myquant-strategy,2026-06-25
SH605398,新炬网络,eastmoney,1,BK0447,互联网服务,605398.SH,myquant-strategy,2026-06-25
SH688004,博汇科技,eastmoney,1,BK0447,互联网服务,688004.SH,myquant-strategy,2026-06-25
SH688039,当虹科技,eastmoney,1,BK0447,互联网服务,688039.SH,myquant-strategy,2026-06-25
SH688051,佳华科技,eastmoney,1,BK0447,互联网服务,688051.SH,myquant-strategy,2026-06-25
SH688088,虹软科技,eastmoney,1,BK0447,互联网服务,688088.SH,myquant-strategy,2026-06-25
SH688158,优刻得-W,eastmoney,1,BK0447,互联网服务,688158.SH,myquant-strategy,2026-06-25
SH688228,开普云,eastmoney,1,BK0447,互联网服务,688228.SH,myquant-strategy,2026-06-25
SH688229,博睿数据,eastmoney,1,BK0447,互联网服务,688229.SH,myquant-strategy,2026-06-25
SH688258,卓易信息,eastmoney,1,BK0447,互联网服务,688258.SH,myquant-strategy,2026-06-25
SH688292,浩瀚深度,eastmoney,1,BK0447,互联网服务,688292.SH,myquant-strategy,2026-06-25
SH688316,青云科技-U,eastmoney,1,BK0447,互联网服务,688316.SH,myquant-strategy,2026-06-25
SH688365,光云科技,eastmoney,1,BK0447,互联网服务,688365.SH,myquant-strategy,2026-06-25
SH688500,慧辰股份,eastmoney,1,BK0447,互联网服务,688500.SH,myquant-strategy,2026-06-25
SH688509,正元地信,eastmoney,1,BK0447,互联网服务,688509.SH,myquant-strategy,2026-06-25
SH688562,航天软件,eastmoney,1,BK0447,互联网服务,688562.SH,myquant-strategy,2026-06-25
SH688568,中科星图,eastmoney,1,BK0447,互联网服务,688568.SH,myquant-strategy,2026-06-25
SH688619,罗普特,eastmoney,1,BK0447,互联网服务,688619.SH,myquant-strategy,2026-06-25
SH688636,智明达,eastmoney,1,BK0447,互联网服务,688636.SH,myquant-strategy,2026-06-25
SH688787,海天瑞声,eastmoney,1,BK0447,互联网服务,688787.SH,myquant-strategy,2026-06-25
SZ200045,,eastmoney,1,BK0447,互联网服务,200045.SZ,myquant-strategy,2026-06-25
SZ300017,网宿科技,eastmoney,1,BK0447,互联网服务,300017.SZ,myquant-strategy,2026-06-25
SZ300020,ST银江,eastmoney,1,BK0447,互联网服务,300020.SZ,myquant-strategy,2026-06-25
SZ300044,ST赛为,eastmoney,1,BK0447,互联网服务,300044.SZ,myquant-strategy,2026-06-25
SZ300059,东方财富,eastmoney,1,BK0447,互联网服务,300059.SZ,myquant-strategy,2026-06-25
SZ300078,思创智联,eastmoney,1,BK0447,互联网服务,300078.SZ,myquant-strategy,2026-06-25
SZ300079,数码视讯,eastmoney,1,BK0447,互联网服务,300079.SZ,myquant-strategy,2026-06-25
SZ300096,ST易联众,eastmoney,1,BK0447,互联网服务,300096.SZ,myquant-strategy,2026-06-25
SZ300150,世纪瑞尔,eastmoney,1,BK0447,互联网服务,300150.SZ,myquant-strategy,2026-06-25
SZ300166,东方国信,eastmoney,1,BK0447,互联网服务,300166.SZ,myquant-strategy,2026-06-25
SZ300167,ST迪威迅,eastmoney,1,BK0447,互联网服务,300167.SZ,myquant-strategy,2026-06-25
SZ300168,万达信息,eastmoney,1,BK0447,互联网服务,300168.SZ,myquant-strategy,2026-06-25
SZ300170,汉得信息,eastmoney,1,BK0447,互联网服务,300170.SZ,myquant-strategy,2026-06-25
SZ300209,有棵树,eastmoney,1,BK0447,互联网服务,300209.SZ,myquant-strategy,2026-06-25
SZ300212,易华录,eastmoney,1,BK0447,互联网服务,300212.SZ,myquant-strategy,2026-06-25
SZ300226,上海钢联,eastmoney,1,BK0447,互联网服务,300226.SZ,myquant-strategy,2026-06-25
SZ300231,银信科技,eastmoney,1,BK0447,互联网服务,300231.SZ,myquant-strategy,2026-06-25
SZ300245,天玑科技,eastmoney,1,BK0447,互联网服务,300245.SZ,myquant-strategy,2026-06-25
SZ300248,新开普,eastmoney,1,BK0447,互联网服务,300248.SZ,myquant-strategy,2026-06-25
SZ300250,初灵信息,eastmoney,1,BK0447,互联网服务,300250.SZ,myquant-strategy,2026-06-25
SZ300264,佳创视讯,eastmoney,1,BK0447,互联网服务,300264.SZ,myquant-strategy,2026-06-25
SZ300269,联建光电,eastmoney,1,BK0447,互联网服务,300269.SZ,myquant-strategy,2026-06-25
SZ300271,华宇软件,eastmoney,1,BK0447,互联网服务,300271.SZ,myquant-strategy,2026-06-25
SZ300277,海联讯,eastmoney,1,BK0447,互联网服务,300277.SZ,myquant-strategy,2026-06-25
SZ300287,飞利信,eastmoney,1,BK0447,互联网服务,300287.SZ,myquant-strategy,2026-06-25
SZ300288,朗玛信息,eastmoney,1,BK0447,互联网服务,300288.SZ,myquant-strategy,2026-06-25
SZ300290,荣科科技,eastmoney,1,BK0447,互联网服务,300290.SZ,myquant-strategy,2026-06-25
SZ300295,三六五网,eastmoney,1,BK0447,互联网服务,300295.SZ,myquant-strategy,2026-06-25
SZ300300,海峡创新,eastmoney,1,BK0447,互联网服务,300300.SZ,myquant-strategy,2026-06-25
SZ300324,旋极信息,eastmoney,1,BK0447,互联网服务,300324.SZ,myquant-strategy,2026-06-25
SZ300383,光环新网,eastmoney,1,BK0447,互联网服务,300383.SZ,myquant-strategy,2026-06-25
SZ300399,天利科技,eastmoney,1,BK0447,互联网服务,300399.SZ,myquant-strategy,2026-06-25
SZ300418,昆仑万维,eastmoney,1,BK0447,互联网服务,300418.SZ,myquant-strategy,2026-06-25
SZ300419,ST浩丰,eastmoney,1,BK0447,互联网服务,300419.SZ,myquant-strategy,2026-06-25
SZ300440,运达科技,eastmoney,1,BK0447,互联网服务,300440.SZ,myquant-strategy,2026-06-25
SZ300442,润泽科技,eastmoney,1,BK0447,互联网服务,300442.SZ,myquant-strategy,2026-06-25
SZ300448,浩云科技,eastmoney,1,BK0447,互联网服务,300448.SZ,myquant-strategy,2026-06-25
SZ300464,星徽股份,eastmoney,1,BK0447,互联网服务,300464.SZ,myquant-strategy,2026-06-25
SZ300496,中科创达,eastmoney,1,BK0447,互联网服务,300496.SZ,myquant-strategy,2026-06-25
SZ300508,维宏股份,eastmoney,1,BK0447,互联网服务,300508.SZ,myquant-strategy,2026-06-25
SZ300518,新迅达,eastmoney,1,BK0447,互联网服务,300518.SZ,myquant-strategy,2026-06-25
SZ300523,辰安科技,eastmoney,1,BK0447,互联网服务,300523.SZ,myquant-strategy,2026-06-25
SZ300532,今天国际,eastmoney,1,BK0447,互联网服务,300532.SZ,myquant-strategy,2026-06-25
SZ300541,先进数通,eastmoney,1,BK0447,互联网服务,300541.SZ,myquant-strategy,2026-06-25
SZ300592,华凯易佰,eastmoney,1,BK0447,互联网服务,300592.SZ,myquant-strategy,2026-06-25
SZ300609,汇纳科技,eastmoney,1,BK0447,互联网服务,300609.SZ,myquant-strategy,2026-06-25
SZ300634,彩讯股份,eastmoney,1,BK0447,互联网服务,300634.SZ,myquant-strategy,2026-06-25
SZ300645,正元智慧,eastmoney,1,BK0447,互联网服务,300645.SZ,myquant-strategy,2026-06-25
SZ300674,宇信科技,eastmoney,1,BK0447,互联网服务,300674.SZ,myquant-strategy,2026-06-25
SZ300678,中科信息,eastmoney,1,BK0447,互联网服务,300678.SZ,myquant-strategy,2026-06-25
SZ300687,赛意信息,eastmoney,1,BK0447,互联网服务,300687.SZ,myquant-strategy,2026-06-25
SZ300738,奥飞数据,eastmoney,1,BK0447,互联网服务,300738.SZ,myquant-strategy,2026-06-25
SZ300766,每日互动,eastmoney,1,BK0447,互联网服务,300766.SZ,myquant-strategy,2026-06-25
SZ300785,值得买,eastmoney,1,BK0447,互联网服务,300785.SZ,myquant-strategy,2026-06-25
SZ300792,壹网壹创,eastmoney,1,BK0447,互联网服务,300792.SZ,myquant-strategy,2026-06-25
SZ300846,首都在线,eastmoney,1,BK0447,互联网服务,300846.SZ,myquant-strategy,2026-06-25
SZ300872,天阳科技,eastmoney,1,BK0447,互联网服务,300872.SZ,myquant-strategy,2026-06-25
SZ300895,铜牛信息,eastmoney,1,BK0447,互联网服务,300895.SZ,myquant-strategy,2026-06-25
SZ300941,创识科技,eastmoney,1,BK0447,互联网服务,300941.SZ,myquant-strategy,2026-06-25
SZ301001,凯淳股份,eastmoney,1,BK0447,互联网服务,301001.SZ,myquant-strategy,2026-06-25
SZ301085,亚康股份,eastmoney,1,BK0447,互联网服务,301085.SZ,myquant-strategy,2026-06-25
SZ301110,青木科技,eastmoney,1,BK0447,互联网服务,301110.SZ,myquant-strategy,2026-06-25
SZ301171,易点天下,eastmoney,1,BK0447,互联网服务,301171.SZ,myquant-strategy,2026-06-25
SZ301270,汉仪股份,eastmoney,1,BK0447,互联网服务,301270.SZ,myquant-strategy,2026-06-25
SZ301299,卓创资讯,eastmoney,1,BK0447,互联网服务,301299.SZ,myquant-strategy,2026-06-25
SZ301380,挖金客,eastmoney,1,BK0447,互联网服务,301380.SZ,myquant-strategy,2026-06-25
SZ301381,赛维时代,eastmoney,1,BK0447,互联网服务,301381.SZ,myquant-strategy,2026-06-25
SZ301382,蜂助手,eastmoney,1,BK0447,互联网服务,301382.SZ,myquant-strategy,2026-06-25
SZ301396,宏景科技,eastmoney,1,BK0447,互联网服务,301396.SZ,myquant-strategy,2026-06-25
SZ301428,世纪恒通,eastmoney,1,BK0447,互联网服务,301428.SZ,myquant-strategy,2026-06-25
SZ900901,,eastmoney,1,BK0447,互联网服务,900901.SZ,myquant-strategy,2026-06-25
SZ920130,,eastmoney,1,BK0447,互联网服务,920130.SZ,myquant-strategy,2026-06-25
SZ920227,,eastmoney,1,BK0447,互联网服务,920227.SZ,myquant-strategy,2026-06-25
SZ920924,,eastmoney,1,BK0447,互联网服务,920924.SZ,myquant-strategy,2026-06-25
SH600105,永鼎股份,eastmoney,1,BK0448,通信设备,600105.SH,myquant-strategy,2026-06-25
SH600198,大唐电信,eastmoney,1,BK0448,通信设备,600198.SH,myquant-strategy,2026-06-25
SH600345,长江通信,eastmoney,1,BK0448,通信设备,600345.SH,myquant-strategy,2026-06-25
SH600355,*ST精伦,eastmoney,1,BK0448,通信设备,600355.SH,myquant-strategy,2026-06-25
SH600435,北方导航,eastmoney,1,BK0448,通信设备,600435.SH,myquant-strategy,2026-06-25
SH600487,亨通光电,eastmoney,1,BK0448,通信设备,600487.SH,myquant-strategy,2026-06-25
SH600498,烽火通信,eastmoney,1,BK0448,通信设备,600498.SH,myquant-strategy,2026-06-25
SH600522,中天科技,eastmoney,1,BK0448,通信设备,600522.SH,myquant-strategy,2026-06-25
SH600562,国睿科技,eastmoney,1,BK0448,通信设备,600562.SH,myquant-strategy,2026-06-25
SH600775,南京熊猫,eastmoney,1,BK0448,通信设备,600775.SH,myquant-strategy,2026-06-25
SH600776,东方通信,eastmoney,1,BK0448,通信设备,600776.SH,myquant-strategy,2026-06-25
SH600990,四创电子,eastmoney,1,BK0448,通信设备,600990.SH,myquant-strategy,2026-06-25
SH601869,长飞光纤,eastmoney,1,BK0448,通信设备,601869.SH,myquant-strategy,2026-06-25
SH603042,华脉科技,eastmoney,1,BK0448,通信设备,603042.SH,myquant-strategy,2026-06-25
SH603083,剑桥科技,eastmoney,1,BK0448,通信设备,603083.SH,myquant-strategy,2026-06-25
SH603118,共进股份,eastmoney,1,BK0448,通信设备,603118.SH,myquant-strategy,2026-06-25
SH603236,移远通信,eastmoney,1,BK0448,通信设备,603236.SH,myquant-strategy,2026-06-25
SH603712,七一二,eastmoney,1,BK0448,通信设备,603712.SH,myquant-strategy,2026-06-25
SH603803,瑞斯康达,eastmoney,1,BK0448,通信设备,603803.SH,myquant-strategy,2026-06-25
SH688027,国盾量子,eastmoney,1,BK0448,通信设备,688027.SH,myquant-strategy,2026-06-25
SH688080,映翰通,eastmoney,1,BK0448,通信设备,688080.SH,myquant-strategy,2026-06-25
SH688100,威胜信息,eastmoney,1,BK0448,通信设备,688100.SH,myquant-strategy,2026-06-25
SH688132,邦彦技术,eastmoney,1,BK0448,通信设备,688132.SH,myquant-strategy,2026-06-25
SH688159,有方科技,eastmoney,1,BK0448,通信设备,688159.SH,myquant-strategy,2026-06-25
SH688175,高凌信息,eastmoney,1,BK0448,通信设备,688175.SH,myquant-strategy,2026-06-25
SH688182,灿勤科技,eastmoney,1,BK0448,通信设备,688182.SH,myquant-strategy,2026-06-25
SH688282,理工导航,eastmoney,1,BK0448,通信设备,688282.SH,myquant-strategy,2026-06-25
SH688311,盟升电子,eastmoney,1,BK0448,通信设备,688311.SH,myquant-strategy,2026-06-25
SH688313,仕佳光子,eastmoney,1,BK0448,通信设备,688313.SH,myquant-strategy,2026-06-25
SH688387,信科移动-U,eastmoney,1,BK0448,通信设备,688387.SH,myquant-strategy,2026-06-25
SH688418,震有科技,eastmoney,1,BK0448,通信设备,688418.SH,myquant-strategy,2026-06-25
SH688552,航天南湖,eastmoney,1,BK0448,通信设备,688552.SH,myquant-strategy,2026-06-25
SH688609,九联科技,eastmoney,1,BK0448,通信设备,688609.SH,myquant-strategy,2026-06-25
SH688618,三旺通信,eastmoney,1,BK0448,通信设备,688618.SH,myquant-strategy,2026-06-25
SH688668,鼎通科技,eastmoney,1,BK0448,通信设备,688668.SH,myquant-strategy,2026-06-25
SH688788,科思科技,eastmoney,1,BK0448,通信设备,688788.SH,myquant-strategy,2026-06-25
SZ200468,,eastmoney,1,BK0448,通信设备,200468.SZ,myquant-strategy,2026-06-25
SZ300101,振芯科技,eastmoney,1,BK0448,通信设备,300101.SZ,myquant-strategy,2026-06-25
SZ300134,大富科技,eastmoney,1,BK0448,通信设备,300134.SZ,myquant-strategy,2026-06-25
SZ300205,*ST天喻,eastmoney,1,BK0448,通信设备,300205.SZ,myquant-strategy,2026-06-25
SZ300213,佳讯飞鸿,eastmoney,1,BK0448,通信设备,300213.SZ,myquant-strategy,2026-06-25
SZ300252,金信诺,eastmoney,1,BK0448,通信设备,300252.SZ,myquant-strategy,2026-06-25
SZ300308,中际旭创,eastmoney,1,BK0448,通信设备,300308.SZ,myquant-strategy,2026-06-25
SZ300353,东土科技,eastmoney,1,BK0448,通信设备,300353.SZ,myquant-strategy,2026-06-25
SZ300394,天孚通信,eastmoney,1,BK0448,通信设备,300394.SZ,myquant-strategy,2026-06-25
SZ300397,天和防务,eastmoney,1,BK0448,通信设备,300397.SZ,myquant-strategy,2026-06-25
SZ300414,中光防雷,eastmoney,1,BK0448,通信设备,300414.SZ,myquant-strategy,2026-06-25
SZ300502,新易盛,eastmoney,1,BK0448,通信设备,300502.SZ,myquant-strategy,2026-06-25
SZ300504,天邑股份,eastmoney,1,BK0448,通信设备,300504.SZ,myquant-strategy,2026-06-25
SZ300548,长芯博创,eastmoney,1,BK0448,通信设备,300548.SZ,myquant-strategy,2026-06-25
SZ300555,ST路通,eastmoney,1,BK0448,通信设备,300555.SZ,myquant-strategy,2026-06-25
SZ300563,神宇股份,eastmoney,1,BK0448,通信设备,300563.SZ,myquant-strategy,2026-06-25
SZ300565,科信技术,eastmoney,1,BK0448,通信设备,300565.SZ,myquant-strategy,2026-06-25
SZ300570,太辰光,eastmoney,1,BK0448,通信设备,300570.SZ,myquant-strategy,2026-06-25
SZ300590,移为通信,eastmoney,1,BK0448,通信设备,300590.SZ,myquant-strategy,2026-06-25
SZ300615,欣天科技,eastmoney,1,BK0448,通信设备,300615.SZ,myquant-strategy,2026-06-25
SZ300620,光库科技,eastmoney,1,BK0448,通信设备,300620.SZ,myquant-strategy,2026-06-25
SZ300627,华测导航,eastmoney,1,BK0448,通信设备,300627.SZ,myquant-strategy,2026-06-25
SZ300628,亿联网络,eastmoney,1,BK0448,通信设备,300628.SZ,myquant-strategy,2026-06-25
SZ300629,新劲刚,eastmoney,1,BK0448,通信设备,300629.SZ,myquant-strategy,2026-06-25
SZ300638,广和通,eastmoney,1,BK0448,通信设备,300638.SZ,myquant-strategy,2026-06-25
SZ300689,澄天伟业,eastmoney,1,BK0448,通信设备,300689.SZ,myquant-strategy,2026-06-25
SZ300698,万马科技,eastmoney,1,BK0448,通信设备,300698.SZ,myquant-strategy,2026-06-25
SZ300710,万隆光电,eastmoney,1,BK0448,通信设备,300710.SZ,myquant-strategy,2026-06-25
SZ300711,广哈通信,eastmoney,1,BK0448,通信设备,300711.SZ,myquant-strategy,2026-06-25
SZ300762,上海瀚讯,eastmoney,1,BK0448,通信设备,300762.SZ,myquant-strategy,2026-06-25
SZ300913,兆龙互连,eastmoney,1,BK0448,通信设备,300913.SZ,myquant-strategy,2026-06-25
SZ301165,锐捷网络,eastmoney,1,BK0448,通信设备,301165.SZ,myquant-strategy,2026-06-25
SZ301189,奥尼电子,eastmoney,1,BK0448,通信设备,301189.SZ,myquant-strategy,2026-06-25
SZ301191,菲菱科思,eastmoney,1,BK0448,通信设备,301191.SZ,myquant-strategy,2026-06-25
SZ301205,联特科技,eastmoney,1,BK0448,通信设备,301205.SZ,myquant-strategy,2026-06-25
SZ301275,汉朔科技,eastmoney,1,BK0448,通信设备,301275.SZ,myquant-strategy,2026-06-25
SZ301307,美利信,eastmoney,1,BK0448,通信设备,301307.SZ,myquant-strategy,2026-06-25
SZ301314,科瑞思,eastmoney,1,BK0448,通信设备,301314.SZ,myquant-strategy,2026-06-25
SZ301419,阿莱德,eastmoney,1,BK0448,通信设备,301419.SZ,myquant-strategy,2026-06-25
SZ301600,慧翰股份,eastmoney,1,BK0448,通信设备,301600.SZ,myquant-strategy,2026-06-25
SZ900941,,eastmoney,1,BK0448,通信设备,900941.SZ,myquant-strategy,2026-06-25
SZ920640,,eastmoney,1,BK0448,通信设备,920640.SZ,myquant-strategy,2026-06-25
SZ920961,,eastmoney,1,BK0448,通信设备,920961.SZ,myquant-strategy,2026-06-25
SH600017,日照港,eastmoney,1,BK0450,航运港口,600017.SH,myquant-strategy,2026-06-25
SH600018,上港集团,eastmoney,1,BK0450,航运港口,600018.SH,myquant-strategy,2026-06-25
SH600026,中远海能,eastmoney,1,BK0450,航运港口,600026.SH,myquant-strategy,2026-06-25
SH600279,重庆港,eastmoney,1,BK0450,航运港口,600279.SH,myquant-strategy,2026-06-25
SH600428,中远海特,eastmoney,1,BK0450,航运港口,600428.SH,myquant-strategy,2026-06-25
SH600717,天津港,eastmoney,1,BK0450,航运港口,600717.SH,myquant-strategy,2026-06-25
SH600751,海航科技,eastmoney,1,BK0450,航运港口,600751.SH,myquant-strategy,2026-06-25
SH600798,宁波海运,eastmoney,1,BK0450,航运港口,600798.SH,myquant-strategy,2026-06-25
SH601000,唐山港,eastmoney,1,BK0450,航运港口,601000.SH,myquant-strategy,2026-06-25
SH601008,连云港,eastmoney,1,BK0450,航运港口,601008.SH,myquant-strategy,2026-06-25
SH601018,宁波港,eastmoney,1,BK0450,航运港口,601018.SH,myquant-strategy,2026-06-25
SH601022,宁波远洋,eastmoney,1,BK0450,航运港口,601022.SH,myquant-strategy,2026-06-25
SH601083,锦江航运,eastmoney,1,BK0450,航运港口,601083.SH,myquant-strategy,2026-06-25
SH601228,广州港,eastmoney,1,BK0450,航运港口,601228.SH,myquant-strategy,2026-06-25
SH601298,青岛港,eastmoney,1,BK0450,航运港口,601298.SH,myquant-strategy,2026-06-25
SH601326,秦港股份,eastmoney,1,BK0450,航运港口,601326.SH,myquant-strategy,2026-06-25
SH601866,中远海发,eastmoney,1,BK0450,航运港口,601866.SH,myquant-strategy,2026-06-25
SH601872,招商轮船,eastmoney,1,BK0450,航运港口,601872.SH,myquant-strategy,2026-06-25
SH601880,辽港股份,eastmoney,1,BK0450,航运港口,601880.SH,myquant-strategy,2026-06-25
SH601919,中远海控,eastmoney,1,BK0450,航运港口,601919.SH,myquant-strategy,2026-06-25
SH601975,招商南油,eastmoney,1,BK0450,航运港口,601975.SH,myquant-strategy,2026-06-25
SH603162,海通发展,eastmoney,1,BK0450,航运港口,603162.SH,myquant-strategy,2026-06-25
SH603167,渤海轮渡,eastmoney,1,BK0450,航运港口,603167.SH,myquant-strategy,2026-06-25
SH603209,兴通股份,eastmoney,1,BK0450,航运港口,603209.SH,myquant-strategy,2026-06-25
SZ201872,,eastmoney,1,BK0450,航运港口,201872.SZ,myquant-strategy,2026-06-25
SZ900952,,eastmoney,1,BK0450,航运港口,900952.SZ,myquant-strategy,2026-06-25
SZ920571,,eastmoney,1,BK0450,航运港口,920571.SZ,myquant-strategy,2026-06-25
SH600007,中国国贸,eastmoney,1,BK0451,房地产开发,600007.SH,myquant-strategy,2026-06-25
SH600048,保利发展,eastmoney,1,BK0451,房地产开发,600048.SH,myquant-strategy,2026-06-25
SH600064,南京高科,eastmoney,1,BK0451,房地产开发,600064.SH,myquant-strategy,2026-06-25
SH600082,海泰发展,eastmoney,1,BK0451,房地产开发,600082.SH,myquant-strategy,2026-06-25
SH600094,大名城,eastmoney,1,BK0451,房地产开发,600094.SH,myquant-strategy,2026-06-25
SH600159,大龙地产,eastmoney,1,BK0451,房地产开发,600159.SH,myquant-strategy,2026-06-25
SH600162,香江控股,eastmoney,1,BK0451,房地产开发,600162.SH,myquant-strategy,2026-06-25
SH600173,卧龙新能,eastmoney,1,BK0451,房地产开发,600173.SH,myquant-strategy,2026-06-25
SH600208,衢州发展,eastmoney,1,BK0451,房地产开发,600208.SH,myquant-strategy,2026-06-25
SH600234,科新发展,eastmoney,1,BK0451,房地产开发,600234.SH,myquant-strategy,2026-06-25
SH600246,万通发展,eastmoney,1,BK0451,房地产开发,600246.SH,myquant-strategy,2026-06-25
SH600266,城建发展,eastmoney,1,BK0451,房地产开发,600266.SH,myquant-strategy,2026-06-25
SH600322,津投城开,eastmoney,1,BK0451,房地产开发,600322.SH,myquant-strategy,2026-06-25
SH600325,华发股份,eastmoney,1,BK0451,房地产开发,600325.SH,myquant-strategy,2026-06-25
SH600340,华夏幸福,eastmoney,1,BK0451,房地产开发,600340.SH,myquant-strategy,2026-06-25
SH600376,首开股份,eastmoney,1,BK0451,房地产开发,600376.SH,myquant-strategy,2026-06-25
SH600383,金地集团,eastmoney,1,BK0451,房地产开发,600383.SH,myquant-strategy,2026-06-25
SH600463,空港股份,eastmoney,1,BK0451,房地产开发,600463.SH,myquant-strategy,2026-06-25
SH600503,华丽家族,eastmoney,1,BK0451,房地产开发,600503.SH,myquant-strategy,2026-06-25
SH600510,黑牡丹,eastmoney,1,BK0451,房地产开发,600510.SH,myquant-strategy,2026-06-25
SH600533,栖霞建设,eastmoney,1,BK0451,房地产开发,600533.SH,myquant-strategy,2026-06-25
SH600606,绿地控股,eastmoney,1,BK0451,房地产开发,600606.SH,myquant-strategy,2026-06-25
SH600622,光大嘉宝,eastmoney,1,BK0451,房地产开发,600622.SH,myquant-strategy,2026-06-25
SH600638,新黄浦,eastmoney,1,BK0451,房地产开发,600638.SH,myquant-strategy,2026-06-25
SH600639,浦东金桥,eastmoney,1,BK0451,房地产开发,600639.SH,myquant-strategy,2026-06-25
SH600641,先导基电,eastmoney,1,BK0451,房地产开发,600641.SH,myquant-strategy,2026-06-25
SH600648,外高桥,eastmoney,1,BK0451,房地产开发,600648.SH,myquant-strategy,2026-06-25
SH600649,城投控股,eastmoney,1,BK0451,房地产开发,600649.SH,myquant-strategy,2026-06-25
SH600657,信达地产,eastmoney,1,BK0451,房地产开发,600657.SH,myquant-strategy,2026-06-25
SH600663,陆家嘴,eastmoney,1,BK0451,房地产开发,600663.SH,myquant-strategy,2026-06-25
SH600665,天地源,eastmoney,1,BK0451,房地产开发,600665.SH,myquant-strategy,2026-06-25
SH600675,中华企业,eastmoney,1,BK0451,房地产开发,600675.SH,myquant-strategy,2026-06-25
SH600683,京投发展,eastmoney,1,BK0451,房地产开发,600683.SH,myquant-strategy,2026-06-25
SH600692,亚通股份,eastmoney,1,BK0451,房地产开发,600692.SH,myquant-strategy,2026-06-25
SH600708,光明地产,eastmoney,1,BK0451,房地产开发,600708.SH,myquant-strategy,2026-06-25
SH600716,凤凰股份,eastmoney,1,BK0451,房地产开发,600716.SH,myquant-strategy,2026-06-25
SH600724,宁波富达,eastmoney,1,BK0451,房地产开发,600724.SH,myquant-strategy,2026-06-25
SH600736,苏州高新,eastmoney,1,BK0451,房地产开发,600736.SH,myquant-strategy,2026-06-25
SH600743,华远控股,eastmoney,1,BK0451,房地产开发,600743.SH,myquant-strategy,2026-06-25
SH600748,上实发展,eastmoney,1,BK0451,房地产开发,600748.SH,myquant-strategy,2026-06-25
SH600773,西藏城投,eastmoney,1,BK0451,房地产开发,600773.SH,myquant-strategy,2026-06-25
SH600791,京能置业,eastmoney,1,BK0451,房地产开发,600791.SH,myquant-strategy,2026-06-25
SH600848,上海临港,eastmoney,1,BK0451,房地产开发,600848.SH,myquant-strategy,2026-06-25
SH600895,张江高科,eastmoney,1,BK0451,房地产开发,600895.SH,myquant-strategy,2026-06-25
SH601155,新城控股,eastmoney,1,BK0451,房地产开发,601155.SH,myquant-strategy,2026-06-25
SH601512,中新集团,eastmoney,1,BK0451,房地产开发,601512.SH,myquant-strategy,2026-06-25
SZ200011,,eastmoney,1,BK0451,房地产开发,200011.SZ,myquant-strategy,2026-06-25
SZ200029,,eastmoney,1,BK0451,房地产开发,200029.SZ,myquant-strategy,2026-06-25
SZ200056,,eastmoney,1,BK0451,房地产开发,200056.SZ,myquant-strategy,2026-06-25
SZ900902,,eastmoney,1,BK0451,房地产开发,900902.SZ,myquant-strategy,2026-06-25
SZ900911,,eastmoney,1,BK0451,房地产开发,900911.SZ,myquant-strategy,2026-06-25
SZ900912,,eastmoney,1,BK0451,房地产开发,900912.SZ,myquant-strategy,2026-06-25
SZ900928,,eastmoney,1,BK0451,房地产开发,900928.SZ,myquant-strategy,2026-06-25
SZ900932,,eastmoney,1,BK0451,房地产开发,900932.SZ,myquant-strategy,2026-06-25
SZ900939,,eastmoney,1,BK0451,房地产开发,900939.SZ,myquant-strategy,2026-06-25
SZ900940,,eastmoney,1,BK0451,房地产开发,900940.SZ,myquant-strategy,2026-06-25
SH600135,乐凯胶片,eastmoney,1,BK0454,塑料制品,600135.SH,myquant-strategy,2026-06-25
SH600143,金发科技,eastmoney,1,BK0454,塑料制品,600143.SH,myquant-strategy,2026-06-25
SH601208,东材科技,eastmoney,1,BK0454,塑料制品,601208.SH,myquant-strategy,2026-06-25
SH603051,鹿山新材,eastmoney,1,BK0454,塑料制品,603051.SH,myquant-strategy,2026-06-25
SH603150,万朗磁塑,eastmoney,1,BK0454,塑料制品,603150.SH,myquant-strategy,2026-06-25
SH603181,皇马科技,eastmoney,1,BK0454,塑料制品,603181.SH,myquant-strategy,2026-06-25
SH603221,爱丽家居,eastmoney,1,BK0454,塑料制品,603221.SH,myquant-strategy,2026-06-25
SH603266,天龙股份,eastmoney,1,BK0454,塑料制品,603266.SH,myquant-strategy,2026-06-25
SH603580,*ST艾艾,eastmoney,1,BK0454,塑料制品,603580.SH,myquant-strategy,2026-06-25
SH603615,茶花股份,eastmoney,1,BK0454,塑料制品,603615.SH,myquant-strategy,2026-06-25
SH603722,阿科力,eastmoney,1,BK0454,塑料制品,603722.SH,myquant-strategy,2026-06-25
SH603879,永悦科技,eastmoney,1,BK0454,塑料制品,603879.SH,myquant-strategy,2026-06-25
SH603928,兴业股份,eastmoney,1,BK0454,塑料制品,603928.SH,myquant-strategy,2026-06-25
SH603991,至正股份,eastmoney,1,BK0454,塑料制品,603991.SH,myquant-strategy,2026-06-25
SH605008,长鸿高科,eastmoney,1,BK0454,塑料制品,605008.SH,myquant-strategy,2026-06-25
SH605488,福莱新材,eastmoney,1,BK0454,塑料制品,605488.SH,myquant-strategy,2026-06-25
SH688026,洁特生物,eastmoney,1,BK0454,塑料制品,688026.SH,myquant-strategy,2026-06-25
SH688087,英科再生,eastmoney,1,BK0454,塑料制品,688087.SH,myquant-strategy,2026-06-25
SH688219,会通股份,eastmoney,1,BK0454,塑料制品,688219.SH,myquant-strategy,2026-06-25
SH688323,瑞华泰,eastmoney,1,BK0454,塑料制品,688323.SH,myquant-strategy,2026-06-25
SH688386,泛亚微透,eastmoney,1,BK0454,塑料制品,688386.SH,myquant-strategy,2026-06-25
SH688585,上纬新材,eastmoney,1,BK0454,塑料制品,688585.SH,myquant-strategy,2026-06-25
SH688669,聚石化学,eastmoney,1,BK0454,塑料制品,688669.SH,myquant-strategy,2026-06-25
SH688716,中研股份,eastmoney,1,BK0454,塑料制品,688716.SH,myquant-strategy,2026-06-25
SZ300180,华峰超纤,eastmoney,1,BK0454,塑料制品,300180.SZ,myquant-strategy,2026-06-25
SZ300214,日科化学,eastmoney,1,BK0454,塑料制品,300214.SZ,myquant-strategy,2026-06-25
SZ300218,安利股份,eastmoney,1,BK0454,塑料制品,300218.SZ,myquant-strategy,2026-06-25
SZ300221,银禧科技,eastmoney,1,BK0454,塑料制品,300221.SZ,myquant-strategy,2026-06-25
SZ300230,永利股份,eastmoney,1,BK0454,塑料制品,300230.SZ,myquant-strategy,2026-06-25
SZ300243,瑞丰高材,eastmoney,1,BK0454,塑料制品,300243.SZ,myquant-strategy,2026-06-25
SZ300305,裕兴股份,eastmoney,1,BK0454,塑料制品,300305.SZ,myquant-strategy,2026-06-25
SZ300478,杭州高新,eastmoney,1,BK0454,塑料制品,300478.SZ,myquant-strategy,2026-06-25
SZ300487,蓝晓科技,eastmoney,1,BK0454,塑料制品,300487.SZ,myquant-strategy,2026-06-25
SZ300538,同益股份,eastmoney,1,BK0454,塑料制品,300538.SZ,myquant-strategy,2026-06-25
SZ300539,横河精密,eastmoney,1,BK0454,塑料制品,300539.SZ,myquant-strategy,2026-06-25
SZ300586,美联新材,eastmoney,1,BK0454,塑料制品,300586.SZ,myquant-strategy,2026-06-25
SZ300596,利安隆,eastmoney,1,BK0454,塑料制品,300596.SZ,myquant-strategy,2026-06-25
SZ300610,晨化股份,eastmoney,1,BK0454,塑料制品,300610.SZ,myquant-strategy,2026-06-25
SZ300644,南京聚隆,eastmoney,1,BK0454,塑料制品,300644.SZ,myquant-strategy,2026-06-25
SZ300717,华信新材,eastmoney,1,BK0454,塑料制品,300717.SZ,myquant-strategy,2026-06-25
SZ300784,利安科技,eastmoney,1,BK0454,塑料制品,300784.SZ,myquant-strategy,2026-06-25
SZ300806,斯迪克,eastmoney,1,BK0454,塑料制品,300806.SZ,myquant-strategy,2026-06-25
SZ300905,宝丽迪,eastmoney,1,BK0454,塑料制品,300905.SZ,myquant-strategy,2026-06-25
SZ300920,润阳科技,eastmoney,1,BK0454,塑料制品,300920.SZ,myquant-strategy,2026-06-25
SZ300922,天秦装备,eastmoney,1,BK0454,塑料制品,300922.SZ,myquant-strategy,2026-06-25
SZ300980,祥源新材,eastmoney,1,BK0454,塑料制品,300980.SZ,myquant-strategy,2026-06-25
SZ300995,奇德新材,eastmoney,1,BK0454,塑料制品,300995.SZ,myquant-strategy,2026-06-25
SZ301000,肇民科技,eastmoney,1,BK0454,塑料制品,301000.SZ,myquant-strategy,2026-06-25
SZ301003,江苏博云,eastmoney,1,BK0454,塑料制品,301003.SZ,myquant-strategy,2026-06-25
SZ301019,宁波色母,eastmoney,1,BK0454,塑料制品,301019.SZ,myquant-strategy,2026-06-25
SZ301131,聚赛龙,eastmoney,1,BK0454,塑料制品,301131.SZ,myquant-strategy,2026-06-25
SZ301161,唯万密封,eastmoney,1,BK0454,塑料制品,301161.SZ,myquant-strategy,2026-06-25
SZ301193,家联科技,eastmoney,1,BK0454,塑料制品,301193.SZ,myquant-strategy,2026-06-25
SZ301196,唯科科技,eastmoney,1,BK0454,塑料制品,301196.SZ,myquant-strategy,2026-06-25
SZ301198,喜悦智行,eastmoney,1,BK0454,塑料制品,301198.SZ,myquant-strategy,2026-06-25
SZ301237,和顺科技,eastmoney,1,BK0454,塑料制品,301237.SZ,myquant-strategy,2026-06-25
SZ301323,新莱福,eastmoney,1,BK0454,塑料制品,301323.SZ,myquant-strategy,2026-06-25
SZ301356,天振股份,eastmoney,1,BK0454,塑料制品,301356.SZ,myquant-strategy,2026-06-25
SZ301538,骏鼎达,eastmoney,1,BK0454,塑料制品,301538.SZ,myquant-strategy,2026-06-25
SZ301565,中仑新材,eastmoney,1,BK0454,塑料制品,301565.SZ,myquant-strategy,2026-06-25
SZ301591,肯特股份,eastmoney,1,BK0454,塑料制品,301591.SZ,myquant-strategy,2026-06-25
SZ920056,,eastmoney,1,BK0454,塑料制品,920056.SZ,myquant-strategy,2026-06-25
SZ920066,,eastmoney,1,BK0454,塑料制品,920066.SZ,myquant-strategy,2026-06-25
SZ920089,,eastmoney,1,BK0454,塑料制品,920089.SZ,myquant-strategy,2026-06-25
SZ920118,,eastmoney,1,BK0454,塑料制品,920118.SZ,myquant-strategy,2026-06-25
SZ920204,,eastmoney,1,BK0454,塑料制品,920204.SZ,myquant-strategy,2026-06-25
SZ920274,,eastmoney,1,BK0454,塑料制品,920274.SZ,myquant-strategy,2026-06-25
SZ920469,,eastmoney,1,BK0454,塑料制品,920469.SZ,myquant-strategy,2026-06-25
SZ920834,,eastmoney,1,BK0454,塑料制品,920834.SZ,myquant-strategy,2026-06-25
SZ920871,,eastmoney,1,BK0454,塑料制品,920871.SZ,myquant-strategy,2026-06-25
SH600060,海信视像,eastmoney,1,BK0456,家电行业,600060.SH,myquant-strategy,2026-06-25
SH600261,阳光照明,eastmoney,1,BK0456,家电行业,600261.SH,myquant-strategy,2026-06-25
SH600336,澳柯玛,eastmoney,1,BK0456,家电行业,600336.SH,myquant-strategy,2026-06-25
SH600619,海立股份,eastmoney,1,BK0456,家电行业,600619.SH,myquant-strategy,2026-06-25
SH600690,海尔智家,eastmoney,1,BK0456,家电行业,600690.SH,myquant-strategy,2026-06-25
SH600839,四川长虹,eastmoney,1,BK0456,家电行业,600839.SH,myquant-strategy,2026-06-25
SH600854,春兰股份,eastmoney,1,BK0456,家电行业,600854.SH,myquant-strategy,2026-06-25
SH600983,惠而浦,eastmoney,1,BK0456,家电行业,600983.SH,myquant-strategy,2026-06-25
SH601956,东贝集团,eastmoney,1,BK0456,家电行业,601956.SH,myquant-strategy,2026-06-25
SH603075,热威股份,eastmoney,1,BK0456,家电行业,603075.SH,myquant-strategy,2026-06-25
SH603112,华翔股份,eastmoney,1,BK0456,家电行业,603112.SH,myquant-strategy,2026-06-25
SH603215,比依股份,eastmoney,1,BK0456,家电行业,603215.SH,myquant-strategy,2026-06-25
SH603219,富佳股份,eastmoney,1,BK0456,家电行业,603219.SH,myquant-strategy,2026-06-25
SH603303,得邦照明,eastmoney,1,BK0456,家电行业,603303.SH,myquant-strategy,2026-06-25
SH603311,金海高科,eastmoney,1,BK0456,家电行业,603311.SH,myquant-strategy,2026-06-25
SH603355,莱克电气,eastmoney,1,BK0456,家电行业,603355.SH,myquant-strategy,2026-06-25
SH603366,日出东方,eastmoney,1,BK0456,家电行业,603366.SH,myquant-strategy,2026-06-25
SH603486,科沃斯,eastmoney,1,BK0456,家电行业,603486.SH,myquant-strategy,2026-06-25
SH603515,欧普照明,eastmoney,1,BK0456,家电行业,603515.SH,myquant-strategy,2026-06-25
SH603519,立霸股份,eastmoney,1,BK0456,家电行业,603519.SH,myquant-strategy,2026-06-25
SH603551,奥普科技,eastmoney,1,BK0456,家电行业,603551.SH,myquant-strategy,2026-06-25
SH603578,三星新材,eastmoney,1,BK0456,家电行业,603578.SH,myquant-strategy,2026-06-25
SH603579,荣泰健康,eastmoney,1,BK0456,家电行业,603579.SH,myquant-strategy,2026-06-25
SH603657,春光科技,eastmoney,1,BK0456,家电行业,603657.SH,myquant-strategy,2026-06-25
SH603677,奇精机械,eastmoney,1,BK0456,家电行业,603677.SH,myquant-strategy,2026-06-25
SH603726,朗迪集团,eastmoney,1,BK0456,家电行业,603726.SH,myquant-strategy,2026-06-25
SH603868,飞科电器,eastmoney,1,BK0456,家电行业,603868.SH,myquant-strategy,2026-06-25
SH605336,帅丰电器,eastmoney,1,BK0456,家电行业,605336.SH,myquant-strategy,2026-06-25
SH605365,立达信,eastmoney,1,BK0456,家电行业,605365.SH,myquant-strategy,2026-06-25
SH605555,德昌股份,eastmoney,1,BK0456,家电行业,605555.SH,myquant-strategy,2026-06-25
SH688169,石头科技,eastmoney,1,BK0456,家电行业,688169.SH,myquant-strategy,2026-06-25
SH688475,萤石网络,eastmoney,1,BK0456,家电行业,688475.SH,myquant-strategy,2026-06-25
SH688696,极米科技,eastmoney,1,BK0456,家电行业,688696.SH,myquant-strategy,2026-06-25
SH688793,倍轻松,eastmoney,1,BK0456,家电行业,688793.SH,myquant-strategy,2026-06-25
SZ200016,,eastmoney,1,BK0456,家电行业,200016.SZ,myquant-strategy,2026-06-25
SZ200512,,eastmoney,1,BK0456,家电行业,200512.SZ,myquant-strategy,2026-06-25
SZ200521,,eastmoney,1,BK0456,家电行业,200521.SZ,myquant-strategy,2026-06-25
SZ300160,秀强股份,eastmoney,1,BK0456,家电行业,300160.SZ,myquant-strategy,2026-06-25
SZ300217,东方电热,eastmoney,1,BK0456,家电行业,300217.SZ,myquant-strategy,2026-06-25
SZ300247,融捷健康,eastmoney,1,BK0456,家电行业,300247.SZ,myquant-strategy,2026-06-25
SZ300272,开能健康,eastmoney,1,BK0456,家电行业,300272.SZ,myquant-strategy,2026-06-25
SZ300342,天银机电,eastmoney,1,BK0456,家电行业,300342.SZ,myquant-strategy,2026-06-25
SZ300403,汉宇集团,eastmoney,1,BK0456,家电行业,300403.SZ,myquant-strategy,2026-06-25
SZ300625,三雄极光,eastmoney,1,BK0456,家电行业,300625.SZ,myquant-strategy,2026-06-25
SZ300824,北鼎股份,eastmoney,1,BK0456,家电行业,300824.SZ,myquant-strategy,2026-06-25
SZ300894,火星人,eastmoney,1,BK0456,家电行业,300894.SZ,myquant-strategy,2026-06-25
SZ300911,亿田智能,eastmoney,1,BK0456,家电行业,300911.SZ,myquant-strategy,2026-06-25
SZ301008,宏昌科技,eastmoney,1,BK0456,家电行业,301008.SZ,myquant-strategy,2026-06-25
SZ301061,匠心家居,eastmoney,1,BK0456,家电行业,301061.SZ,myquant-strategy,2026-06-25
SZ301187,欧圣电气,eastmoney,1,BK0456,家电行业,301187.SZ,myquant-strategy,2026-06-25
SZ301332,德尔玛,eastmoney,1,BK0456,家电行业,301332.SZ,myquant-strategy,2026-06-25
SZ301362,民爆光电,eastmoney,1,BK0456,家电行业,301362.SZ,myquant-strategy,2026-06-25
SZ920108,,eastmoney,1,BK0456,家电行业,920108.SZ,myquant-strategy,2026-06-25
SZ920339,,eastmoney,1,BK0456,家电行业,920339.SZ,myquant-strategy,2026-06-25
SZ920641,,eastmoney,1,BK0456,家电行业,920641.SZ,myquant-strategy,2026-06-25
SZ920768,,eastmoney,1,BK0456,家电行业,920768.SZ,myquant-strategy,2026-06-25
SZ920926,,eastmoney,1,BK0456,家电行业,920926.SZ,myquant-strategy,2026-06-25
SH600067,冠城新材,eastmoney,1,BK0457,电网设备,600067.SH,myquant-strategy,2026-06-25
SH600089,特变电工,eastmoney,1,BK0457,电网设备,600089.SH,myquant-strategy,2026-06-25
SH600192,长城电工,eastmoney,1,BK0457,电网设备,600192.SH,myquant-strategy,2026-06-25
SH600268,国电南自,eastmoney,1,BK0457,电网设备,600268.SH,myquant-strategy,2026-06-25
SH600312,平高电气,eastmoney,1,BK0457,电网设备,600312.SH,myquant-strategy,2026-06-25
SH600379,宝光股份,eastmoney,1,BK0457,电网设备,600379.SH,myquant-strategy,2026-06-25
SH600406,国电南瑞,eastmoney,1,BK0457,电网设备,600406.SH,myquant-strategy,2026-06-25
SH600468,百利电气,eastmoney,1,BK0457,电网设备,600468.SH,myquant-strategy,2026-06-25
SH600525,ST长园,eastmoney,1,BK0457,电网设备,600525.SH,myquant-strategy,2026-06-25
SH600550,保变电气,eastmoney,1,BK0457,电网设备,600550.SH,myquant-strategy,2026-06-25
SH600577,精达股份,eastmoney,1,BK0457,电网设备,600577.SH,myquant-strategy,2026-06-25
SH600590,泰豪科技,eastmoney,1,BK0457,电网设备,600590.SH,myquant-strategy,2026-06-25
SH600869,远东股份,eastmoney,1,BK0457,电网设备,600869.SH,myquant-strategy,2026-06-25
SH600885,宏发股份,eastmoney,1,BK0457,电网设备,600885.SH,myquant-strategy,2026-06-25
SH600973,宝胜股份,eastmoney,1,BK0457,电网设备,600973.SH,myquant-strategy,2026-06-25
SH601096,宏盛华源,eastmoney,1,BK0457,电网设备,601096.SH,myquant-strategy,2026-06-25
SH601126,四方股份,eastmoney,1,BK0457,电网设备,601126.SH,myquant-strategy,2026-06-25
SH601179,中国西电,eastmoney,1,BK0457,电网设备,601179.SH,myquant-strategy,2026-06-25
SH601567,三星医疗,eastmoney,1,BK0457,电网设备,601567.SH,myquant-strategy,2026-06-25
SH601616,广电电气,eastmoney,1,BK0457,电网设备,601616.SH,myquant-strategy,2026-06-25
SH601700,风范股份,eastmoney,1,BK0457,电网设备,601700.SH,myquant-strategy,2026-06-25
SH601877,正泰电器,eastmoney,1,BK0457,电网设备,601877.SH,myquant-strategy,2026-06-25
SH603016,新宏泰,eastmoney,1,BK0457,电网设备,603016.SH,myquant-strategy,2026-06-25
SH603050,科林电气,eastmoney,1,BK0457,电网设备,603050.SH,myquant-strategy,2026-06-25
SH603070,万控智造,eastmoney,1,BK0457,电网设备,603070.SH,myquant-strategy,2026-06-25
SH603097,江苏华辰,eastmoney,1,BK0457,电网设备,603097.SH,myquant-strategy,2026-06-25
SH603191,望变电气,eastmoney,1,BK0457,电网设备,603191.SH,myquant-strategy,2026-06-25
SH603312,西典新能,eastmoney,1,BK0457,电网设备,603312.SH,myquant-strategy,2026-06-25
SH603333,尚纬股份,eastmoney,1,BK0457,电网设备,603333.SH,myquant-strategy,2026-06-25
SH603530,神马电力,eastmoney,1,BK0457,电网设备,603530.SH,myquant-strategy,2026-06-25
SH603556,海兴电力,eastmoney,1,BK0457,电网设备,603556.SH,myquant-strategy,2026-06-25
SH603577,汇金通,eastmoney,1,BK0457,电网设备,603577.SH,myquant-strategy,2026-06-25
SH603606,东方电缆,eastmoney,1,BK0457,电网设备,603606.SH,myquant-strategy,2026-06-25
SH603618,杭电股份,eastmoney,1,BK0457,电网设备,603618.SH,myquant-strategy,2026-06-25
SH603829,洛凯股份,eastmoney,1,BK0457,电网设备,603829.SH,myquant-strategy,2026-06-25
SH603861,白云电器,eastmoney,1,BK0457,电网设备,603861.SH,myquant-strategy,2026-06-25
SH603897,长城科技,eastmoney,1,BK0457,电网设备,603897.SH,myquant-strategy,2026-06-25
SH605066,天正电气,eastmoney,1,BK0457,电网设备,605066.SH,myquant-strategy,2026-06-25
SH605196,华通线缆,eastmoney,1,BK0457,电网设备,605196.SH,myquant-strategy,2026-06-25
SH605222,起帆电缆,eastmoney,1,BK0457,电网设备,605222.SH,myquant-strategy,2026-06-25
SH688191,智洋创新,eastmoney,1,BK0457,电网设备,688191.SH,myquant-strategy,2026-06-25
SH688226,威腾电气,eastmoney,1,BK0457,电网设备,688226.SH,myquant-strategy,2026-06-25
SH688248,南网科技,eastmoney,1,BK0457,电网设备,688248.SH,myquant-strategy,2026-06-25
SH688330,宏力达,eastmoney,1,BK0457,电网设备,688330.SH,myquant-strategy,2026-06-25
SH688517,金冠电气,eastmoney,1,BK0457,电网设备,688517.SH,myquant-strategy,2026-06-25
SH688597,煜邦电力,eastmoney,1,BK0457,电网设备,688597.SH,myquant-strategy,2026-06-25
SH688611,杭州柯林,eastmoney,1,BK0457,电网设备,688611.SH,myquant-strategy,2026-06-25
SH688616,西力科技,eastmoney,1,BK0457,电网设备,688616.SH,myquant-strategy,2026-06-25
SH688663,新风光,eastmoney,1,BK0457,电网设备,688663.SH,myquant-strategy,2026-06-25
SH688676,金盘科技,eastmoney,1,BK0457,电网设备,688676.SH,myquant-strategy,2026-06-25
SH688681,科汇股份,eastmoney,1,BK0457,电网设备,688681.SH,myquant-strategy,2026-06-25
SZ300001,特锐德,eastmoney,1,BK0457,电网设备,300001.SZ,myquant-strategy,2026-06-25
SZ300018,中元股份,eastmoney,1,BK0457,电网设备,300018.SZ,myquant-strategy,2026-06-25
SZ300062,中能电气,eastmoney,1,BK0457,电网设备,300062.SZ,myquant-strategy,2026-06-25
SZ300069,金利华电,eastmoney,1,BK0457,电网设备,300069.SZ,myquant-strategy,2026-06-25
SZ300141,和顺电气,eastmoney,1,BK0457,电网设备,300141.SZ,myquant-strategy,2026-06-25
SZ300222,科大智能,eastmoney,1,BK0457,电网设备,300222.SZ,myquant-strategy,2026-06-25
SZ300265,通光线缆,eastmoney,1,BK0457,电网设备,300265.SZ,myquant-strategy,2026-06-25
SZ300283,温州宏丰,eastmoney,1,BK0457,电网设备,300283.SZ,myquant-strategy,2026-06-25
SZ300286,安科瑞,eastmoney,1,BK0457,电网设备,300286.SZ,myquant-strategy,2026-06-25
SZ300341,麦克奥迪,eastmoney,1,BK0457,电网设备,300341.SZ,myquant-strategy,2026-06-25
SZ300360,炬华科技,eastmoney,1,BK0457,电网设备,300360.SZ,myquant-strategy,2026-06-25
SZ300407,凯发电气,eastmoney,1,BK0457,电网设备,300407.SZ,myquant-strategy,2026-06-25
SZ300423,昇辉科技,eastmoney,1,BK0457,电网设备,300423.SZ,myquant-strategy,2026-06-25
SZ300427,红相股份,eastmoney,1,BK0457,电网设备,300427.SZ,myquant-strategy,2026-06-25
SZ300444,双杰电气,eastmoney,1,BK0457,电网设备,300444.SZ,myquant-strategy,2026-06-25
SZ300447,全信股份,eastmoney,1,BK0457,电网设备,300447.SZ,myquant-strategy,2026-06-25
SZ300466,赛摩智能,eastmoney,1,BK0457,电网设备,300466.SZ,myquant-strategy,2026-06-25
SZ300477,ST合纵,eastmoney,1,BK0457,电网设备,300477.SZ,myquant-strategy,2026-06-25
SZ300490,华自科技,eastmoney,1,BK0457,电网设备,300490.SZ,myquant-strategy,2026-06-25
SZ300510,金冠股份,eastmoney,1,BK0457,电网设备,300510.SZ,myquant-strategy,2026-06-25
SZ300514,友讯达,eastmoney,1,BK0457,电网设备,300514.SZ,myquant-strategy,2026-06-25
SZ300617,安靠智电,eastmoney,1,BK0457,电网设备,300617.SZ,myquant-strategy,2026-06-25
SZ300670,大烨智能,eastmoney,1,BK0457,电网设备,300670.SZ,myquant-strategy,2026-06-25
SZ300880,迦南智能,eastmoney,1,BK0457,电网设备,300880.SZ,myquant-strategy,2026-06-25
SZ300882,万胜智能,eastmoney,1,BK0457,电网设备,300882.SZ,myquant-strategy,2026-06-25
SZ300932,三友联众,eastmoney,1,BK0457,电网设备,300932.SZ,myquant-strategy,2026-06-25
SZ300933,中辰股份,eastmoney,1,BK0457,电网设备,300933.SZ,myquant-strategy,2026-06-25
SZ301002,崧盛股份,eastmoney,1,BK0457,电网设备,301002.SZ,myquant-strategy,2026-06-25
SZ301012,扬电科技,eastmoney,1,BK0457,电网设备,301012.SZ,myquant-strategy,2026-06-25
SZ301031,中熔电气,eastmoney,1,BK0457,电网设备,301031.SZ,myquant-strategy,2026-06-25
SZ301082,久盛电气,eastmoney,1,BK0457,电网设备,301082.SZ,myquant-strategy,2026-06-25
SZ301120,新特电气,eastmoney,1,BK0457,电网设备,301120.SZ,myquant-strategy,2026-06-25
SZ301291,明阳电气,eastmoney,1,BK0457,电网设备,301291.SZ,myquant-strategy,2026-06-25
SZ301295,美硕科技,eastmoney,1,BK0457,电网设备,301295.SZ,myquant-strategy,2026-06-25
SZ301310,鑫宏业,eastmoney,1,BK0457,电网设备,301310.SZ,myquant-strategy,2026-06-25
SZ301361,众智科技,eastmoney,1,BK0457,电网设备,301361.SZ,myquant-strategy,2026-06-25
SZ301388,欣灵电气,eastmoney,1,BK0457,电网设备,301388.SZ,myquant-strategy,2026-06-25
SZ301390,经纬股份,eastmoney,1,BK0457,电网设备,301390.SZ,myquant-strategy,2026-06-25
SZ301439,泓淋电力,eastmoney,1,BK0457,电网设备,301439.SZ,myquant-strategy,2026-06-25
SZ301609,山大电力,eastmoney,1,BK0457,电网设备,301609.SZ,myquant-strategy,2026-06-25
SZ301668,昊创瑞通,eastmoney,1,BK0457,电网设备,301668.SZ,myquant-strategy,2026-06-25
SZ920018,,eastmoney,1,BK0457,电网设备,920018.SZ,myquant-strategy,2026-06-25
SZ920037,,eastmoney,1,BK0457,电网设备,920037.SZ,myquant-strategy,2026-06-25
SZ920046,,eastmoney,1,BK0457,电网设备,920046.SZ,myquant-strategy,2026-06-25
SZ920062,,eastmoney,1,BK0457,电网设备,920062.SZ,myquant-strategy,2026-06-25
SZ920111,,eastmoney,1,BK0457,电网设备,920111.SZ,myquant-strategy,2026-06-25
SZ920496,,eastmoney,1,BK0457,电网设备,920496.SZ,myquant-strategy,2026-06-25
SZ920509,,eastmoney,1,BK0457,电网设备,920509.SZ,myquant-strategy,2026-06-25
SZ920639,,eastmoney,1,BK0457,电网设备,920639.SZ,myquant-strategy,2026-06-25
SZ920682,,eastmoney,1,BK0457,电网设备,920682.SZ,myquant-strategy,2026-06-25
SH601222,林洋能源,eastmoney,1,BK0458,仪器仪表,601222.SH,myquant-strategy,2026-06-25
SH603100,川仪股份,eastmoney,1,BK0458,仪器仪表,603100.SH,myquant-strategy,2026-06-25
SH603275,众辰科技,eastmoney,1,BK0458,仪器仪表,603275.SH,myquant-strategy,2026-06-25
SH603662,柯力传感,eastmoney,1,BK0458,仪器仪表,603662.SH,myquant-strategy,2026-06-25
SH603700,宁水集团,eastmoney,1,BK0458,仪器仪表,603700.SH,myquant-strategy,2026-06-25
SH605056,咸亨国际,eastmoney,1,BK0458,仪器仪表,605056.SH,myquant-strategy,2026-06-25
SH688056,莱伯泰科,eastmoney,1,BK0458,仪器仪表,688056.SH,myquant-strategy,2026-06-25
SH688112,鼎阳科技,eastmoney,1,BK0458,仪器仪表,688112.SH,myquant-strategy,2026-06-25
SH688115,思林杰,eastmoney,1,BK0458,仪器仪表,688115.SH,myquant-strategy,2026-06-25
SH688320,禾川科技,eastmoney,1,BK0458,仪器仪表,688320.SH,myquant-strategy,2026-06-25
SH688337,普源精电,eastmoney,1,BK0458,仪器仪表,688337.SH,myquant-strategy,2026-06-25
SH688450,光格科技,eastmoney,1,BK0458,仪器仪表,688450.SH,myquant-strategy,2026-06-25
SH688528,秦川物联,eastmoney,1,BK0458,仪器仪表,688528.SH,myquant-strategy,2026-06-25
SH688583,思看科技,eastmoney,1,BK0458,仪器仪表,688583.SH,myquant-strategy,2026-06-25
SH688600,皖仪科技,eastmoney,1,BK0458,仪器仪表,688600.SH,myquant-strategy,2026-06-25
SH688610,埃科光电,eastmoney,1,BK0458,仪器仪表,688610.SH,myquant-strategy,2026-06-25
SH688622,禾信仪器,eastmoney,1,BK0458,仪器仪表,688622.SH,myquant-strategy,2026-06-25
SH688628,优利德,eastmoney,1,BK0458,仪器仪表,688628.SH,myquant-strategy,2026-06-25
SH688665,四方光电,eastmoney,1,BK0458,仪器仪表,688665.SH,myquant-strategy,2026-06-25
SH688671,碧兴物联,eastmoney,1,BK0458,仪器仪表,688671.SH,myquant-strategy,2026-06-25
SH688686,奥普特,eastmoney,1,BK0458,仪器仪表,688686.SH,myquant-strategy,2026-06-25
SH688768,容知日新,eastmoney,1,BK0458,仪器仪表,688768.SH,myquant-strategy,2026-06-25
SZ300007,汉威科技,eastmoney,1,BK0458,仪器仪表,300007.SZ,myquant-strategy,2026-06-25
SZ300066,三川智慧,eastmoney,1,BK0458,仪器仪表,300066.SZ,myquant-strategy,2026-06-25
SZ300112,万讯自控,eastmoney,1,BK0458,仪器仪表,300112.SZ,myquant-strategy,2026-06-25
SZ300165,ST天瑞,eastmoney,1,BK0458,仪器仪表,300165.SZ,myquant-strategy,2026-06-25
SZ300203,聚光科技,eastmoney,1,BK0458,仪器仪表,300203.SZ,myquant-strategy,2026-06-25
SZ300259,新天科技,eastmoney,1,BK0458,仪器仪表,300259.SZ,myquant-strategy,2026-06-25
SZ300275,梅安森,eastmoney,1,BK0458,仪器仪表,300275.SZ,myquant-strategy,2026-06-25
SZ300306,远方信息,eastmoney,1,BK0458,仪器仪表,300306.SZ,myquant-strategy,2026-06-25
SZ300349,金卡智能,eastmoney,1,BK0458,仪器仪表,300349.SZ,myquant-strategy,2026-06-25
SZ300354,东华测试,eastmoney,1,BK0458,仪器仪表,300354.SZ,myquant-strategy,2026-06-25
SZ300370,安控科技,eastmoney,1,BK0458,仪器仪表,300370.SZ,myquant-strategy,2026-06-25
SZ300371,汇中股份,eastmoney,1,BK0458,仪器仪表,300371.SZ,myquant-strategy,2026-06-25
SZ300417,南华仪器,eastmoney,1,BK0458,仪器仪表,300417.SZ,myquant-strategy,2026-06-25
SZ300445,康斯特,eastmoney,1,BK0458,仪器仪表,300445.SZ,myquant-strategy,2026-06-25
SZ300515,三德科技,eastmoney,1,BK0458,仪器仪表,300515.SZ,myquant-strategy,2026-06-25
SZ300553,集智股份,eastmoney,1,BK0458,仪器仪表,300553.SZ,myquant-strategy,2026-06-25
SZ300557,理工光科,eastmoney,1,BK0458,仪器仪表,300557.SZ,myquant-strategy,2026-06-25
SZ300567,精测电子,eastmoney,1,BK0458,仪器仪表,300567.SZ,myquant-strategy,2026-06-25
SZ300667,必创科技,eastmoney,1,BK0458,仪器仪表,300667.SZ,myquant-strategy,2026-06-25
SZ300720,海川智能,eastmoney,1,BK0458,仪器仪表,300720.SZ,myquant-strategy,2026-06-25
SZ300838,浙江力诺,eastmoney,1,BK0458,仪器仪表,300838.SZ,myquant-strategy,2026-06-25
SZ300862,蓝盾光电,eastmoney,1,BK0458,仪器仪表,300862.SZ,myquant-strategy,2026-06-25
SZ300897,山科智能,eastmoney,1,BK0458,仪器仪表,300897.SZ,myquant-strategy,2026-06-25
SZ301006,迈拓股份,eastmoney,1,BK0458,仪器仪表,301006.SZ,myquant-strategy,2026-06-25
SZ301129,瑞纳智能,eastmoney,1,BK0458,仪器仪表,301129.SZ,myquant-strategy,2026-06-25
SZ301303,真兰仪表,eastmoney,1,BK0458,仪器仪表,301303.SZ,myquant-strategy,2026-06-25
SZ301510,固高科技,eastmoney,1,BK0458,仪器仪表,301510.SZ,myquant-strategy,2026-06-25
SZ301528,多浦乐,eastmoney,1,BK0458,仪器仪表,301528.SZ,myquant-strategy,2026-06-25
SZ920029,,eastmoney,1,BK0458,仪器仪表,920029.SZ,myquant-strategy,2026-06-25
SZ920145,,eastmoney,1,BK0458,仪器仪表,920145.SZ,myquant-strategy,2026-06-25
SZ920260,,eastmoney,1,BK0458,仪器仪表,920260.SZ,myquant-strategy,2026-06-25
SZ920299,,eastmoney,1,BK0458,仪器仪表,920299.SZ,myquant-strategy,2026-06-25
SZ920363,,eastmoney,1,BK0458,仪器仪表,920363.SZ,myquant-strategy,2026-06-25
SZ920375,,eastmoney,1,BK0458,仪器仪表,920375.SZ,myquant-strategy,2026-06-25
SZ920405,,eastmoney,1,BK0458,仪器仪表,920405.SZ,myquant-strategy,2026-06-25
SZ920407,,eastmoney,1,BK0458,仪器仪表,920407.SZ,myquant-strategy,2026-06-25
SZ920476,,eastmoney,1,BK0458,仪器仪表,920476.SZ,myquant-strategy,2026-06-25
SZ920491,,eastmoney,1,BK0458,仪器仪表,920491.SZ,myquant-strategy,2026-06-25
SZ920504,,eastmoney,1,BK0458,仪器仪表,920504.SZ,myquant-strategy,2026-06-25
SZ920556,,eastmoney,1,BK0458,仪器仪表,920556.SZ,myquant-strategy,2026-06-25
SZ920651,,eastmoney,1,BK0458,仪器仪表,920651.SZ,myquant-strategy,2026-06-25
SZ920685,,eastmoney,1,BK0458,仪器仪表,920685.SZ,myquant-strategy,2026-06-25
SZ920779,,eastmoney,1,BK0458,仪器仪表,920779.SZ,myquant-strategy,2026-06-25
SZ920879,,eastmoney,1,BK0458,仪器仪表,920879.SZ,myquant-strategy,2026-06-25
SH600183,生益科技,eastmoney,1,BK0459,电子元件,600183.SH,myquant-strategy,2026-06-25
SH600237,铜峰电子,eastmoney,1,BK0459,电子元件,600237.SH,myquant-strategy,2026-06-25
SH600288,大恒科技,eastmoney,1,BK0459,电子元件,600288.SH,myquant-strategy,2026-06-25
SH600353,旭光电子,eastmoney,1,BK0459,电子元件,600353.SH,myquant-strategy,2026-06-25
SH600478,科力远,eastmoney,1,BK0459,电子元件,600478.SH,myquant-strategy,2026-06-25
SH600563,法拉电子,eastmoney,1,BK0459,电子元件,600563.SH,myquant-strategy,2026-06-25
SH600601,方正科技,eastmoney,1,BK0459,电子元件,600601.SH,myquant-strategy,2026-06-25
SH600884,杉杉股份,eastmoney,1,BK0459,电子元件,600884.SH,myquant-strategy,2026-06-25
SH603052,可川科技,eastmoney,1,BK0459,电子元件,603052.SH,myquant-strategy,2026-06-25
SH603115,海星股份,eastmoney,1,BK0459,电子元件,603115.SH,myquant-strategy,2026-06-25
SH603124,江南新材,eastmoney,1,BK0459,电子元件,603124.SH,myquant-strategy,2026-06-25
SH603175,超颖电子,eastmoney,1,BK0459,电子元件,603175.SH,myquant-strategy,2026-06-25
SH603186,华正新材,eastmoney,1,BK0459,电子元件,603186.SH,myquant-strategy,2026-06-25
SH603228,景旺电子,eastmoney,1,BK0459,电子元件,603228.SH,myquant-strategy,2026-06-25
SH603267,鸿远电子,eastmoney,1,BK0459,电子元件,603267.SH,myquant-strategy,2026-06-25
SH603328,依顿电子,eastmoney,1,BK0459,电子元件,603328.SH,myquant-strategy,2026-06-25
SH603375,盛景微,eastmoney,1,BK0459,电子元件,603375.SH,myquant-strategy,2026-06-25
SH603386,骏亚科技,eastmoney,1,BK0459,电子元件,603386.SH,myquant-strategy,2026-06-25
SH603678,火炬电子,eastmoney,1,BK0459,电子元件,603678.SH,myquant-strategy,2026-06-25
SH603738,泰晶科技,eastmoney,1,BK0459,电子元件,603738.SH,myquant-strategy,2026-06-25
SH603920,世运电路,eastmoney,1,BK0459,电子元件,603920.SH,myquant-strategy,2026-06-25
SH603936,博敏电子,eastmoney,1,BK0459,电子元件,603936.SH,myquant-strategy,2026-06-25
SH603989,艾华集团,eastmoney,1,BK0459,电子元件,603989.SH,myquant-strategy,2026-06-25
SH605058,澳弘电子,eastmoney,1,BK0459,电子元件,605058.SH,myquant-strategy,2026-06-25
SH605258,协和电子,eastmoney,1,BK0459,电子元件,605258.SH,myquant-strategy,2026-06-25
SH688020,方邦股份,eastmoney,1,BK0459,电子元件,688020.SH,myquant-strategy,2026-06-25
SH688025,杰普特,eastmoney,1,BK0459,电子元件,688025.SH,myquant-strategy,2026-06-25
SH688035,德邦科技,eastmoney,1,BK0459,电子元件,688035.SH,myquant-strategy,2026-06-25
SH688053,ST思科瑞,eastmoney,1,BK0459,电子元件,688053.SH,myquant-strategy,2026-06-25
SH688093,世华科技,eastmoney,1,BK0459,电子元件,688093.SH,myquant-strategy,2026-06-25
SH688103,国力电子,eastmoney,1,BK0459,电子元件,688103.SH,myquant-strategy,2026-06-25
SH688143,长盈通,eastmoney,1,BK0459,电子元件,688143.SH,myquant-strategy,2026-06-25
SH688183,生益电子,eastmoney,1,BK0459,电子元件,688183.SH,myquant-strategy,2026-06-25
SH688210,统联精密,eastmoney,1,BK0459,电子元件,688210.SH,myquant-strategy,2026-06-25
SH688322,奥比中光-UW,eastmoney,1,BK0459,电子元件,688322.SH,myquant-strategy,2026-06-25
SH688371,菲沃泰,eastmoney,1,BK0459,电子元件,688371.SH,myquant-strategy,2026-06-25
SH688375,国博电子,eastmoney,1,BK0459,电子元件,688375.SH,myquant-strategy,2026-06-25
SH688489,三未信安,eastmoney,1,BK0459,电子元件,688489.SH,myquant-strategy,2026-06-25
SH688496,清越科技,eastmoney,1,BK0459,电子元件,688496.SH,myquant-strategy,2026-06-25
SH688511,*ST天微,eastmoney,1,BK0459,电子元件,688511.SH,myquant-strategy,2026-06-25
SH688519,南亚新材,eastmoney,1,BK0459,电子元件,688519.SH,myquant-strategy,2026-06-25
SH688539,高华科技,eastmoney,1,BK0459,电子元件,688539.SH,myquant-strategy,2026-06-25
SH688582,芯动联科,eastmoney,1,BK0459,电子元件,688582.SH,myquant-strategy,2026-06-25
SH688629,华丰科技,eastmoney,1,BK0459,电子元件,688629.SH,myquant-strategy,2026-06-25
SH688655,迅捷兴,eastmoney,1,BK0459,电子元件,688655.SH,myquant-strategy,2026-06-25
SH688662,富信科技,eastmoney,1,BK0459,电子元件,688662.SH,myquant-strategy,2026-06-25
SH688776,国光电气,eastmoney,1,BK0459,电子元件,688776.SH,myquant-strategy,2026-06-25
SH688800,瑞可达,eastmoney,1,BK0459,电子元件,688800.SH,myquant-strategy,2026-06-25
SZ200020,,eastmoney,1,BK0459,电子元件,200020.SZ,myquant-strategy,2026-06-25
SZ200541,,eastmoney,1,BK0459,电子元件,200541.SZ,myquant-strategy,2026-06-25
SZ200725,,eastmoney,1,BK0459,电子元件,200725.SZ,myquant-strategy,2026-06-25
SZ300124,汇川技术,eastmoney,1,BK0459,电子元件,300124.SZ,myquant-strategy,2026-06-25
SZ300220,金运激光,eastmoney,1,BK0459,电子元件,300220.SZ,myquant-strategy,2026-06-25
SZ300227,光韵达,eastmoney,1,BK0459,电子元件,300227.SZ,myquant-strategy,2026-06-25
SZ300319,麦捷科技,eastmoney,1,BK0459,电子元件,300319.SZ,myquant-strategy,2026-06-25
SZ300408,三环集团,eastmoney,1,BK0459,电子元件,300408.SZ,myquant-strategy,2026-06-25
SZ300460,ST惠伦,eastmoney,1,BK0459,电子元件,300460.SZ,myquant-strategy,2026-06-25
SZ300474,景嘉微,eastmoney,1,BK0459,电子元件,300474.SZ,myquant-strategy,2026-06-25
SZ300475,香农芯创,eastmoney,1,BK0459,电子元件,300475.SZ,myquant-strategy,2026-06-25
SZ300476,胜宏科技,eastmoney,1,BK0459,电子元件,300476.SZ,myquant-strategy,2026-06-25
SZ300516,久之洋,eastmoney,1,BK0459,电子元件,300516.SZ,myquant-strategy,2026-06-25
SZ300656,民德电子,eastmoney,1,BK0459,电子元件,300656.SZ,myquant-strategy,2026-06-25
SZ300657,弘信电子,eastmoney,1,BK0459,电子元件,300657.SZ,myquant-strategy,2026-06-25
SZ300726,宏达电子,eastmoney,1,BK0459,电子元件,300726.SZ,myquant-strategy,2026-06-25
SZ300739,明阳电路,eastmoney,1,BK0459,电子元件,300739.SZ,myquant-strategy,2026-06-25
SZ300747,锐科激光,eastmoney,1,BK0459,电子元件,300747.SZ,myquant-strategy,2026-06-25
SZ300814,中富电路,eastmoney,1,BK0459,电子元件,300814.SZ,myquant-strategy,2026-06-25
SZ300852,四会富仕,eastmoney,1,BK0459,电子元件,300852.SZ,myquant-strategy,2026-06-25
SZ300868,杰美特,eastmoney,1,BK0459,电子元件,300868.SZ,myquant-strategy,2026-06-25
SZ300903,科翔股份,eastmoney,1,BK0459,电子元件,300903.SZ,myquant-strategy,2026-06-25
SZ300936,中英科技,eastmoney,1,BK0459,电子元件,300936.SZ,myquant-strategy,2026-06-25
SZ300964,本川智能,eastmoney,1,BK0459,电子元件,300964.SZ,myquant-strategy,2026-06-25
SZ300991,创益通,eastmoney,1,BK0459,电子元件,300991.SZ,myquant-strategy,2026-06-25
SZ301021,英诺激光,eastmoney,1,BK0459,电子元件,301021.SZ,myquant-strategy,2026-06-25
SZ301041,金百泽,eastmoney,1,BK0459,电子元件,301041.SZ,myquant-strategy,2026-06-25
SZ301132,满坤科技,eastmoney,1,BK0459,电子元件,301132.SZ,myquant-strategy,2026-06-25
SZ301176,逸豪新材,eastmoney,1,BK0459,电子元件,301176.SZ,myquant-strategy,2026-06-25
SZ301217,铜冠铜箔,eastmoney,1,BK0459,电子元件,301217.SZ,myquant-strategy,2026-06-25
SZ301251,威尔高,eastmoney,1,BK0459,电子元件,301251.SZ,myquant-strategy,2026-06-25
SZ301280,珠城科技,eastmoney,1,BK0459,电子元件,301280.SZ,myquant-strategy,2026-06-25
SZ301282,金禄电子,eastmoney,1,BK0459,电子元件,301282.SZ,myquant-strategy,2026-06-25
SZ301285,鸿日达,eastmoney,1,BK0459,电子元件,301285.SZ,myquant-strategy,2026-06-25
SZ301319,唯特偶,eastmoney,1,BK0459,电子元件,301319.SZ,myquant-strategy,2026-06-25
SZ301320,豪江智能,eastmoney,1,BK0459,电子元件,301320.SZ,myquant-strategy,2026-06-25
SZ301328,维峰电子,eastmoney,1,BK0459,电子元件,301328.SZ,myquant-strategy,2026-06-25
SZ301329,信音电子,eastmoney,1,BK0459,电子元件,301329.SZ,myquant-strategy,2026-06-25
SZ301359,东南电子,eastmoney,1,BK0459,电子元件,301359.SZ,myquant-strategy,2026-06-25
SZ301366,一博科技,eastmoney,1,BK0459,电子元件,301366.SZ,myquant-strategy,2026-06-25
SZ301383,天键股份,eastmoney,1,BK0459,电子元件,301383.SZ,myquant-strategy,2026-06-25
SZ301389,隆扬电子,eastmoney,1,BK0459,电子元件,301389.SZ,myquant-strategy,2026-06-25
SZ301413,安培龙,eastmoney,1,BK0459,电子元件,301413.SZ,myquant-strategy,2026-06-25
SZ301458,钧崴电子,eastmoney,1,BK0459,电子元件,301458.SZ,myquant-strategy,2026-06-25
SZ301517,陕西华达,eastmoney,1,BK0459,电子元件,301517.SZ,myquant-strategy,2026-06-25
SZ301563,云汉芯城,eastmoney,1,BK0459,电子元件,301563.SZ,myquant-strategy,2026-06-25
SZ301566,达利凯普,eastmoney,1,BK0459,电子元件,301566.SZ,myquant-strategy,2026-06-25
SZ301571,国科天成,eastmoney,1,BK0459,电子元件,301571.SZ,myquant-strategy,2026-06-25
SZ301577,美信科技,eastmoney,1,BK0459,电子元件,301577.SZ,myquant-strategy,2026-06-25
SZ301622,英思特,eastmoney,1,BK0459,电子元件,301622.SZ,myquant-strategy,2026-06-25
SZ301628,强达电路,eastmoney,1,BK0459,电子元件,301628.SZ,myquant-strategy,2026-06-25
SZ301631,壹连科技,eastmoney,1,BK0459,电子元件,301631.SZ,myquant-strategy,2026-06-25
SZ900938,,eastmoney,1,BK0459,电子元件,900938.SZ,myquant-strategy,2026-06-25
SZ920008,,eastmoney,1,BK0459,电子元件,920008.SZ,myquant-strategy,2026-06-25
SZ920060,,eastmoney,1,BK0459,电子元件,920060.SZ,myquant-strategy,2026-06-25
SZ920110,,eastmoney,1,BK0459,电子元件,920110.SZ,myquant-strategy,2026-06-25
SZ920128,,eastmoney,1,BK0459,电子元件,920128.SZ,myquant-strategy,2026-06-25
SZ920212,,eastmoney,1,BK0459,电子元件,920212.SZ,myquant-strategy,2026-06-25
SZ920357,,eastmoney,1,BK0459,电子元件,920357.SZ,myquant-strategy,2026-06-25
SZ920374,,eastmoney,1,BK0459,电子元件,920374.SZ,myquant-strategy,2026-06-25
SZ920395,,eastmoney,1,BK0459,电子元件,920395.SZ,myquant-strategy,2026-06-25
SZ920701,,eastmoney,1,BK0459,电子元件,920701.SZ,myquant-strategy,2026-06-25
SZ920718,,eastmoney,1,BK0459,电子元件,920718.SZ,myquant-strategy,2026-06-25
SZ920821,,eastmoney,1,BK0459,电子元件,920821.SZ,myquant-strategy,2026-06-25
SZ920857,,eastmoney,1,BK0459,电子元件,920857.SZ,myquant-strategy,2026-06-25
SZ920914,,eastmoney,1,BK0459,电子元件,920914.SZ,myquant-strategy,2026-06-25
SZ920950,,eastmoney,1,BK0459,电子元件,920950.SZ,myquant-strategy,2026-06-25
SZ920981,,eastmoney,1,BK0459,电子元件,920981.SZ,myquant-strategy,2026-06-25
SH600028,中国石化,eastmoney,1,BK0464,石油行业,600028.SH,myquant-strategy,2026-06-25
SH600256,广汇能源,eastmoney,1,BK0464,石油行业,600256.SH,myquant-strategy,2026-06-25
SH600506,统一股份,eastmoney,1,BK0464,石油行业,600506.SH,myquant-strategy,2026-06-25
SH600688,上海石化,eastmoney,1,BK0464,石油行业,600688.SH,myquant-strategy,2026-06-25
SH600759,洲际油气,eastmoney,1,BK0464,石油行业,600759.SH,myquant-strategy,2026-06-25
SH600777,*ST新潮,eastmoney,1,BK0464,石油行业,600777.SH,myquant-strategy,2026-06-25
SH600938,中国海油,eastmoney,1,BK0464,石油行业,600938.SH,myquant-strategy,2026-06-25
SH601857,中国石油,eastmoney,1,BK0464,石油行业,601857.SH,myquant-strategy,2026-06-25
SH603353,和顺石油,eastmoney,1,BK0464,石油行业,603353.SH,myquant-strategy,2026-06-25
SH603798,康普顿,eastmoney,1,BK0464,石油行业,603798.SH,myquant-strategy,2026-06-25
SZ300839,博汇股份,eastmoney,1,BK0464,石油行业,300839.SZ,myquant-strategy,2026-06-25
SH600062,华润双鹤,eastmoney,1,BK0465,化学制药,600062.SH,myquant-strategy,2026-06-25
SH600079,ST人福,eastmoney,1,BK0465,化学制药,600079.SH,myquant-strategy,2026-06-25
SH600196,复星医药,eastmoney,1,BK0465,化学制药,600196.SH,myquant-strategy,2026-06-25
SH600200,,eastmoney,1,BK0465,化学制药,600200.SH,myquant-strategy,2026-06-25
SH600216,浙江医药,eastmoney,1,BK0465,化学制药,600216.SH,myquant-strategy,2026-06-25
SH600267,海正药业,eastmoney,1,BK0465,化学制药,600267.SH,myquant-strategy,2026-06-25
SH600276,恒瑞医药,eastmoney,1,BK0465,化学制药,600276.SH,myquant-strategy,2026-06-25
SH600380,健康元,eastmoney,1,BK0465,化学制药,600380.SH,myquant-strategy,2026-06-25
SH600420,国药现代,eastmoney,1,BK0465,化学制药,600420.SH,myquant-strategy,2026-06-25
SH600488,津药药业,eastmoney,1,BK0465,化学制药,600488.SH,myquant-strategy,2026-06-25
SH600513,联环药业,eastmoney,1,BK0465,化学制药,600513.SH,myquant-strategy,2026-06-25
SH600521,华海药业,eastmoney,1,BK0465,化学制药,600521.SH,myquant-strategy,2026-06-25
SH600613,神奇制药,eastmoney,1,BK0465,化学制药,600613.SH,myquant-strategy,2026-06-25
SH600664,哈药股份,eastmoney,1,BK0465,化学制药,600664.SH,myquant-strategy,2026-06-25
SH600774,汉商集团,eastmoney,1,BK0465,化学制药,600774.SH,myquant-strategy,2026-06-25
SH600789,鲁抗医药,eastmoney,1,BK0465,化学制药,600789.SH,myquant-strategy,2026-06-25
SH600812,华北制药,eastmoney,1,BK0465,化学制药,600812.SH,myquant-strategy,2026-06-25
SH600851,海欣股份,eastmoney,1,BK0465,化学制药,600851.SH,myquant-strategy,2026-06-25
SH601089,福元医药,eastmoney,1,BK0465,化学制药,601089.SH,myquant-strategy,2026-06-25
SH603168,莎普爱思,eastmoney,1,BK0465,化学制药,603168.SH,myquant-strategy,2026-06-25
SH603207,小方制药,eastmoney,1,BK0465,化学制药,603207.SH,myquant-strategy,2026-06-25
SH603222,济民健康,eastmoney,1,BK0465,化学制药,603222.SH,myquant-strategy,2026-06-25
SH603229,奥翔药业,eastmoney,1,BK0465,化学制药,603229.SH,myquant-strategy,2026-06-25
SH603351,威尔药业,eastmoney,1,BK0465,化学制药,603351.SH,myquant-strategy,2026-06-25
SH603367,辰欣药业,eastmoney,1,BK0465,化学制药,603367.SH,myquant-strategy,2026-06-25
SH603456,九洲药业,eastmoney,1,BK0465,化学制药,603456.SH,myquant-strategy,2026-06-25
SH603520,司太立,eastmoney,1,BK0465,化学制药,603520.SH,myquant-strategy,2026-06-25
SH603538,美诺华,eastmoney,1,BK0465,化学制药,603538.SH,myquant-strategy,2026-06-25
SH603669,灵康药业,eastmoney,1,BK0465,化学制药,603669.SH,myquant-strategy,2026-06-25
SH603676,卫信康,eastmoney,1,BK0465,化学制药,603676.SH,myquant-strategy,2026-06-25
SH603707,健友股份,eastmoney,1,BK0465,化学制药,603707.SH,myquant-strategy,2026-06-25
SH603811,诚意药业,eastmoney,1,BK0465,化学制药,603811.SH,myquant-strategy,2026-06-25
SH605116,奥锐特,eastmoney,1,BK0465,化学制药,605116.SH,myquant-strategy,2026-06-25
SH605177,东亚药业,eastmoney,1,BK0465,化学制药,605177.SH,myquant-strategy,2026-06-25
SH605507,国邦医药,eastmoney,1,BK0465,化学制药,605507.SH,myquant-strategy,2026-06-25
SH688076,ST诺泰,eastmoney,1,BK0465,化学制药,688076.SH,myquant-strategy,2026-06-25
SH688091,上海谊众,eastmoney,1,BK0465,化学制药,688091.SH,myquant-strategy,2026-06-25
SH688117,圣诺生物,eastmoney,1,BK0465,化学制药,688117.SH,myquant-strategy,2026-06-25
SH688131,皓元医药,eastmoney,1,BK0465,化学制药,688131.SH,myquant-strategy,2026-06-25
SH688166,博瑞医药,eastmoney,1,BK0465,化学制药,688166.SH,myquant-strategy,2026-06-25
SH688189,南新制药,eastmoney,1,BK0465,化学制药,688189.SH,myquant-strategy,2026-06-25
SH688192,迪哲医药-U,eastmoney,1,BK0465,化学制药,688192.SH,myquant-strategy,2026-06-25
SH688221,前沿生物-U,eastmoney,1,BK0465,化学制药,688221.SH,myquant-strategy,2026-06-25
SH688247,宣泰医药,eastmoney,1,BK0465,化学制药,688247.SH,myquant-strategy,2026-06-25
SH688266,泽璟制药-U,eastmoney,1,BK0465,化学制药,688266.SH,myquant-strategy,2026-06-25
SH688321,微芯生物,eastmoney,1,BK0465,化学制药,688321.SH,myquant-strategy,2026-06-25
SH688356,键凯科技,eastmoney,1,BK0465,化学制药,688356.SH,myquant-strategy,2026-06-25
SH688505,复旦张江,eastmoney,1,BK0465,化学制药,688505.SH,myquant-strategy,2026-06-25
SH688513,苑东生物,eastmoney,1,BK0465,化学制药,688513.SH,myquant-strategy,2026-06-25
SH688553,汇宇制药-W,eastmoney,1,BK0465,化学制药,688553.SH,myquant-strategy,2026-06-25
SH688566,吉贝尔,eastmoney,1,BK0465,化学制药,688566.SH,myquant-strategy,2026-06-25
SH688578,艾力斯,eastmoney,1,BK0465,化学制药,688578.SH,myquant-strategy,2026-06-25
SH688658,悦康药业,eastmoney,1,BK0465,化学制药,688658.SH,myquant-strategy,2026-06-25
SH688670,金迪克,eastmoney,1,BK0465,化学制药,688670.SH,myquant-strategy,2026-06-25
SH688690,纳微科技,eastmoney,1,BK0465,化学制药,688690.SH,myquant-strategy,2026-06-25
SH688799,华纳药厂,eastmoney,1,BK0465,化学制药,688799.SH,myquant-strategy,2026-06-25
SZ300006,莱美药业,eastmoney,1,BK0465,化学制药,300006.SZ,myquant-strategy,2026-06-25
SZ300016,北陆药业,eastmoney,1,BK0465,化学制药,300016.SZ,myquant-strategy,2026-06-25
SZ300086,康芝药业,eastmoney,1,BK0465,化学制药,300086.SZ,myquant-strategy,2026-06-25
SZ300110,华仁药业,eastmoney,1,BK0465,化学制药,300110.SZ,myquant-strategy,2026-06-25
SZ300111,向日葵,eastmoney,1,BK0465,化学制药,300111.SZ,myquant-strategy,2026-06-25
SZ300158,振东制药,eastmoney,1,BK0465,化学制药,300158.SZ,myquant-strategy,2026-06-25
SZ300194,福安药业,eastmoney,1,BK0465,化学制药,300194.SZ,myquant-strategy,2026-06-25
SZ300199,翰宇药业,eastmoney,1,BK0465,化学制药,300199.SZ,myquant-strategy,2026-06-25
SZ300233,金城医药,eastmoney,1,BK0465,化学制药,300233.SZ,myquant-strategy,2026-06-25
SZ300254,仟源医药,eastmoney,1,BK0465,化学制药,300254.SZ,myquant-strategy,2026-06-25
SZ300255,常山药业,eastmoney,1,BK0465,化学制药,300255.SZ,myquant-strategy,2026-06-25
SZ300267,尔康制药,eastmoney,1,BK0465,化学制药,300267.SZ,myquant-strategy,2026-06-25
SZ300363,博腾股份,eastmoney,1,BK0465,化学制药,300363.SZ,myquant-strategy,2026-06-25
SZ300381,溢多利,eastmoney,1,BK0465,化学制药,300381.SZ,myquant-strategy,2026-06-25
SZ300401,花园生物,eastmoney,1,BK0465,化学制药,300401.SZ,myquant-strategy,2026-06-25
SZ300434,金石亚药,eastmoney,1,BK0465,化学制药,300434.SZ,myquant-strategy,2026-06-25
SZ300436,广生堂,eastmoney,1,BK0465,化学制药,300436.SZ,myquant-strategy,2026-06-25
SZ300452,山河药辅,eastmoney,1,BK0465,化学制药,300452.SZ,myquant-strategy,2026-06-25
SZ300497,富祥药业,eastmoney,1,BK0465,化学制药,300497.SZ,myquant-strategy,2026-06-25
SZ300558,贝达药业,eastmoney,1,BK0465,化学制药,300558.SZ,myquant-strategy,2026-06-25
SZ300573,兴齐眼药,eastmoney,1,BK0465,化学制药,300573.SZ,myquant-strategy,2026-06-25
SZ300583,赛托生物,eastmoney,1,BK0465,化学制药,300583.SZ,myquant-strategy,2026-06-25
SZ300584,海辰药业,eastmoney,1,BK0465,化学制药,300584.SZ,myquant-strategy,2026-06-25
SZ300636,同和药业,eastmoney,1,BK0465,化学制药,300636.SZ,myquant-strategy,2026-06-25
SZ300702,天宇股份,eastmoney,1,BK0465,化学制药,300702.SZ,myquant-strategy,2026-06-25
SZ300705,九典制药,eastmoney,1,BK0465,化学制药,300705.SZ,myquant-strategy,2026-06-25
SZ300723,一品红,eastmoney,1,BK0465,化学制药,300723.SZ,myquant-strategy,2026-06-25
SZ300725,药石科技,eastmoney,1,BK0465,化学制药,300725.SZ,myquant-strategy,2026-06-25
SZ300942,易瑞生物,eastmoney,1,BK0465,化学制药,300942.SZ,myquant-strategy,2026-06-25
SZ300966,共同药业,eastmoney,1,BK0465,化学制药,300966.SZ,myquant-strategy,2026-06-25
SZ301075,多瑞医药,eastmoney,1,BK0465,化学制药,301075.SZ,myquant-strategy,2026-06-25
SZ301089,拓新药业,eastmoney,1,BK0465,化学制药,301089.SZ,myquant-strategy,2026-06-25
SZ301130,西点药业,eastmoney,1,BK0465,化学制药,301130.SZ,myquant-strategy,2026-06-25
SZ301211,亨迪药业,eastmoney,1,BK0465,化学制药,301211.SZ,myquant-strategy,2026-06-25
SZ301246,宏源药业,eastmoney,1,BK0465,化学制药,301246.SZ,myquant-strategy,2026-06-25
SZ301258,富士莱,eastmoney,1,BK0465,化学制药,301258.SZ,myquant-strategy,2026-06-25
SZ301277,新天地,eastmoney,1,BK0465,化学制药,301277.SZ,myquant-strategy,2026-06-25
SZ301281,科源制药,eastmoney,1,BK0465,化学制药,301281.SZ,myquant-strategy,2026-06-25
SZ301507,民生健康,eastmoney,1,BK0465,化学制药,301507.SZ,myquant-strategy,2026-06-25
SZ900904,,eastmoney,1,BK0465,化学制药,900904.SZ,myquant-strategy,2026-06-25
SZ900917,,eastmoney,1,BK0465,化学制药,900917.SZ,myquant-strategy,2026-06-25
SZ920017,,eastmoney,1,BK0465,化学制药,920017.SZ,myquant-strategy,2026-06-25
SZ920367,,eastmoney,1,BK0465,化学制药,920367.SZ,myquant-strategy,2026-06-25
SZ920478,,eastmoney,1,BK0465,化学制药,920478.SZ,myquant-strategy,2026-06-25
SZ920547,,eastmoney,1,BK0465,化学制药,920547.SZ,myquant-strategy,2026-06-25
SZ920566,,eastmoney,1,BK0465,化学制药,920566.SZ,myquant-strategy,2026-06-25
SZ920735,,eastmoney,1,BK0465,化学制药,920735.SZ,myquant-strategy,2026-06-25
SZ920946,,eastmoney,1,BK0465,化学制药,920946.SZ,myquant-strategy,2026-06-25
SH600103,青山纸业,eastmoney,1,BK0470,造纸印刷,600103.SH,myquant-strategy,2026-06-25
SH600235,民丰特纸,eastmoney,1,BK0470,造纸印刷,600235.SH,myquant-strategy,2026-06-25
SH600308,华泰股份,eastmoney,1,BK0470,造纸印刷,600308.SH,myquant-strategy,2026-06-25
SH600356,恒丰纸业,eastmoney,1,BK0470,造纸印刷,600356.SH,myquant-strategy,2026-06-25
SH600433,冠豪高新,eastmoney,1,BK0470,造纸印刷,600433.SH,myquant-strategy,2026-06-25
SH600567,山鹰国际,eastmoney,1,BK0470,造纸印刷,600567.SH,myquant-strategy,2026-06-25
SH600793,宜宾纸业,eastmoney,1,BK0470,造纸印刷,600793.SH,myquant-strategy,2026-06-25
SH600963,岳阳林纸,eastmoney,1,BK0470,造纸印刷,600963.SH,myquant-strategy,2026-06-25
SH600966,博汇纸业,eastmoney,1,BK0470,造纸印刷,600966.SH,myquant-strategy,2026-06-25
SH603058,永吉股份,eastmoney,1,BK0470,造纸印刷,603058.SH,myquant-strategy,2026-06-25
SH603165,荣晟环保,eastmoney,1,BK0470,造纸印刷,603165.SH,myquant-strategy,2026-06-25
SH603429,集友股份,eastmoney,1,BK0470,造纸印刷,603429.SH,myquant-strategy,2026-06-25
SH603499,翔港科技,eastmoney,1,BK0470,造纸印刷,603499.SH,myquant-strategy,2026-06-25
SH603607,京华激光,eastmoney,1,BK0470,造纸印刷,603607.SH,myquant-strategy,2026-06-25
SH603733,仙鹤股份,eastmoney,1,BK0470,造纸印刷,603733.SH,myquant-strategy,2026-06-25
SH603863,松炀资源,eastmoney,1,BK0470,造纸印刷,603863.SH,myquant-strategy,2026-06-25
SH605007,五洲特纸,eastmoney,1,BK0470,造纸印刷,605007.SH,myquant-strategy,2026-06-25
SH605377,华旺科技,eastmoney,1,BK0470,造纸印刷,605377.SH,myquant-strategy,2026-06-25
SH605500,森林包装,eastmoney,1,BK0470,造纸印刷,605500.SH,myquant-strategy,2026-06-25
SZ200488,,eastmoney,1,BK0470,造纸印刷,200488.SZ,myquant-strategy,2026-06-25
SZ300883,龙利得,eastmoney,1,BK0470,造纸印刷,300883.SZ,myquant-strategy,2026-06-25
SZ301355,南王科技,eastmoney,1,BK0470,造纸印刷,301355.SZ,myquant-strategy,2026-06-25
SZ301469,恒达新材,eastmoney,1,BK0470,造纸印刷,301469.SZ,myquant-strategy,2026-06-25
SZ920075,,eastmoney,1,BK0470,造纸印刷,920075.SZ,myquant-strategy,2026-06-25
SZ920394,,eastmoney,1,BK0470,造纸印刷,920394.SZ,myquant-strategy,2026-06-25
SZ920553,,eastmoney,1,BK0470,造纸印刷,920553.SZ,myquant-strategy,2026-06-25
SH600063,皖维高新,eastmoney,1,BK0471,化纤行业,600063.SH,myquant-strategy,2026-06-25
SH600346,恒力石化,eastmoney,1,BK0471,化纤行业,600346.SH,myquant-strategy,2026-06-25
SH600527,江南高纤,eastmoney,1,BK0471,化纤行业,600527.SH,myquant-strategy,2026-06-25
SH600810,神马股份,eastmoney,1,BK0471,化纤行业,600810.SH,myquant-strategy,2026-06-25
SH600889,南京化纤,eastmoney,1,BK0471,化纤行业,600889.SH,myquant-strategy,2026-06-25
SH601113,华鼎股份,eastmoney,1,BK0471,化纤行业,601113.SH,myquant-strategy,2026-06-25
SH601233,桐昆股份,eastmoney,1,BK0471,化纤行业,601233.SH,myquant-strategy,2026-06-25
SH603225,新凤鸣,eastmoney,1,BK0471,化纤行业,603225.SH,myquant-strategy,2026-06-25
SH603332,苏州龙杰,eastmoney,1,BK0471,化纤行业,603332.SH,myquant-strategy,2026-06-25
SH603382,海阳科技,eastmoney,1,BK0471,化纤行业,603382.SH,myquant-strategy,2026-06-25
SH603406,天富龙,eastmoney,1,BK0471,化纤行业,603406.SH,myquant-strategy,2026-06-25
SH688203,海正生材,eastmoney,1,BK0471,化纤行业,688203.SH,myquant-strategy,2026-06-25
SH688295,中复神鹰,eastmoney,1,BK0471,化纤行业,688295.SH,myquant-strategy,2026-06-25
SH688722,同益中,eastmoney,1,BK0471,化纤行业,688722.SH,myquant-strategy,2026-06-25
SZ300777,中简科技,eastmoney,1,BK0471,化纤行业,300777.SZ,myquant-strategy,2026-06-25
SZ300876,蒙泰高新,eastmoney,1,BK0471,化纤行业,300876.SZ,myquant-strategy,2026-06-25
SZ301057,汇隆新材,eastmoney,1,BK0471,化纤行业,301057.SZ,myquant-strategy,2026-06-25
SZ920077,,eastmoney,1,BK0471,化纤行业,920077.SZ,myquant-strategy,2026-06-25
SH600030,中信证券,eastmoney,1,BK0473,证券,600030.SH,myquant-strategy,2026-06-25
SH600061,国投资本,eastmoney,1,BK0473,证券,600061.SH,myquant-strategy,2026-06-25
SH600095,湘财股份,eastmoney,1,BK0473,证券,600095.SH,myquant-strategy,2026-06-25
SH600109,国金证券,eastmoney,1,BK0473,证券,600109.SH,myquant-strategy,2026-06-25
SH600155,华创云信,eastmoney,1,BK0473,证券,600155.SH,myquant-strategy,2026-06-25
SH600369,西南证券,eastmoney,1,BK0473,证券,600369.SH,myquant-strategy,2026-06-25
SH600621,华鑫股份,eastmoney,1,BK0473,证券,600621.SH,myquant-strategy,2026-06-25
SH600864,哈投股份,eastmoney,1,BK0473,证券,600864.SH,myquant-strategy,2026-06-25
SH600906,财达证券,eastmoney,1,BK0473,证券,600906.SH,myquant-strategy,2026-06-25
SH600909,华安证券,eastmoney,1,BK0473,证券,600909.SH,myquant-strategy,2026-06-25
SH600918,中泰证券,eastmoney,1,BK0473,证券,600918.SH,myquant-strategy,2026-06-25
SH600958,东方证券,eastmoney,1,BK0473,证券,600958.SH,myquant-strategy,2026-06-25
SH600999,招商证券,eastmoney,1,BK0473,证券,600999.SH,myquant-strategy,2026-06-25
SH601059,信达证券,eastmoney,1,BK0473,证券,601059.SH,myquant-strategy,2026-06-25
SH601066,中信建投,eastmoney,1,BK0473,证券,601066.SH,myquant-strategy,2026-06-25
SH601099,太平洋,eastmoney,1,BK0473,证券,601099.SH,myquant-strategy,2026-06-25
SH601108,财通证券,eastmoney,1,BK0473,证券,601108.SH,myquant-strategy,2026-06-25
SH601136,首创证券,eastmoney,1,BK0473,证券,601136.SH,myquant-strategy,2026-06-25
SH601162,天风证券,eastmoney,1,BK0473,证券,601162.SH,myquant-strategy,2026-06-25
SH601198,东兴证券,eastmoney,1,BK0473,证券,601198.SH,myquant-strategy,2026-06-25
SH601211,国泰海通,eastmoney,1,BK0473,证券,601211.SH,myquant-strategy,2026-06-25
SH601236,红塔证券,eastmoney,1,BK0473,证券,601236.SH,myquant-strategy,2026-06-25
SH601375,中原证券,eastmoney,1,BK0473,证券,601375.SH,myquant-strategy,2026-06-25
SH601377,兴业证券,eastmoney,1,BK0473,证券,601377.SH,myquant-strategy,2026-06-25
SH601456,国联民生,eastmoney,1,BK0473,证券,601456.SH,myquant-strategy,2026-06-25
SH601555,东吴证券,eastmoney,1,BK0473,证券,601555.SH,myquant-strategy,2026-06-25
SH601688,华泰证券,eastmoney,1,BK0473,证券,601688.SH,myquant-strategy,2026-06-25
SH601696,中银证券,eastmoney,1,BK0473,证券,601696.SH,myquant-strategy,2026-06-25
SH601788,光大证券,eastmoney,1,BK0473,证券,601788.SH,myquant-strategy,2026-06-25
SH601878,浙商证券,eastmoney,1,BK0473,证券,601878.SH,myquant-strategy,2026-06-25
SH601881,中国银河,eastmoney,1,BK0473,证券,601881.SH,myquant-strategy,2026-06-25
SH601901,XD方正证,eastmoney,1,BK0473,证券,601901.SH,myquant-strategy,2026-06-25
SH601990,南京证券,eastmoney,1,BK0473,证券,601990.SH,myquant-strategy,2026-06-25
SH601995,中金公司,eastmoney,1,BK0473,证券,601995.SH,myquant-strategy,2026-06-25
SH601318,中国平安,eastmoney,1,BK0474,保险,601318.SH,myquant-strategy,2026-06-25
SH601319,中国人保,eastmoney,1,BK0474,保险,601319.SH,myquant-strategy,2026-06-25
SH601336,新华保险,eastmoney,1,BK0474,保险,601336.SH,myquant-strategy,2026-06-25
SH601601,中国太保,eastmoney,1,BK0474,保险,601601.SH,myquant-strategy,2026-06-25
SH601628,中国人寿,eastmoney,1,BK0474,保险,601628.SH,myquant-strategy,2026-06-25
SH600000,浦发银行,eastmoney,1,BK0475,银行,600000.SH,myquant-strategy,2026-06-25
SH600015,华夏银行,eastmoney,1,BK0475,银行,600015.SH,myquant-strategy,2026-06-25
SH600016,民生银行,eastmoney,1,BK0475,银行,600016.SH,myquant-strategy,2026-06-25
SH600036,招商银行,eastmoney,1,BK0475,银行,600036.SH,myquant-strategy,2026-06-25
SH600908,无锡银行,eastmoney,1,BK0475,银行,600908.SH,myquant-strategy,2026-06-25
SH600919,江苏银行,eastmoney,1,BK0475,银行,600919.SH,myquant-strategy,2026-06-25
SH600926,杭州银行,eastmoney,1,BK0475,银行,600926.SH,myquant-strategy,2026-06-25
SH600928,西安银行,eastmoney,1,BK0475,银行,600928.SH,myquant-strategy,2026-06-25
SH601009,南京银行,eastmoney,1,BK0475,银行,601009.SH,myquant-strategy,2026-06-25
SH601077,渝农商行,eastmoney,1,BK0475,银行,601077.SH,myquant-strategy,2026-06-25
SH601128,常熟银行,eastmoney,1,BK0475,银行,601128.SH,myquant-strategy,2026-06-25
SH601166,XD兴业银,eastmoney,1,BK0475,银行,601166.SH,myquant-strategy,2026-06-25
SH601169,北京银行,eastmoney,1,BK0475,银行,601169.SH,myquant-strategy,2026-06-25
SH601187,厦门银行,eastmoney,1,BK0475,银行,601187.SH,myquant-strategy,2026-06-25
SH601229,上海银行,eastmoney,1,BK0475,银行,601229.SH,myquant-strategy,2026-06-25
SH601288,农业银行,eastmoney,1,BK0475,银行,601288.SH,myquant-strategy,2026-06-25
SH601328,交通银行,eastmoney,1,BK0475,银行,601328.SH,myquant-strategy,2026-06-25
SH601398,工商银行,eastmoney,1,BK0475,银行,601398.SH,myquant-strategy,2026-06-25
SH601528,瑞丰银行,eastmoney,1,BK0475,银行,601528.SH,myquant-strategy,2026-06-25
SH601577,长沙银行,eastmoney,1,BK0475,银行,601577.SH,myquant-strategy,2026-06-25
SH601658,邮储银行,eastmoney,1,BK0475,银行,601658.SH,myquant-strategy,2026-06-25
SH601665,齐鲁银行,eastmoney,1,BK0475,银行,601665.SH,myquant-strategy,2026-06-25
SH601818,光大银行,eastmoney,1,BK0475,银行,601818.SH,myquant-strategy,2026-06-25
SH601825,沪农商行,eastmoney,1,BK0475,银行,601825.SH,myquant-strategy,2026-06-25
SH601838,成都银行,eastmoney,1,BK0475,银行,601838.SH,myquant-strategy,2026-06-25
SH601860,紫金银行,eastmoney,1,BK0475,银行,601860.SH,myquant-strategy,2026-06-25
SH601916,浙商银行,eastmoney,1,BK0475,银行,601916.SH,myquant-strategy,2026-06-25
SH601939,建设银行,eastmoney,1,BK0475,银行,601939.SH,myquant-strategy,2026-06-25
SH601963,重庆银行,eastmoney,1,BK0475,银行,601963.SH,myquant-strategy,2026-06-25
SH601988,中国银行,eastmoney,1,BK0475,银行,601988.SH,myquant-strategy,2026-06-25
SH601997,贵阳银行,eastmoney,1,BK0475,银行,601997.SH,myquant-strategy,2026-06-25
SH601998,中信银行,eastmoney,1,BK0475,银行,601998.SH,myquant-strategy,2026-06-25
SH603323,苏农银行,eastmoney,1,BK0475,银行,603323.SH,myquant-strategy,2026-06-25
SH600076,康欣新材,eastmoney,1,BK0476,装修建材,600076.SH,myquant-strategy,2026-06-25
SH600337,美克家居,eastmoney,1,BK0476,装修建材,600337.SH,myquant-strategy,2026-06-25
SH601996,丰林集团,eastmoney,1,BK0476,装修建材,601996.SH,myquant-strategy,2026-06-25
SH603008,喜临门,eastmoney,1,BK0476,装修建材,603008.SH,myquant-strategy,2026-06-25
SH603137,恒尚节能,eastmoney,1,BK0476,装修建材,603137.SH,myquant-strategy,2026-06-25
SH603180,金牌家居,eastmoney,1,BK0476,装修建材,603180.SH,myquant-strategy,2026-06-25
SH603208,江山欧派,eastmoney,1,BK0476,装修建材,603208.SH,myquant-strategy,2026-06-25
SH603226,菲林格尔,eastmoney,1,BK0476,装修建材,603226.SH,myquant-strategy,2026-06-25
SH603313,梦百合,eastmoney,1,BK0476,装修建材,603313.SH,myquant-strategy,2026-06-25
SH603326,我乐家居,eastmoney,1,BK0476,装修建材,603326.SH,myquant-strategy,2026-06-25
SH603378,亚士创能,eastmoney,1,BK0476,装修建材,603378.SH,myquant-strategy,2026-06-25
SH603389,*ST亚振,eastmoney,1,BK0476,装修建材,603389.SH,myquant-strategy,2026-06-25
SH603600,永艺股份,eastmoney,1,BK0476,装修建材,603600.SH,myquant-strategy,2026-06-25
SH603610,麒盛科技,eastmoney,1,BK0476,装修建材,603610.SH,myquant-strategy,2026-06-25
SH603661,恒林股份,eastmoney,1,BK0476,装修建材,603661.SH,myquant-strategy,2026-06-25
SH603709,中源家居,eastmoney,1,BK0476,装修建材,603709.SH,myquant-strategy,2026-06-25
SH603737,三棵树,eastmoney,1,BK0476,装修建材,603737.SH,myquant-strategy,2026-06-25
SH603801,志邦家居,eastmoney,1,BK0476,装修建材,603801.SH,myquant-strategy,2026-06-25
SH603816,顾家家居,eastmoney,1,BK0476,装修建材,603816.SH,myquant-strategy,2026-06-25
SH603818,曲美家居,eastmoney,1,BK0476,装修建材,603818.SH,myquant-strategy,2026-06-25
SH603833,欧派家居,eastmoney,1,BK0476,装修建材,603833.SH,myquant-strategy,2026-06-25
SH603838,*ST四通,eastmoney,1,BK0476,装修建材,603838.SH,myquant-strategy,2026-06-25
SH603856,东宏股份,eastmoney,1,BK0476,装修建材,603856.SH,myquant-strategy,2026-06-25
SH603898,好莱客,eastmoney,1,BK0476,装修建材,603898.SH,myquant-strategy,2026-06-25
SH603992,松霖科技,eastmoney,1,BK0476,装修建材,603992.SH,myquant-strategy,2026-06-25
SZ300198,ST纳川,eastmoney,1,BK0476,装修建材,300198.SZ,myquant-strategy,2026-06-25
SZ300234,开尔新材,eastmoney,1,BK0476,装修建材,300234.SZ,myquant-strategy,2026-06-25
SZ300599,雄塑科技,eastmoney,1,BK0476,装修建材,300599.SZ,myquant-strategy,2026-06-25
SZ300616,尚品宅配,eastmoney,1,BK0476,装修建材,300616.SZ,myquant-strategy,2026-06-25
SZ300715,凯伦股份,eastmoney,1,BK0476,装修建材,300715.SZ,myquant-strategy,2026-06-25
SZ300737,科顺股份,eastmoney,1,BK0476,装修建材,300737.SZ,myquant-strategy,2026-06-25
SZ300749,顶固集创,eastmoney,1,BK0476,装修建材,300749.SZ,myquant-strategy,2026-06-25
SZ301010,晶雪节能,eastmoney,1,BK0476,装修建材,301010.SZ,myquant-strategy,2026-06-25
SZ301227,森鹰窗业,eastmoney,1,BK0476,装修建材,301227.SZ,myquant-strategy,2026-06-25
SZ301429,森泰股份,eastmoney,1,BK0476,装修建材,301429.SZ,myquant-strategy,2026-06-25
SH600059,古越龙山,eastmoney,1,BK0477,酿酒行业,600059.SH,myquant-strategy,2026-06-25
SH600084,中信尼雅,eastmoney,1,BK0477,酿酒行业,600084.SH,myquant-strategy,2026-06-25
SH600132,重庆啤酒,eastmoney,1,BK0477,酿酒行业,600132.SH,myquant-strategy,2026-06-25
SH600197,伊力特,eastmoney,1,BK0477,酿酒行业,600197.SH,myquant-strategy,2026-06-25
SH600199,金种子酒,eastmoney,1,BK0477,酿酒行业,600199.SH,myquant-strategy,2026-06-25
SH600238,*ST椰岛,eastmoney,1,BK0477,酿酒行业,600238.SH,myquant-strategy,2026-06-25
SH600365,ST通葡,eastmoney,1,BK0477,酿酒行业,600365.SH,myquant-strategy,2026-06-25
SH600519,贵州茅台,eastmoney,1,BK0477,酿酒行业,600519.SH,myquant-strategy,2026-06-25
SH600543,莫高股份,eastmoney,1,BK0477,酿酒行业,600543.SH,myquant-strategy,2026-06-25
SH600559,老白干酒,eastmoney,1,BK0477,酿酒行业,600559.SH,myquant-strategy,2026-06-25
SH600573,惠泉啤酒,eastmoney,1,BK0477,酿酒行业,600573.SH,myquant-strategy,2026-06-25
SH600600,青岛啤酒,eastmoney,1,BK0477,酿酒行业,600600.SH,myquant-strategy,2026-06-25
SH600616,金枫酒业,eastmoney,1,BK0477,酿酒行业,600616.SH,myquant-strategy,2026-06-25
SH600696,*ST岩石,eastmoney,1,BK0477,酿酒行业,600696.SH,myquant-strategy,2026-06-25
SH600702,舍得酒业,eastmoney,1,BK0477,酿酒行业,600702.SH,myquant-strategy,2026-06-25
SH600779,水井坊,eastmoney,1,BK0477,酿酒行业,600779.SH,myquant-strategy,2026-06-25
SH600809,山西汾酒,eastmoney,1,BK0477,酿酒行业,600809.SH,myquant-strategy,2026-06-25
SH601579,会稽山,eastmoney,1,BK0477,酿酒行业,601579.SH,myquant-strategy,2026-06-25
SH603198,迎驾贡酒,eastmoney,1,BK0477,酿酒行业,603198.SH,myquant-strategy,2026-06-25
SH603369,今世缘,eastmoney,1,BK0477,酿酒行业,603369.SH,myquant-strategy,2026-06-25
SH603589,口子窖,eastmoney,1,BK0477,酿酒行业,603589.SH,myquant-strategy,2026-06-25
SH603779,威龙股份,eastmoney,1,BK0477,酿酒行业,603779.SH,myquant-strategy,2026-06-25
SH603919,金徽酒,eastmoney,1,BK0477,酿酒行业,603919.SH,myquant-strategy,2026-06-25
SZ200596,,eastmoney,1,BK0477,酿酒行业,200596.SZ,myquant-strategy,2026-06-25
SZ200869,,eastmoney,1,BK0477,酿酒行业,200869.SZ,myquant-strategy,2026-06-25
SH600219,南山铝业,eastmoney,1,BK0478,有色金属,600219.SH,myquant-strategy,2026-06-25
SH600255,鑫科材料,eastmoney,1,BK0478,有色金属,600255.SH,myquant-strategy,2026-06-25
SH600331,宏达股份,eastmoney,1,BK0478,有色金属,600331.SH,myquant-strategy,2026-06-25
SH600338,西藏珠峰,eastmoney,1,BK0478,有色金属,600338.SH,myquant-strategy,2026-06-25
SH600361,创新新材,eastmoney,1,BK0478,有色金属,600361.SH,myquant-strategy,2026-06-25
SH600362,江西铜业,eastmoney,1,BK0478,有色金属,600362.SH,myquant-strategy,2026-06-25
SH600490,鹏欣资源,eastmoney,1,BK0478,有色金属,600490.SH,myquant-strategy,2026-06-25
SH600497,驰宏锌锗,eastmoney,1,BK0478,有色金属,600497.SH,myquant-strategy,2026-06-25
SH600531,豫光金铅,eastmoney,1,BK0478,有色金属,600531.SH,myquant-strategy,2026-06-25
SH600595,中孚实业,eastmoney,1,BK0478,有色金属,600595.SH,myquant-strategy,2026-06-25
SH600768,宁波富邦,eastmoney,1,BK0478,有色金属,600768.SH,myquant-strategy,2026-06-25
SH600888,新疆众和,eastmoney,1,BK0478,有色金属,600888.SH,myquant-strategy,2026-06-25
SH600961,株冶集团,eastmoney,1,BK0478,有色金属,600961.SH,myquant-strategy,2026-06-25
SH601020,华钰矿业,eastmoney,1,BK0478,有色金属,601020.SH,myquant-strategy,2026-06-25
SH601137,博威合金,eastmoney,1,BK0478,有色金属,601137.SH,myquant-strategy,2026-06-25
SH601168,西部矿业,eastmoney,1,BK0478,有色金属,601168.SH,myquant-strategy,2026-06-25
SH601212,白银有色,eastmoney,1,BK0478,有色金属,601212.SH,myquant-strategy,2026-06-25
SH601388,怡球资源,eastmoney,1,BK0478,有色金属,601388.SH,myquant-strategy,2026-06-25
SH601600,中国铝业,eastmoney,1,BK0478,有色金属,601600.SH,myquant-strategy,2026-06-25
SH601609,金田股份,eastmoney,1,BK0478,有色金属,601609.SH,myquant-strategy,2026-06-25
SH601677,明泰铝业,eastmoney,1,BK0478,有色金属,601677.SH,myquant-strategy,2026-06-25
SH601702,华峰铝业,eastmoney,1,BK0478,有色金属,601702.SH,myquant-strategy,2026-06-25
SH601899,紫金矿业,eastmoney,1,BK0478,有色金属,601899.SH,myquant-strategy,2026-06-25
SH603045,福达合金,eastmoney,1,BK0478,有色金属,603045.SH,myquant-strategy,2026-06-25
SH603132,金徽股份,eastmoney,1,BK0478,有色金属,603132.SH,myquant-strategy,2026-06-25
SH603271,永杰新材,eastmoney,1,BK0478,有色金属,603271.SH,myquant-strategy,2026-06-25
SH603527,众源新材,eastmoney,1,BK0478,有色金属,603527.SH,myquant-strategy,2026-06-25
SH603876,鼎胜新材,eastmoney,1,BK0478,有色金属,603876.SH,myquant-strategy,2026-06-25
SH603937,丽岛新材,eastmoney,1,BK0478,有色金属,603937.SH,myquant-strategy,2026-06-25
SH603978,深圳新星,eastmoney,1,BK0478,有色金属,603978.SH,myquant-strategy,2026-06-25
SH688102,斯瑞新材,eastmoney,1,BK0478,有色金属,688102.SH,myquant-strategy,2026-06-25
SH688122,西部超导,eastmoney,1,BK0478,有色金属,688122.SH,myquant-strategy,2026-06-25
SH688231,隆达股份,eastmoney,1,BK0478,有色金属,688231.SH,myquant-strategy,2026-06-25
SH688257,新锐股份,eastmoney,1,BK0478,有色金属,688257.SH,myquant-strategy,2026-06-25
SH688456,有研粉材,eastmoney,1,BK0478,有色金属,688456.SH,myquant-strategy,2026-06-25
SH688750,金天钛业,eastmoney,1,BK0478,有色金属,688750.SH,myquant-strategy,2026-06-25
SH688786,悦安新材,eastmoney,1,BK0478,有色金属,688786.SH,myquant-strategy,2026-06-25
SZ300034,钢研高纳,eastmoney,1,BK0478,有色金属,300034.SZ,myquant-strategy,2026-06-25
SZ300057,万顺新材,eastmoney,1,BK0478,有色金属,300057.SZ,myquant-strategy,2026-06-25
SZ300337,银邦股份,eastmoney,1,BK0478,有色金属,300337.SZ,myquant-strategy,2026-06-25
SZ300697,电工合金,eastmoney,1,BK0478,有色金属,300697.SZ,myquant-strategy,2026-06-25
SZ300828,锐新科技,eastmoney,1,BK0478,有色金属,300828.SZ,myquant-strategy,2026-06-25
SZ300855,图南股份,eastmoney,1,BK0478,有色金属,300855.SZ,myquant-strategy,2026-06-25
SZ300930,屹通新材,eastmoney,1,BK0478,有色金属,300930.SZ,myquant-strategy,2026-06-25
SZ300963,中洲特材,eastmoney,1,BK0478,有色金属,300963.SZ,myquant-strategy,2026-06-25
SZ301522,上大股份,eastmoney,1,BK0478,有色金属,301522.SZ,myquant-strategy,2026-06-25
SZ920634,,eastmoney,1,BK0478,有色金属,920634.SZ,myquant-strategy,2026-06-25
SH600010,包钢股份,eastmoney,1,BK0479,钢铁行业,600010.SH,myquant-strategy,2026-06-25
SH600019,宝钢股份,eastmoney,1,BK0479,钢铁行业,600019.SH,myquant-strategy,2026-06-25
SH600022,山东钢铁,eastmoney,1,BK0479,钢铁行业,600022.SH,myquant-strategy,2026-06-25
SH600117,西宁特钢,eastmoney,1,BK0479,钢铁行业,600117.SH,myquant-strategy,2026-06-25
SH600126,杭钢股份,eastmoney,1,BK0479,钢铁行业,600126.SH,myquant-strategy,2026-06-25
SH600231,凌钢股份,eastmoney,1,BK0479,钢铁行业,600231.SH,myquant-strategy,2026-06-25
SH600282,南钢股份,eastmoney,1,BK0479,钢铁行业,600282.SH,myquant-strategy,2026-06-25
SH600295,鄂尔多斯,eastmoney,1,BK0479,钢铁行业,600295.SH,myquant-strategy,2026-06-25
SH600307,酒钢宏兴,eastmoney,1,BK0479,钢铁行业,600307.SH,myquant-strategy,2026-06-25
SH600382,广东明珠,eastmoney,1,BK0479,钢铁行业,600382.SH,myquant-strategy,2026-06-25
SH600399,抚顺特钢,eastmoney,1,BK0479,钢铁行业,600399.SH,myquant-strategy,2026-06-25
SH600507,方大特钢,eastmoney,1,BK0479,钢铁行业,600507.SH,myquant-strategy,2026-06-25
SH600569,安阳钢铁,eastmoney,1,BK0479,钢铁行业,600569.SH,myquant-strategy,2026-06-25
SH600581,八一钢铁,eastmoney,1,BK0479,钢铁行业,600581.SH,myquant-strategy,2026-06-25
SH600782,新钢股份,eastmoney,1,BK0479,钢铁行业,600782.SH,myquant-strategy,2026-06-25
SH600808,马钢股份,eastmoney,1,BK0479,钢铁行业,600808.SH,myquant-strategy,2026-06-25
SH601003,柳钢股份,eastmoney,1,BK0479,钢铁行业,601003.SH,myquant-strategy,2026-06-25
SH601005,重庆钢铁,eastmoney,1,BK0479,钢铁行业,601005.SH,myquant-strategy,2026-06-25
SH601121,宝地矿业,eastmoney,1,BK0479,钢铁行业,601121.SH,myquant-strategy,2026-06-25
SH601686,友发集团,eastmoney,1,BK0479,钢铁行业,601686.SH,myquant-strategy,2026-06-25
SH601969,海南矿业,eastmoney,1,BK0479,钢铁行业,601969.SH,myquant-strategy,2026-06-25
SH603878,武进不锈,eastmoney,1,BK0479,钢铁行业,603878.SH,myquant-strategy,2026-06-25
SH603995,甬金股份,eastmoney,1,BK0479,钢铁行业,603995.SH,myquant-strategy,2026-06-25
SH605158,华达新材,eastmoney,1,BK0479,钢铁行业,605158.SH,myquant-strategy,2026-06-25
SZ200761,,eastmoney,1,BK0479,钢铁行业,200761.SZ,myquant-strategy,2026-06-25
SZ300881,盛德鑫泰,eastmoney,1,BK0479,钢铁行业,300881.SZ,myquant-strategy,2026-06-25
SZ900936,,eastmoney,1,BK0479,钢铁行业,900936.SZ,myquant-strategy,2026-06-25
SZ920057,,eastmoney,1,BK0479,钢铁行业,920057.SZ,myquant-strategy,2026-06-25
SZ920751,,eastmoney,1,BK0479,钢铁行业,920751.SZ,myquant-strategy,2026-06-25
SH600038,中直股份,eastmoney,1,BK0480,航天航空,600038.SH,myquant-strategy,2026-06-25
SH600118,中国卫星,eastmoney,1,BK0480,航天航空,600118.SH,myquant-strategy,2026-06-25
SH600316,洪都航空,eastmoney,1,BK0480,航天航空,600316.SH,myquant-strategy,2026-06-25
SH600372,中航机载,eastmoney,1,BK0480,航天航空,600372.SH,myquant-strategy,2026-06-25
SH600391,航发科技,eastmoney,1,BK0480,航天航空,600391.SH,myquant-strategy,2026-06-25
SH600760,中航沈飞,eastmoney,1,BK0480,航天航空,600760.SH,myquant-strategy,2026-06-25
SH600765,中航重机,eastmoney,1,BK0480,航天航空,600765.SH,myquant-strategy,2026-06-25
SH600862,中航高科,eastmoney,1,BK0480,航天航空,600862.SH,myquant-strategy,2026-06-25
SH600879,航天电子,eastmoney,1,BK0480,航天航空,600879.SH,myquant-strategy,2026-06-25
SH600893,航发动力,eastmoney,1,BK0480,航天航空,600893.SH,myquant-strategy,2026-06-25
SH603261,*ST立航,eastmoney,1,BK0480,航天航空,603261.SH,myquant-strategy,2026-06-25
SH688066,航天宏图,eastmoney,1,BK0480,航天航空,688066.SH,myquant-strategy,2026-06-25
SH688070,纵横股份,eastmoney,1,BK0480,航天航空,688070.SH,myquant-strategy,2026-06-25
SH688237,超卓航科,eastmoney,1,BK0480,航天航空,688237.SH,myquant-strategy,2026-06-25
SH688239,航宇科技,eastmoney,1,BK0480,航天航空,688239.SH,myquant-strategy,2026-06-25
SH688287,*ST观典,eastmoney,1,BK0480,航天航空,688287.SH,myquant-strategy,2026-06-25
SH688297,中无人机,eastmoney,1,BK0480,航天航空,688297.SH,myquant-strategy,2026-06-25
SH688510,航亚科技,eastmoney,1,BK0480,航天航空,688510.SH,myquant-strategy,2026-06-25
SH688523,航天环宇,eastmoney,1,BK0480,航天航空,688523.SH,myquant-strategy,2026-06-25
SH688543,国科军工,eastmoney,1,BK0480,航天航空,688543.SH,myquant-strategy,2026-06-25
SH688563,航材股份,eastmoney,1,BK0480,航天航空,688563.SH,myquant-strategy,2026-06-25
SH688586,江航装备,eastmoney,1,BK0480,航天航空,688586.SH,myquant-strategy,2026-06-25
SH688685,迈信林,eastmoney,1,BK0480,航天航空,688685.SH,myquant-strategy,2026-06-25
SZ300159,*ST新研,eastmoney,1,BK0480,航天航空,300159.SZ,myquant-strategy,2026-06-25
SZ300424,航新科技,eastmoney,1,BK0480,航天航空,300424.SZ,myquant-strategy,2026-06-25
SZ300581,晨曦航空,eastmoney,1,BK0480,航天航空,300581.SZ,myquant-strategy,2026-06-25
SZ300696,爱乐达,eastmoney,1,BK0480,航天航空,300696.SZ,myquant-strategy,2026-06-25
SZ300719,安达维尔,eastmoney,1,BK0480,航天航空,300719.SZ,myquant-strategy,2026-06-25
SZ300722,新余国科,eastmoney,1,BK0480,航天航空,300722.SZ,myquant-strategy,2026-06-25
SZ300775,三角防务,eastmoney,1,BK0480,航天航空,300775.SZ,myquant-strategy,2026-06-25
SZ300900,广联航空,eastmoney,1,BK0480,航天航空,300900.SZ,myquant-strategy,2026-06-25
SZ300965,恒宇信通,eastmoney,1,BK0480,航天航空,300965.SZ,myquant-strategy,2026-06-25
SZ301586,佳力奇,eastmoney,1,BK0480,航天航空,301586.SZ,myquant-strategy,2026-06-25
SZ302132,中航成飞,eastmoney,1,BK0480,航天航空,302132.SZ,myquant-strategy,2026-06-25
SZ920006,,eastmoney,1,BK0480,航天航空,920006.SZ,myquant-strategy,2026-06-25
SZ920116,,eastmoney,1,BK0480,航天航空,920116.SZ,myquant-strategy,2026-06-25
SH600081,东风科技,eastmoney,1,BK0481,汽车零部件,600081.SH,myquant-strategy,2026-06-25
SH600148,长春一东,eastmoney,1,BK0481,汽车零部件,600148.SH,myquant-strategy,2026-06-25
SH600178,东安动力,eastmoney,1,BK0481,汽车零部件,600178.SH,myquant-strategy,2026-06-25
SH600218,全柴动力,eastmoney,1,BK0481,汽车零部件,600218.SH,myquant-strategy,2026-06-25
SH600480,凌云股份,eastmoney,1,BK0481,汽车零部件,600480.SH,myquant-strategy,2026-06-25
SH600523,贵航股份,eastmoney,1,BK0481,汽车零部件,600523.SH,myquant-strategy,2026-06-25
SH600609,金杯汽车,eastmoney,1,BK0481,汽车零部件,600609.SH,myquant-strategy,2026-06-25
SH600626,申达股份,eastmoney,1,BK0481,汽车零部件,600626.SH,myquant-strategy,2026-06-25
SH600676,交运股份,eastmoney,1,BK0481,汽车零部件,600676.SH,myquant-strategy,2026-06-25
SH600698,湖南天雁,eastmoney,1,BK0481,汽车零部件,600698.SH,myquant-strategy,2026-06-25
SH600699,均胜电子,eastmoney,1,BK0481,汽车零部件,600699.SH,myquant-strategy,2026-06-25
SH600741,华域汽车,eastmoney,1,BK0481,汽车零部件,600741.SH,myquant-strategy,2026-06-25
SH600742,富维股份,eastmoney,1,BK0481,汽车零部件,600742.SH,myquant-strategy,2026-06-25
SH600933,爱柯迪,eastmoney,1,BK0481,汽车零部件,600933.SH,myquant-strategy,2026-06-25
SH600960,渤海汽车,eastmoney,1,BK0481,汽车零部件,600960.SH,myquant-strategy,2026-06-25
SH601279,英利汽车,eastmoney,1,BK0481,汽车零部件,601279.SH,myquant-strategy,2026-06-25
SH601689,拓普集团,eastmoney,1,BK0481,汽车零部件,601689.SH,myquant-strategy,2026-06-25
SH601717,中创智领,eastmoney,1,BK0481,汽车零部件,601717.SH,myquant-strategy,2026-06-25
SH601799,星宇股份,eastmoney,1,BK0481,汽车零部件,601799.SH,myquant-strategy,2026-06-25
SH603006,联明股份,eastmoney,1,BK0481,汽车零部件,603006.SH,myquant-strategy,2026-06-25
SH603007,*ST花王,eastmoney,1,BK0481,汽车零部件,603007.SH,myquant-strategy,2026-06-25
SH603009,北特科技,eastmoney,1,BK0481,汽车零部件,603009.SH,myquant-strategy,2026-06-25
SH603013,亚普股份,eastmoney,1,BK0481,汽车零部件,603013.SH,myquant-strategy,2026-06-25
SH603023,威帝股份,eastmoney,1,BK0481,汽车零部件,603023.SH,myquant-strategy,2026-06-25
SH603035,常熟汽饰,eastmoney,1,BK0481,汽车零部件,603035.SH,myquant-strategy,2026-06-25
SH603037,凯众股份,eastmoney,1,BK0481,汽车零部件,603037.SH,myquant-strategy,2026-06-25
SH603040,新坐标,eastmoney,1,BK0481,汽车零部件,603040.SH,myquant-strategy,2026-06-25
SH603048,浙江黎明,eastmoney,1,BK0481,汽车零部件,603048.SH,myquant-strategy,2026-06-25
SH603085,天成自控,eastmoney,1,BK0481,汽车零部件,603085.SH,myquant-strategy,2026-06-25
SH603089,正裕工业,eastmoney,1,BK0481,汽车零部件,603089.SH,myquant-strategy,2026-06-25
SH603107,上海汽配,eastmoney,1,BK0481,汽车零部件,603107.SH,myquant-strategy,2026-06-25
SH603121,华培动力,eastmoney,1,BK0481,汽车零部件,603121.SH,myquant-strategy,2026-06-25
SH603158,腾龙股份,eastmoney,1,BK0481,汽车零部件,603158.SH,myquant-strategy,2026-06-25
SH603161,科华控股,eastmoney,1,BK0481,汽车零部件,603161.SH,myquant-strategy,2026-06-25
SH603166,福达股份,eastmoney,1,BK0481,汽车零部件,603166.SH,myquant-strategy,2026-06-25
SH603178,圣龙股份,eastmoney,1,BK0481,汽车零部件,603178.SH,myquant-strategy,2026-06-25
SH603179,新泉股份,eastmoney,1,BK0481,汽车零部件,603179.SH,myquant-strategy,2026-06-25
SH603190,亚通精工,eastmoney,1,BK0481,汽车零部件,603190.SH,myquant-strategy,2026-06-25
SH603197,保隆科技,eastmoney,1,BK0481,汽车零部件,603197.SH,myquant-strategy,2026-06-25
SH603201,常润股份,eastmoney,1,BK0481,汽车零部件,603201.SH,myquant-strategy,2026-06-25
SH603202,天有为,eastmoney,1,BK0481,汽车零部件,603202.SH,myquant-strategy,2026-06-25
SH603210,泰鸿万立,eastmoney,1,BK0481,汽车零部件,603210.SH,myquant-strategy,2026-06-25
SH603211,晋拓股份,eastmoney,1,BK0481,汽车零部件,603211.SH,myquant-strategy,2026-06-25
SH603239,浙江仙通,eastmoney,1,BK0481,汽车零部件,603239.SH,myquant-strategy,2026-06-25
SH603286,日盈电子,eastmoney,1,BK0481,汽车零部件,603286.SH,myquant-strategy,2026-06-25
SH603305,旭升集团,eastmoney,1,BK0481,汽车零部件,603305.SH,myquant-strategy,2026-06-25
SH603306,华懋科技,eastmoney,1,BK0481,汽车零部件,603306.SH,myquant-strategy,2026-06-25
SH603319,美湖股份,eastmoney,1,BK0481,汽车零部件,603319.SH,myquant-strategy,2026-06-25
SH603335,迪生力,eastmoney,1,BK0481,汽车零部件,603335.SH,myquant-strategy,2026-06-25
SH603348,文灿股份,eastmoney,1,BK0481,汽车零部件,603348.SH,myquant-strategy,2026-06-25
SH603358,华达科技,eastmoney,1,BK0481,汽车零部件,603358.SH,myquant-strategy,2026-06-25
SH603390,通达电气,eastmoney,1,BK0481,汽车零部件,603390.SH,myquant-strategy,2026-06-25
SH603409,汇通控股,eastmoney,1,BK0481,汽车零部件,603409.SH,myquant-strategy,2026-06-25
SH603418,友升股份,eastmoney,1,BK0481,汽车零部件,603418.SH,myquant-strategy,2026-06-25
SH603586,金麒麟,eastmoney,1,BK0481,汽车零部件,603586.SH,myquant-strategy,2026-06-25
SH603596,伯特利,eastmoney,1,BK0481,汽车零部件,603596.SH,myquant-strategy,2026-06-25
SH603633,徕木股份,eastmoney,1,BK0481,汽车零部件,603633.SH,myquant-strategy,2026-06-25
SH603655,朗博科技,eastmoney,1,BK0481,汽车零部件,603655.SH,myquant-strategy,2026-06-25
SH603701,德宏股份,eastmoney,1,BK0481,汽车零部件,603701.SH,myquant-strategy,2026-06-25
SH603730,岱美股份,eastmoney,1,BK0481,汽车零部件,603730.SH,myquant-strategy,2026-06-25
SH603758,秦安股份,eastmoney,1,BK0481,汽车零部件,603758.SH,myquant-strategy,2026-06-25
SH603767,中马传动,eastmoney,1,BK0481,汽车零部件,603767.SH,myquant-strategy,2026-06-25
SH603768,常青股份,eastmoney,1,BK0481,汽车零部件,603768.SH,myquant-strategy,2026-06-25
SH603786,科博达,eastmoney,1,BK0481,汽车零部件,603786.SH,myquant-strategy,2026-06-25
SH603788,宁波高发,eastmoney,1,BK0481,汽车零部件,603788.SH,myquant-strategy,2026-06-25
SH603809,豪能股份,eastmoney,1,BK0481,汽车零部件,603809.SH,myquant-strategy,2026-06-25
SH603917,合力科技,eastmoney,1,BK0481,汽车零部件,603917.SH,myquant-strategy,2026-06-25
SH603922,金鸿顺,eastmoney,1,BK0481,汽车零部件,603922.SH,myquant-strategy,2026-06-25
SH603926,铁流股份,eastmoney,1,BK0481,汽车零部件,603926.SH,myquant-strategy,2026-06-25
SH603949,雪龙集团,eastmoney,1,BK0481,汽车零部件,603949.SH,myquant-strategy,2026-06-25
SH603950,长源东谷,eastmoney,1,BK0481,汽车零部件,603950.SH,myquant-strategy,2026-06-25
SH603982,泉峰汽车,eastmoney,1,BK0481,汽车零部件,603982.SH,myquant-strategy,2026-06-25
SH603997,继峰股份,eastmoney,1,BK0481,汽车零部件,603997.SH,myquant-strategy,2026-06-25
SH605005,合兴股份,eastmoney,1,BK0481,汽车零部件,605005.SH,myquant-strategy,2026-06-25
SH605018,长华集团,eastmoney,1,BK0481,汽车零部件,605018.SH,myquant-strategy,2026-06-25
SH605068,明新旭腾,eastmoney,1,BK0481,汽车零部件,605068.SH,myquant-strategy,2026-06-25
SH605088,冠盛股份,eastmoney,1,BK0481,汽车零部件,605088.SH,myquant-strategy,2026-06-25
SH605128,上海沿浦,eastmoney,1,BK0481,汽车零部件,605128.SH,myquant-strategy,2026-06-25
SH605133,嵘泰股份,eastmoney,1,BK0481,汽车零部件,605133.SH,myquant-strategy,2026-06-25
SH605151,西上海,eastmoney,1,BK0481,汽车零部件,605151.SH,myquant-strategy,2026-06-25
SH605208,永茂泰,eastmoney,1,BK0481,汽车零部件,605208.SH,myquant-strategy,2026-06-25
SH605228,神通科技,eastmoney,1,BK0481,汽车零部件,605228.SH,myquant-strategy,2026-06-25
SH605255,天普股份,eastmoney,1,BK0481,汽车零部件,605255.SH,myquant-strategy,2026-06-25
SH605319,无锡振华,eastmoney,1,BK0481,汽车零部件,605319.SH,myquant-strategy,2026-06-25
SH605333,沪光股份,eastmoney,1,BK0481,汽车零部件,605333.SH,myquant-strategy,2026-06-25
SH688071,华依科技,eastmoney,1,BK0481,汽车零部件,688071.SH,myquant-strategy,2026-06-25
SH688280,精进电动-UW,eastmoney,1,BK0481,汽车零部件,688280.SH,myquant-strategy,2026-06-25
SH688326,经纬恒润-W,eastmoney,1,BK0481,汽车零部件,688326.SH,myquant-strategy,2026-06-25
SH688533,上声电子,eastmoney,1,BK0481,汽车零部件,688533.SH,myquant-strategy,2026-06-25
SH688612,威迈斯,eastmoney,1,BK0481,汽车零部件,688612.SH,myquant-strategy,2026-06-25
SH688667,菱电电控,eastmoney,1,BK0481,汽车零部件,688667.SH,myquant-strategy,2026-06-25
SZ200030,,eastmoney,1,BK0481,汽车零部件,200030.SZ,myquant-strategy,2026-06-25
SZ200581,,eastmoney,1,BK0481,汽车零部件,200581.SZ,myquant-strategy,2026-06-25
SZ300100,双林股份,eastmoney,1,BK0481,汽车零部件,300100.SZ,myquant-strategy,2026-06-25
SZ300176,鸿特科技,eastmoney,1,BK0481,汽车零部件,300176.SZ,myquant-strategy,2026-06-25
SZ300237,ST美晨,eastmoney,1,BK0481,汽车零部件,300237.SZ,myquant-strategy,2026-06-25
SZ300258,精锻科技,eastmoney,1,BK0481,汽车零部件,300258.SZ,myquant-strategy,2026-06-25
SZ300304,云意电气,eastmoney,1,BK0481,汽车零部件,300304.SZ,myquant-strategy,2026-06-25
SZ300375,鹏翎股份,eastmoney,1,BK0481,汽车零部件,300375.SZ,myquant-strategy,2026-06-25
SZ300428,立中集团,eastmoney,1,BK0481,汽车零部件,300428.SZ,myquant-strategy,2026-06-25
SZ300432,富临精工,eastmoney,1,BK0481,汽车零部件,300432.SZ,myquant-strategy,2026-06-25
SZ300446,航天智造,eastmoney,1,BK0481,汽车零部件,300446.SZ,myquant-strategy,2026-06-25
SZ300473,德尔股份,eastmoney,1,BK0481,汽车零部件,300473.SZ,myquant-strategy,2026-06-25
SZ300507,苏奥传感,eastmoney,1,BK0481,汽车零部件,300507.SZ,myquant-strategy,2026-06-25
SZ300580,贝斯特,eastmoney,1,BK0481,汽车零部件,300580.SZ,myquant-strategy,2026-06-25
SZ300585,奥联电子,eastmoney,1,BK0481,汽车零部件,300585.SZ,myquant-strategy,2026-06-25
SZ300611,美力科技,eastmoney,1,BK0481,汽车零部件,300611.SZ,myquant-strategy,2026-06-25
SZ300643,万通智控,eastmoney,1,BK0481,汽车零部件,300643.SZ,myquant-strategy,2026-06-25
SZ300652,雷迪克,eastmoney,1,BK0481,汽车零部件,300652.SZ,myquant-strategy,2026-06-25
SZ300680,隆盛科技,eastmoney,1,BK0481,汽车零部件,300680.SZ,myquant-strategy,2026-06-25
SZ300681,英搏尔,eastmoney,1,BK0481,汽车零部件,300681.SZ,myquant-strategy,2026-06-25
SZ300694,蠡湖股份,eastmoney,1,BK0481,汽车零部件,300694.SZ,myquant-strategy,2026-06-25
SZ300695,兆丰股份,eastmoney,1,BK0481,汽车零部件,300695.SZ,myquant-strategy,2026-06-25
SZ300707,威唐工业,eastmoney,1,BK0481,汽车零部件,300707.SZ,myquant-strategy,2026-06-25
SZ300733,西菱动力,eastmoney,1,BK0481,汽车零部件,300733.SZ,myquant-strategy,2026-06-25
SZ300745,欣锐科技,eastmoney,1,BK0481,汽车零部件,300745.SZ,myquant-strategy,2026-06-25
SZ300816,艾可蓝,eastmoney,1,BK0481,汽车零部件,300816.SZ,myquant-strategy,2026-06-25
SZ300863,卡倍亿,eastmoney,1,BK0481,汽车零部件,300863.SZ,myquant-strategy,2026-06-25
SZ300893,松原安全,eastmoney,1,BK0481,汽车零部件,300893.SZ,myquant-strategy,2026-06-25
SZ300912,凯龙高科,eastmoney,1,BK0481,汽车零部件,300912.SZ,myquant-strategy,2026-06-25
SZ300926,博俊科技,eastmoney,1,BK0481,汽车零部件,300926.SZ,myquant-strategy,2026-06-25
SZ300928,华安鑫创,eastmoney,1,BK0481,汽车零部件,300928.SZ,myquant-strategy,2026-06-25
SZ300969,恒帅股份,eastmoney,1,BK0481,汽车零部件,300969.SZ,myquant-strategy,2026-06-25
SZ300978,东箭科技,eastmoney,1,BK0481,汽车零部件,300978.SZ,myquant-strategy,2026-06-25
SZ300998,宁波方正,eastmoney,1,BK0481,汽车零部件,300998.SZ,myquant-strategy,2026-06-25
SZ301005,超捷股份,eastmoney,1,BK0481,汽车零部件,301005.SZ,myquant-strategy,2026-06-25
SZ301007,德迈仕,eastmoney,1,BK0481,汽车零部件,301007.SZ,myquant-strategy,2026-06-25
SZ301020,密封科技,eastmoney,1,BK0481,汽车零部件,301020.SZ,myquant-strategy,2026-06-25
SZ301022,海泰科,eastmoney,1,BK0481,汽车零部件,301022.SZ,myquant-strategy,2026-06-25
SZ301072,中捷精工,eastmoney,1,BK0481,汽车零部件,301072.SZ,myquant-strategy,2026-06-25
SZ301119,正强股份,eastmoney,1,BK0481,汽车零部件,301119.SZ,myquant-strategy,2026-06-25
SZ301133,金钟股份,eastmoney,1,BK0481,汽车零部件,301133.SZ,myquant-strategy,2026-06-25
SZ301160,翔楼新材,eastmoney,1,BK0481,汽车零部件,301160.SZ,myquant-strategy,2026-06-25
SZ301170,锡南科技,eastmoney,1,BK0481,汽车零部件,301170.SZ,myquant-strategy,2026-06-25
SZ301173,毓恬冠佳,eastmoney,1,BK0481,汽车零部件,301173.SZ,myquant-strategy,2026-06-25
SZ301181,标榜股份,eastmoney,1,BK0481,汽车零部件,301181.SZ,myquant-strategy,2026-06-25
SZ301186,超达装备,eastmoney,1,BK0481,汽车零部件,301186.SZ,myquant-strategy,2026-06-25
SZ301192,泰祥股份,eastmoney,1,BK0481,汽车零部件,301192.SZ,myquant-strategy,2026-06-25
SZ301225,恒勃股份,eastmoney,1,BK0481,汽车零部件,301225.SZ,myquant-strategy,2026-06-25
SZ301229,纽泰格,eastmoney,1,BK0481,汽车零部件,301229.SZ,myquant-strategy,2026-06-25
SZ301298,东利机械,eastmoney,1,BK0481,汽车零部件,301298.SZ,myquant-strategy,2026-06-25
SZ301357,北方长龙,eastmoney,1,BK0481,汽车零部件,301357.SZ,myquant-strategy,2026-06-25
SZ301397,溯联股份,eastmoney,1,BK0481,汽车零部件,301397.SZ,myquant-strategy,2026-06-25
SZ301398,星源卓镁,eastmoney,1,BK0481,汽车零部件,301398.SZ,myquant-strategy,2026-06-25
SZ301488,豪恩汽电,eastmoney,1,BK0481,汽车零部件,301488.SZ,myquant-strategy,2026-06-25
SZ301499,维科精密,eastmoney,1,BK0481,汽车零部件,301499.SZ,myquant-strategy,2026-06-25
SZ301529,福赛科技,eastmoney,1,BK0481,汽车零部件,301529.SZ,myquant-strategy,2026-06-25
SZ301535,浙江华远,eastmoney,1,BK0481,汽车零部件,301535.SZ,myquant-strategy,2026-06-25
SZ301539,宏鑫科技,eastmoney,1,BK0481,汽车零部件,301539.SZ,myquant-strategy,2026-06-25
SZ301550,斯菱智驱,eastmoney,1,BK0481,汽车零部件,301550.SZ,myquant-strategy,2026-06-25
SZ301552,科力装备,eastmoney,1,BK0481,汽车零部件,301552.SZ,myquant-strategy,2026-06-25
SZ301560,众捷汽车,eastmoney,1,BK0481,汽车零部件,301560.SZ,myquant-strategy,2026-06-25
SZ301581,黄山谷捷,eastmoney,1,BK0481,汽车零部件,301581.SZ,myquant-strategy,2026-06-25
SZ301607,富特科技,eastmoney,1,BK0481,汽车零部件,301607.SZ,myquant-strategy,2026-06-25
SZ301613,新铝时代,eastmoney,1,BK0481,汽车零部件,301613.SZ,myquant-strategy,2026-06-25
SZ301656,联合动力,eastmoney,1,BK0481,汽车零部件,301656.SZ,myquant-strategy,2026-06-25
SZ920000,,eastmoney,1,BK0481,汽车零部件,920000.SZ,myquant-strategy,2026-06-25
SZ920022,,eastmoney,1,BK0481,汽车零部件,920022.SZ,myquant-strategy,2026-06-25
SZ920106,,eastmoney,1,BK0481,汽车零部件,920106.SZ,myquant-strategy,2026-06-25
SZ920146,,eastmoney,1,BK0481,汽车零部件,920146.SZ,myquant-strategy,2026-06-25
SZ920195,,eastmoney,1,BK0481,汽车零部件,920195.SZ,myquant-strategy,2026-06-25
SZ920221,,eastmoney,1,BK0481,汽车零部件,920221.SZ,myquant-strategy,2026-06-25
SZ920270,,eastmoney,1,BK0481,汽车零部件,920270.SZ,myquant-strategy,2026-06-25
SZ920271,,eastmoney,1,BK0481,汽车零部件,920271.SZ,myquant-strategy,2026-06-25
SZ920378,,eastmoney,1,BK0481,汽车零部件,920378.SZ,myquant-strategy,2026-06-25
SZ920436,,eastmoney,1,BK0481,汽车零部件,920436.SZ,myquant-strategy,2026-06-25
SZ920454,,eastmoney,1,BK0481,汽车零部件,920454.SZ,myquant-strategy,2026-06-25
SZ920533,,eastmoney,1,BK0481,汽车零部件,920533.SZ,myquant-strategy,2026-06-25
SZ920663,,eastmoney,1,BK0481,汽车零部件,920663.SZ,myquant-strategy,2026-06-25
SZ920690,,eastmoney,1,BK0481,汽车零部件,920690.SZ,myquant-strategy,2026-06-25
SZ920837,,eastmoney,1,BK0481,汽车零部件,920837.SZ,myquant-strategy,2026-06-25
SZ920906,,eastmoney,1,BK0481,汽车零部件,920906.SZ,myquant-strategy,2026-06-25
SZ920978,,eastmoney,1,BK0481,汽车零部件,920978.SZ,myquant-strategy,2026-06-25
SH600185,珠免集团,eastmoney,1,BK0482,商业百货,600185.SH,myquant-strategy,2026-06-25
SH600280,中央商场,eastmoney,1,BK0482,商业百货,600280.SH,myquant-strategy,2026-06-25
SH600287,苏豪时尚,eastmoney,1,BK0482,商业百货,600287.SH,myquant-strategy,2026-06-25
SH600415,小商品城,eastmoney,1,BK0482,商业百货,600415.SH,myquant-strategy,2026-06-25
SH600628,新世界,eastmoney,1,BK0482,商业百货,600628.SH,myquant-strategy,2026-06-25
SH600682,南京新百,eastmoney,1,BK0482,商业百货,600682.SH,myquant-strategy,2026-06-25
SH600693,东百集团,eastmoney,1,BK0482,商业百货,600693.SH,myquant-strategy,2026-06-25
SH600694,大商股份,eastmoney,1,BK0482,商业百货,600694.SH,myquant-strategy,2026-06-25
SH600697,欧亚集团,eastmoney,1,BK0482,商业百货,600697.SH,myquant-strategy,2026-06-25
SH600712,南宁百货,eastmoney,1,BK0482,商业百货,600712.SH,myquant-strategy,2026-06-25
SH600729,重庆百货,eastmoney,1,BK0482,商业百货,600729.SH,myquant-strategy,2026-06-25
SH600738,丽尚国潮,eastmoney,1,BK0482,商业百货,600738.SH,myquant-strategy,2026-06-25
SH600778,友好集团,eastmoney,1,BK0482,商业百货,600778.SH,myquant-strategy,2026-06-25
SH600785,新华百货,eastmoney,1,BK0482,商业百货,600785.SH,myquant-strategy,2026-06-25
SH600790,轻纺城,eastmoney,1,BK0482,商业百货,600790.SH,myquant-strategy,2026-06-25
SH600814,杭州解百,eastmoney,1,BK0482,商业百货,600814.SH,myquant-strategy,2026-06-25
SH600824,益民集团,eastmoney,1,BK0482,商业百货,600824.SH,myquant-strategy,2026-06-25
SH600827,百联股份,eastmoney,1,BK0482,商业百货,600827.SH,myquant-strategy,2026-06-25
SH600828,茂业商业,eastmoney,1,BK0482,商业百货,600828.SH,myquant-strategy,2026-06-25
SH600838,上海九百,eastmoney,1,BK0482,商业百货,600838.SH,myquant-strategy,2026-06-25
SH600857,宁波中百,eastmoney,1,BK0482,商业百货,600857.SH,myquant-strategy,2026-06-25
SH600858,银座股份,eastmoney,1,BK0482,商业百货,600858.SH,myquant-strategy,2026-06-25
SH600859,王府井,eastmoney,1,BK0482,商业百货,600859.SH,myquant-strategy,2026-06-25
SH600865,百大集团,eastmoney,1,BK0482,商业百货,600865.SH,myquant-strategy,2026-06-25
SH601010,文峰股份,eastmoney,1,BK0482,商业百货,601010.SH,myquant-strategy,2026-06-25
SH601086,国芳集团,eastmoney,1,BK0482,商业百货,601086.SH,myquant-strategy,2026-06-25
SH601116,三江购物,eastmoney,1,BK0482,商业百货,601116.SH,myquant-strategy,2026-06-25
SH601366,利群股份,eastmoney,1,BK0482,商业百货,601366.SH,myquant-strategy,2026-06-25
SH601828,美凯龙,eastmoney,1,BK0482,商业百货,601828.SH,myquant-strategy,2026-06-25
SH601933,永辉超市,eastmoney,1,BK0482,商业百货,601933.SH,myquant-strategy,2026-06-25
SH603101,汇嘉时代,eastmoney,1,BK0482,商业百货,603101.SH,myquant-strategy,2026-06-25
SH603214,爱婴室,eastmoney,1,BK0482,商业百货,603214.SH,myquant-strategy,2026-06-25
SH603708,家家悦,eastmoney,1,BK0482,商业百货,603708.SH,myquant-strategy,2026-06-25
SH605136,丽人丽妆,eastmoney,1,BK0482,商业百货,605136.SH,myquant-strategy,2026-06-25
SH605188,国光连锁,eastmoney,1,BK0482,商业百货,605188.SH,myquant-strategy,2026-06-25
SZ200058,,eastmoney,1,BK0482,商业百货,200058.SZ,myquant-strategy,2026-06-25
SZ300622,博士眼镜,eastmoney,1,BK0482,商业百货,300622.SZ,myquant-strategy,2026-06-25
SZ301078,孩子王,eastmoney,1,BK0482,商业百货,301078.SZ,myquant-strategy,2026-06-25
SZ900923,,eastmoney,1,BK0482,商业百货,900923.SZ,myquant-strategy,2026-06-25
SH600058,五矿发展,eastmoney,1,BK0484,贸易行业,600058.SH,myquant-strategy,2026-06-25
SH600128,苏豪弘业,eastmoney,1,BK0484,贸易行业,600128.SH,myquant-strategy,2026-06-25
SH600153,建发股份,eastmoney,1,BK0484,贸易行业,600153.SH,myquant-strategy,2026-06-25
SH600250,南京商旅,eastmoney,1,BK0484,贸易行业,600250.SH,myquant-strategy,2026-06-25
SH600278,东方创业,eastmoney,1,BK0484,贸易行业,600278.SH,myquant-strategy,2026-06-25
SH600608,*ST沪科,eastmoney,1,BK0484,贸易行业,600608.SH,myquant-strategy,2026-06-25
SH600710,苏美达,eastmoney,1,BK0484,贸易行业,600710.SH,myquant-strategy,2026-06-25
SH600739,辽宁成大,eastmoney,1,BK0484,贸易行业,600739.SH,myquant-strategy,2026-06-25
SH600753,*ST海钦,eastmoney,1,BK0484,贸易行业,600753.SH,myquant-strategy,2026-06-25
SH600755,厦门国贸,eastmoney,1,BK0484,贸易行业,600755.SH,myquant-strategy,2026-06-25
SH600826,兰生股份,eastmoney,1,BK0484,贸易行业,600826.SH,myquant-strategy,2026-06-25
SH600981,苏豪汇鸿,eastmoney,1,BK0484,贸易行业,600981.SH,myquant-strategy,2026-06-25
SH601061,中信金属,eastmoney,1,BK0484,贸易行业,601061.SH,myquant-strategy,2026-06-25
SH603071,物产环能,eastmoney,1,BK0484,贸易行业,603071.SH,myquant-strategy,2026-06-25
SZ300184,力源信息,eastmoney,1,BK0484,贸易行业,300184.SZ,myquant-strategy,2026-06-25
SZ300493,润欣科技,eastmoney,1,BK0484,贸易行业,300493.SZ,myquant-strategy,2026-06-25
SZ300755,华致酒行,eastmoney,1,BK0484,贸易行业,300755.SZ,myquant-strategy,2026-06-25
SZ300975,商络电子,eastmoney,1,BK0484,贸易行业,300975.SZ,myquant-strategy,2026-06-25
SZ301099,雅创电子,eastmoney,1,BK0484,贸易行业,301099.SZ,myquant-strategy,2026-06-25
SZ301370,国科恒泰,eastmoney,1,BK0484,贸易行业,301370.SZ,myquant-strategy,2026-06-25
SZ301558,三态股份,eastmoney,1,BK0484,贸易行业,301558.SZ,myquant-strategy,2026-06-25
SZ920249,,eastmoney,1,BK0484,贸易行业,920249.SZ,myquant-strategy,2026-06-25
SH600054,黄山旅游,eastmoney,1,BK0485,旅游酒店,600054.SH,myquant-strategy,2026-06-25
SH600138,中青旅,eastmoney,1,BK0485,旅游酒店,600138.SH,myquant-strategy,2026-06-25
SH600258,首旅酒店,eastmoney,1,BK0485,旅游酒店,600258.SH,myquant-strategy,2026-06-25
SH600576,祥源文旅,eastmoney,1,BK0485,旅游酒店,600576.SH,myquant-strategy,2026-06-25
SH600593,大连圣亚,eastmoney,1,BK0485,旅游酒店,600593.SH,myquant-strategy,2026-06-25
SH600706,曲江文旅,eastmoney,1,BK0485,旅游酒店,600706.SH,myquant-strategy,2026-06-25
SH600749,西藏旅游,eastmoney,1,BK0485,旅游酒店,600749.SH,myquant-strategy,2026-06-25
SH600754,锦江酒店,eastmoney,1,BK0485,旅游酒店,600754.SH,myquant-strategy,2026-06-25
SH601007,金陵饭店,eastmoney,1,BK0485,旅游酒店,601007.SH,myquant-strategy,2026-06-25
SH601888,中国中免,eastmoney,1,BK0485,旅游酒店,601888.SH,myquant-strategy,2026-06-25
SH603099,长白山,eastmoney,1,BK0485,旅游酒店,603099.SH,myquant-strategy,2026-06-25
SH603136,天目湖,eastmoney,1,BK0485,旅游酒店,603136.SH,myquant-strategy,2026-06-25
SH603199,九华旅游,eastmoney,1,BK0485,旅游酒店,603199.SH,myquant-strategy,2026-06-25
SH605108,同庆楼,eastmoney,1,BK0485,旅游酒店,605108.SH,myquant-strategy,2026-06-25
SZ300144,宋城演艺,eastmoney,1,BK0485,旅游酒店,300144.SZ,myquant-strategy,2026-06-25
SZ300756,金马游乐,eastmoney,1,BK0485,旅游酒店,300756.SZ,myquant-strategy,2026-06-25
SZ300859,西域旅游,eastmoney,1,BK0485,旅游酒店,300859.SZ,myquant-strategy,2026-06-25
SZ301073,君亭酒店,eastmoney,1,BK0485,旅游酒店,301073.SZ,myquant-strategy,2026-06-25
SZ900929,,eastmoney,1,BK0485,旅游酒店,900929.SZ,myquant-strategy,2026-06-25
SZ900934,,eastmoney,1,BK0485,旅游酒店,900934.SZ,myquant-strategy,2026-06-25
SZ900942,,eastmoney,1,BK0485,旅游酒店,900942.SZ,myquant-strategy,2026-06-25
SH600037,歌华有线,eastmoney,1,BK0486,文化传媒,600037.SH,myquant-strategy,2026-06-25
SH600088,中视传媒,eastmoney,1,BK0486,文化传媒,600088.SH,myquant-strategy,2026-06-25
SH600136,ST明诚,eastmoney,1,BK0486,文化传媒,600136.SH,myquant-strategy,2026-06-25
SH600158,中体产业,eastmoney,1,BK0486,文化传媒,600158.SH,myquant-strategy,2026-06-25
SH600229,城市传媒,eastmoney,1,BK0486,文化传媒,600229.SH,myquant-strategy,2026-06-25
SH600373,中文传媒,eastmoney,1,BK0486,文化传媒,600373.SH,myquant-strategy,2026-06-25
SH600551,时代出版,eastmoney,1,BK0486,文化传媒,600551.SH,myquant-strategy,2026-06-25
SH600556,天下秀,eastmoney,1,BK0486,文化传媒,600556.SH,myquant-strategy,2026-06-25
SH600637,东方明珠,eastmoney,1,BK0486,文化传媒,600637.SH,myquant-strategy,2026-06-25
SH600640,国脉文化,eastmoney,1,BK0486,文化传媒,600640.SH,myquant-strategy,2026-06-25
SH600757,长江传媒,eastmoney,1,BK0486,文化传媒,600757.SH,myquant-strategy,2026-06-25
SH600825,新华传媒,eastmoney,1,BK0486,文化传媒,600825.SH,myquant-strategy,2026-06-25
SH600831,广电网络,eastmoney,1,BK0486,文化传媒,600831.SH,myquant-strategy,2026-06-25
SH600936,北投科技,eastmoney,1,BK0486,文化传媒,600936.SH,myquant-strategy,2026-06-25
SH600959,江苏有线,eastmoney,1,BK0486,文化传媒,600959.SH,myquant-strategy,2026-06-25
SH600977,中国电影,eastmoney,1,BK0486,文化传媒,600977.SH,myquant-strategy,2026-06-25
SH600986,浙文互联,eastmoney,1,BK0486,文化传媒,600986.SH,myquant-strategy,2026-06-25
SH600996,贵广网络,eastmoney,1,BK0486,文化传媒,600996.SH,myquant-strategy,2026-06-25
SH601019,山东出版,eastmoney,1,BK0486,文化传媒,601019.SH,myquant-strategy,2026-06-25
SH601098,中南传媒,eastmoney,1,BK0486,文化传媒,601098.SH,myquant-strategy,2026-06-25
SH601595,上海电影,eastmoney,1,BK0486,文化传媒,601595.SH,myquant-strategy,2026-06-25
SH601801,皖新传媒,eastmoney,1,BK0486,文化传媒,601801.SH,myquant-strategy,2026-06-25
SH601811,新华文轩,eastmoney,1,BK0486,文化传媒,601811.SH,myquant-strategy,2026-06-25
SH601858,中国科传,eastmoney,1,BK0486,文化传媒,601858.SH,myquant-strategy,2026-06-25
SH601900,南方传媒,eastmoney,1,BK0486,文化传媒,601900.SH,myquant-strategy,2026-06-25
SH601921,浙版传媒,eastmoney,1,BK0486,文化传媒,601921.SH,myquant-strategy,2026-06-25
SH601928,凤凰传媒,eastmoney,1,BK0486,文化传媒,601928.SH,myquant-strategy,2026-06-25
SH601929,吉视传媒,eastmoney,1,BK0486,文化传媒,601929.SH,myquant-strategy,2026-06-25
SH601949,中国出版,eastmoney,1,BK0486,文化传媒,601949.SH,myquant-strategy,2026-06-25
SH601999,出版传媒,eastmoney,1,BK0486,文化传媒,601999.SH,myquant-strategy,2026-06-25
SH603000,人民网,eastmoney,1,BK0486,文化传媒,603000.SH,myquant-strategy,2026-06-25
SH603096,新经典,eastmoney,1,BK0486,文化传媒,603096.SH,myquant-strategy,2026-06-25
SH603103,横店影视,eastmoney,1,BK0486,文化传媒,603103.SH,myquant-strategy,2026-06-25
SH603230,内蒙新华,eastmoney,1,BK0486,文化传媒,603230.SH,myquant-strategy,2026-06-25
SH603466,风语筑,eastmoney,1,BK0486,文化传媒,603466.SH,myquant-strategy,2026-06-25
SH603533,掌阅科技,eastmoney,1,BK0486,文化传媒,603533.SH,myquant-strategy,2026-06-25
SH603598,引力传媒,eastmoney,1,BK0486,文化传媒,603598.SH,myquant-strategy,2026-06-25
SH603721,*ST天择,eastmoney,1,BK0486,文化传媒,603721.SH,myquant-strategy,2026-06-25
SH603729,龙韵股份,eastmoney,1,BK0486,文化传媒,603729.SH,myquant-strategy,2026-06-25
SH603825,ST华扬,eastmoney,1,BK0486,文化传媒,603825.SH,myquant-strategy,2026-06-25
SH603888,新华网,eastmoney,1,BK0486,文化传媒,603888.SH,myquant-strategy,2026-06-25
SH603999,读者传媒,eastmoney,1,BK0486,文化传媒,603999.SH,myquant-strategy,2026-06-25
SH605168,三人行,eastmoney,1,BK0486,文化传媒,605168.SH,myquant-strategy,2026-06-25
SH605577,龙版传媒,eastmoney,1,BK0486,文化传媒,605577.SH,myquant-strategy,2026-06-25
SZ300027,华谊兄弟,eastmoney,1,BK0486,文化传媒,300027.SZ,myquant-strategy,2026-06-25
SZ300058,蓝色光标,eastmoney,1,BK0486,文化传媒,300058.SZ,myquant-strategy,2026-06-25
SZ300061,旗天科技,eastmoney,1,BK0486,文化传媒,300061.SZ,myquant-strategy,2026-06-25
SZ300063,天龙集团,eastmoney,1,BK0486,文化传媒,300063.SZ,myquant-strategy,2026-06-25
SZ300071,福石控股,eastmoney,1,BK0486,文化传媒,300071.SZ,myquant-strategy,2026-06-25
SZ300133,华策影视,eastmoney,1,BK0486,文化传媒,300133.SZ,myquant-strategy,2026-06-25
SZ300148,天舟文化,eastmoney,1,BK0486,文化传媒,300148.SZ,myquant-strategy,2026-06-25
SZ300182,捷成股份,eastmoney,1,BK0486,文化传媒,300182.SZ,myquant-strategy,2026-06-25
SZ300242,佳云科技,eastmoney,1,BK0486,文化传媒,300242.SZ,myquant-strategy,2026-06-25
SZ300251,光线传媒,eastmoney,1,BK0486,文化传媒,300251.SZ,myquant-strategy,2026-06-25
SZ300291,百纳千成,eastmoney,1,BK0486,文化传媒,300291.SZ,myquant-strategy,2026-06-25
SZ300364,中文在线,eastmoney,1,BK0486,文化传媒,300364.SZ,myquant-strategy,2026-06-25
SZ300413,芒果超媒,eastmoney,1,BK0486,文化传媒,300413.SZ,myquant-strategy,2026-06-25
SZ300426,华智数媒,eastmoney,1,BK0486,文化传媒,300426.SZ,myquant-strategy,2026-06-25
SZ300528,幸福蓝海,eastmoney,1,BK0486,文化传媒,300528.SZ,myquant-strategy,2026-06-25
SZ300612,宣亚国际,eastmoney,1,BK0486,文化传媒,300612.SZ,myquant-strategy,2026-06-25
SZ300654,世纪天鸿,eastmoney,1,BK0486,文化传媒,300654.SZ,myquant-strategy,2026-06-25
SZ300770,新媒股份,eastmoney,1,BK0486,文化传媒,300770.SZ,myquant-strategy,2026-06-25
SZ300781,因赛集团,eastmoney,1,BK0486,文化传媒,300781.SZ,myquant-strategy,2026-06-25
SZ300788,中信出版,eastmoney,1,BK0486,文化传媒,300788.SZ,myquant-strategy,2026-06-25
SZ300795,米奥会展,eastmoney,1,BK0486,文化传媒,300795.SZ,myquant-strategy,2026-06-25
SZ300805,电声股份,eastmoney,1,BK0486,文化传媒,300805.SZ,myquant-strategy,2026-06-25
SZ300860,锋尚文化,eastmoney,1,BK0486,文化传媒,300860.SZ,myquant-strategy,2026-06-25
SZ300987,川网传媒,eastmoney,1,BK0486,文化传媒,300987.SZ,myquant-strategy,2026-06-25
SZ301025,读客文化,eastmoney,1,BK0486,文化传媒,301025.SZ,myquant-strategy,2026-06-25
SZ301052,果麦文化,eastmoney,1,BK0486,文化传媒,301052.SZ,myquant-strategy,2026-06-25
SZ301102,兆讯传媒,eastmoney,1,BK0486,文化传媒,301102.SZ,myquant-strategy,2026-06-25
SZ301231,荣信文化,eastmoney,1,BK0486,文化传媒,301231.SZ,myquant-strategy,2026-06-25
SZ301262,海看股份,eastmoney,1,BK0486,文化传媒,301262.SZ,myquant-strategy,2026-06-25
SZ301551,无线传媒,eastmoney,1,BK0486,文化传媒,301551.SZ,myquant-strategy,2026-06-25
SZ920021,,eastmoney,1,BK0486,文化传媒,920021.SZ,myquant-strategy,2026-06-25
SH600160,巨化股份,eastmoney,1,BK0538,化学制品,600160.SH,myquant-strategy,2026-06-25
SH600165,ST宁科,eastmoney,1,BK0538,化学制品,600165.SH,myquant-strategy,2026-06-25
SH600230,沧州大化,eastmoney,1,BK0538,化学制品,600230.SH,myquant-strategy,2026-06-25
SH600273,嘉化能源,eastmoney,1,BK0538,化学制品,600273.SH,myquant-strategy,2026-06-25
SH600299,安迪苏,eastmoney,1,BK0538,化学制品,600299.SH,myquant-strategy,2026-06-25
SH600309,万华化学,eastmoney,1,BK0538,化学制品,600309.SH,myquant-strategy,2026-06-25
SH600352,浙江龙盛,eastmoney,1,BK0538,化学制品,600352.SH,myquant-strategy,2026-06-25
SH600370,三房巷,eastmoney,1,BK0538,化学制品,600370.SH,myquant-strategy,2026-06-25
SH600378,昊华科技,eastmoney,1,BK0538,化学制品,600378.SH,myquant-strategy,2026-06-25
SH600500,中化国际,eastmoney,1,BK0538,化学制品,600500.SH,myquant-strategy,2026-06-25
SH600599,*ST熊猫,eastmoney,1,BK0538,化学制品,600599.SH,myquant-strategy,2026-06-25
SH600800,渤海化学,eastmoney,1,BK0538,化学制品,600800.SH,myquant-strategy,2026-06-25
SH600866,星湖科技,eastmoney,1,BK0538,化学制品,600866.SH,myquant-strategy,2026-06-25
SH600873,梅花生物,eastmoney,1,BK0538,化学制品,600873.SH,myquant-strategy,2026-06-25
SH603010,万盛股份,eastmoney,1,BK0538,化学制品,603010.SH,myquant-strategy,2026-06-25
SH603026,石大胜华,eastmoney,1,BK0538,化学制品,603026.SH,myquant-strategy,2026-06-25
SH603041,美思德,eastmoney,1,BK0538,化学制品,603041.SH,myquant-strategy,2026-06-25
SH603079,圣达生物,eastmoney,1,BK0538,化学制品,603079.SH,myquant-strategy,2026-06-25
SH603110,东方材料,eastmoney,1,BK0538,化学制品,603110.SH,myquant-strategy,2026-06-25
SH603120,肯特催化,eastmoney,1,BK0538,化学制品,603120.SH,myquant-strategy,2026-06-25
SH603125,常青科技,eastmoney,1,BK0538,化学制品,603125.SH,myquant-strategy,2026-06-25
SH603155,新亚强,eastmoney,1,BK0538,化学制品,603155.SH,myquant-strategy,2026-06-25
SH603188,亚邦股份,eastmoney,1,BK0538,化学制品,603188.SH,myquant-strategy,2026-06-25
SH603192,汇得科技,eastmoney,1,BK0538,化学制品,603192.SH,myquant-strategy,2026-06-25
SH603217,元利科技,eastmoney,1,BK0538,化学制品,603217.SH,myquant-strategy,2026-06-25
SH603227,雪峰科技,eastmoney,1,BK0538,化学制品,603227.SH,myquant-strategy,2026-06-25
SH603255,鼎际得,eastmoney,1,BK0538,化学制品,603255.SH,myquant-strategy,2026-06-25
SH603281,江瀚新材,eastmoney,1,BK0538,化学制品,603281.SH,myquant-strategy,2026-06-25
SH603285,键邦股份,eastmoney,1,BK0538,化学制品,603285.SH,myquant-strategy,2026-06-25
SH603379,三美股份,eastmoney,1,BK0538,化学制品,603379.SH,myquant-strategy,2026-06-25
SH603681,永冠新材,eastmoney,1,BK0538,化学制品,603681.SH,myquant-strategy,2026-06-25
SH603683,晶华新材,eastmoney,1,BK0538,化学制品,603683.SH,myquant-strategy,2026-06-25
SH603725,天安新材,eastmoney,1,BK0538,化学制品,603725.SH,myquant-strategy,2026-06-25
SH603790,雅运股份,eastmoney,1,BK0538,化学制品,603790.SH,myquant-strategy,2026-06-25
SH603822,ST嘉澳,eastmoney,1,BK0538,化学制品,603822.SH,myquant-strategy,2026-06-25
SH603823,百合花,eastmoney,1,BK0538,化学制品,603823.SH,myquant-strategy,2026-06-25
SH603867,新化股份,eastmoney,1,BK0538,化学制品,603867.SH,myquant-strategy,2026-06-25
SH603916,苏博特,eastmoney,1,BK0538,化学制品,603916.SH,myquant-strategy,2026-06-25
SH603938,三孚股份,eastmoney,1,BK0538,化学制品,603938.SH,myquant-strategy,2026-06-25
SH603948,建业股份,eastmoney,1,BK0538,化学制品,603948.SH,myquant-strategy,2026-06-25
SH603968,醋化股份,eastmoney,1,BK0538,化学制品,603968.SH,myquant-strategy,2026-06-25
SH603977,国泰集团,eastmoney,1,BK0538,化学制品,603977.SH,myquant-strategy,2026-06-25
SH603980,吉华集团,eastmoney,1,BK0538,化学制品,603980.SH,myquant-strategy,2026-06-25
SH605020,永和股份,eastmoney,1,BK0538,化学制品,605020.SH,myquant-strategy,2026-06-25
SH605166,聚合顺,eastmoney,1,BK0538,化学制品,605166.SH,myquant-strategy,2026-06-25
SH605366,宏柏新材,eastmoney,1,BK0538,化学制品,605366.SH,myquant-strategy,2026-06-25
SH605399,晨光新材,eastmoney,1,BK0538,化学制品,605399.SH,myquant-strategy,2026-06-25
SH605566,福莱蒽特,eastmoney,1,BK0538,化学制品,605566.SH,myquant-strategy,2026-06-25
SH605589,圣泉集团,eastmoney,1,BK0538,化学制品,605589.SH,myquant-strategy,2026-06-25
SH688065,凯赛生物,eastmoney,1,BK0538,化学制品,688065.SH,myquant-strategy,2026-06-25
SH688116,天奈科技,eastmoney,1,BK0538,化学制品,688116.SH,myquant-strategy,2026-06-25
SH688129,东来技术,eastmoney,1,BK0538,化学制品,688129.SH,myquant-strategy,2026-06-25
SH688157,松井股份,eastmoney,1,BK0538,化学制品,688157.SH,myquant-strategy,2026-06-25
SH688179,阿拉丁,eastmoney,1,BK0538,化学制品,688179.SH,myquant-strategy,2026-06-25
SH688196,卓越新能,eastmoney,1,BK0538,化学制品,688196.SH,myquant-strategy,2026-06-25
SH688199,久日新材,eastmoney,1,BK0538,化学制品,688199.SH,myquant-strategy,2026-06-25
SH688269,凯立新材,eastmoney,1,BK0538,化学制品,688269.SH,myquant-strategy,2026-06-25
SH688350,富淼科技,eastmoney,1,BK0538,化学制品,688350.SH,myquant-strategy,2026-06-25
SH688353,华盛锂电,eastmoney,1,BK0538,化学制品,688353.SH,myquant-strategy,2026-06-25
SH688398,赛特新材,eastmoney,1,BK0538,化学制品,688398.SH,myquant-strategy,2026-06-25
SH688571,杭华股份,eastmoney,1,BK0538,化学制品,688571.SH,myquant-strategy,2026-06-25
SH688602,康鹏科技,eastmoney,1,BK0538,化学制品,688602.SH,myquant-strategy,2026-06-25
SH688625,呈和科技,eastmoney,1,BK0538,化学制品,688625.SH,myquant-strategy,2026-06-25
SH688639,华恒生物,eastmoney,1,BK0538,化学制品,688639.SH,myquant-strategy,2026-06-25
SH688737,中自科技,eastmoney,1,BK0538,化学制品,688737.SH,myquant-strategy,2026-06-25
SZ300019,硅宝科技,eastmoney,1,BK0538,化学制品,300019.SZ,myquant-strategy,2026-06-25
SZ300041,回天新材,eastmoney,1,BK0538,化学制品,300041.SZ,myquant-strategy,2026-06-25
SZ300067,安诺其,eastmoney,1,BK0538,化学制品,300067.SZ,myquant-strategy,2026-06-25
SZ300072,海新能科,eastmoney,1,BK0538,化学制品,300072.SZ,myquant-strategy,2026-06-25
SZ300107,建新股份,eastmoney,1,BK0538,化学制品,300107.SZ,myquant-strategy,2026-06-25
SZ300109,新开源,eastmoney,1,BK0538,化学制品,300109.SZ,myquant-strategy,2026-06-25
SZ300135,宝利国际,eastmoney,1,BK0538,化学制品,300135.SZ,myquant-strategy,2026-06-25
SZ300169,天晟新材,eastmoney,1,BK0538,化学制品,300169.SZ,myquant-strategy,2026-06-25
SZ300174,元力股份,eastmoney,1,BK0538,化学制品,300174.SZ,myquant-strategy,2026-06-25
SZ300200,高盟新材,eastmoney,1,BK0538,化学制品,300200.SZ,myquant-strategy,2026-06-25
SZ300225,*ST金泰,eastmoney,1,BK0538,化学制品,300225.SZ,myquant-strategy,2026-06-25
SZ300285,国瓷材料,eastmoney,1,BK0538,化学制品,300285.SZ,myquant-strategy,2026-06-25
SZ300321,同大股份,eastmoney,1,BK0538,化学制品,300321.SZ,myquant-strategy,2026-06-25
SZ300343,ST联创,eastmoney,1,BK0538,化学制品,300343.SZ,myquant-strategy,2026-06-25
SZ300405,科隆股份,eastmoney,1,BK0538,化学制品,300405.SZ,myquant-strategy,2026-06-25
SZ300437,清水源,eastmoney,1,BK0538,化学制品,300437.SZ,myquant-strategy,2026-06-25
SZ300522,世名科技,eastmoney,1,BK0538,化学制品,300522.SZ,myquant-strategy,2026-06-25
SZ300535,达威股份,eastmoney,1,BK0538,化学制品,300535.SZ,myquant-strategy,2026-06-25
SZ300637,扬帆新材,eastmoney,1,BK0538,化学制品,300637.SZ,myquant-strategy,2026-06-25
SZ300641,正丹股份,eastmoney,1,BK0538,化学制品,300641.SZ,myquant-strategy,2026-06-25
SZ300665,飞鹿股份,eastmoney,1,BK0538,化学制品,300665.SZ,myquant-strategy,2026-06-25
SZ300699,光威复材,eastmoney,1,BK0538,化学制品,300699.SZ,myquant-strategy,2026-06-25
SZ300721,怡达股份,eastmoney,1,BK0538,化学制品,300721.SZ,myquant-strategy,2026-06-25
SZ300727,润禾材料,eastmoney,1,BK0538,化学制品,300727.SZ,myquant-strategy,2026-06-25
SZ300758,七彩化学,eastmoney,1,BK0538,化学制品,300758.SZ,myquant-strategy,2026-06-25
SZ300798,锦鸡股份,eastmoney,1,BK0538,化学制品,300798.SZ,myquant-strategy,2026-06-25
SZ300801,泰和科技,eastmoney,1,BK0538,化学制品,300801.SZ,myquant-strategy,2026-06-25
SZ300821,东岳硅材,eastmoney,1,BK0538,化学制品,300821.SZ,myquant-strategy,2026-06-25
SZ300848,美瑞新材,eastmoney,1,BK0538,化学制品,300848.SZ,myquant-strategy,2026-06-25
SZ300910,瑞丰新材,eastmoney,1,BK0538,化学制品,300910.SZ,myquant-strategy,2026-06-25
SZ301036,双乐股份,eastmoney,1,BK0538,化学制品,301036.SZ,myquant-strategy,2026-06-25
SZ301037,保立佳,eastmoney,1,BK0538,化学制品,301037.SZ,myquant-strategy,2026-06-25
SZ301077,星华新材,eastmoney,1,BK0538,化学制品,301077.SZ,myquant-strategy,2026-06-25
SZ301092,争光股份,eastmoney,1,BK0538,化学制品,301092.SZ,myquant-strategy,2026-06-25
SZ301100,风光股份,eastmoney,1,BK0538,化学制品,301100.SZ,myquant-strategy,2026-06-25
SZ301190,善水科技,eastmoney,1,BK0538,化学制品,301190.SZ,myquant-strategy,2026-06-25
SZ301212,联盛化学,eastmoney,1,BK0538,化学制品,301212.SZ,myquant-strategy,2026-06-25
SZ301216,万凯新材,eastmoney,1,BK0538,化学制品,301216.SZ,myquant-strategy,2026-06-25
SZ301220,亚香股份,eastmoney,1,BK0538,化学制品,301220.SZ,myquant-strategy,2026-06-25
SZ301283,聚胶股份,eastmoney,1,BK0538,化学制品,301283.SZ,myquant-strategy,2026-06-25
SZ301292,海科新源,eastmoney,1,BK0538,化学制品,301292.SZ,myquant-strategy,2026-06-25
SZ301300,远翔新材,eastmoney,1,BK0538,化学制品,301300.SZ,myquant-strategy,2026-06-25
SZ301349,信德新材,eastmoney,1,BK0538,化学制品,301349.SZ,myquant-strategy,2026-06-25
SZ301373,凌玮科技,eastmoney,1,BK0538,化学制品,301373.SZ,myquant-strategy,2026-06-25
SZ301518,长华化学,eastmoney,1,BK0538,化学制品,301518.SZ,myquant-strategy,2026-06-25
SZ301555,惠柏新材,eastmoney,1,BK0538,化学制品,301555.SZ,myquant-strategy,2026-06-25
SZ301585,蓝宇股份,eastmoney,1,BK0538,化学制品,301585.SZ,myquant-strategy,2026-06-25
SZ301617,博苑股份,eastmoney,1,BK0538,化学制品,301617.SZ,myquant-strategy,2026-06-25
SZ301618,长联科技,eastmoney,1,BK0538,化学制品,301618.SZ,myquant-strategy,2026-06-25
SZ900908,,eastmoney,1,BK0538,化学制品,900908.SZ,myquant-strategy,2026-06-25
SZ900909,,eastmoney,1,BK0538,化学制品,900909.SZ,myquant-strategy,2026-06-25
SZ900921,,eastmoney,1,BK0538,化学制品,900921.SZ,myquant-strategy,2026-06-25
SZ920015,,eastmoney,1,BK0538,化学制品,920015.SZ,myquant-strategy,2026-06-25
SZ920016,,eastmoney,1,BK0538,化学制品,920016.SZ,myquant-strategy,2026-06-25
SZ920033,,eastmoney,1,BK0538,化学制品,920033.SZ,myquant-strategy,2026-06-25
SZ920123,,eastmoney,1,BK0538,化学制品,920123.SZ,myquant-strategy,2026-06-25
SZ920261,,eastmoney,1,BK0538,化学制品,920261.SZ,myquant-strategy,2026-06-25
SZ920489,,eastmoney,1,BK0538,化学制品,920489.SZ,myquant-strategy,2026-06-25
SZ920519,,eastmoney,1,BK0538,化学制品,920519.SZ,myquant-strategy,2026-06-25
SZ920526,,eastmoney,1,BK0538,化学制品,920526.SZ,myquant-strategy,2026-06-25
SZ920527,,eastmoney,1,BK0538,化学制品,920527.SZ,myquant-strategy,2026-06-25
SZ920974,,eastmoney,1,BK0538,化学制品,920974.SZ,myquant-strategy,2026-06-25
SH600051,宁波联合,eastmoney,1,BK0539,综合行业,600051.SH,myquant-strategy,2026-06-25
SH600113,浙江东日,eastmoney,1,BK0539,综合行业,600113.SH,myquant-strategy,2026-06-25
SH600568,ST中珠,eastmoney,1,BK0539,综合行业,600568.SH,myquant-strategy,2026-06-25
SH600620,天宸股份,eastmoney,1,BK0539,综合行业,600620.SH,myquant-strategy,2026-06-25
SH600624,ST复华,eastmoney,1,BK0539,综合行业,600624.SH,myquant-strategy,2026-06-25
SH600673,东阳光,eastmoney,1,BK0539,综合行业,600673.SH,myquant-strategy,2026-06-25
SH600770,综艺股份,eastmoney,1,BK0539,综合行业,600770.SH,myquant-strategy,2026-06-25
SH600805,悦达投资,eastmoney,1,BK0539,综合行业,600805.SH,myquant-strategy,2026-06-25
SZ200025,,eastmoney,1,BK0539,综合行业,200025.SZ,myquant-strategy,2026-06-25
SH600114,东睦股份,eastmoney,1,BK0545,通用设备,600114.SH,myquant-strategy,2026-06-25
SH600215,派斯林,eastmoney,1,BK0545,通用设备,600215.SH,myquant-strategy,2026-06-25
SH600243,*ST海华,eastmoney,1,BK0545,通用设备,600243.SH,myquant-strategy,2026-06-25
SH600421,*ST华嵘,eastmoney,1,BK0545,通用设备,600421.SH,myquant-strategy,2026-06-25
SH600558,大西洋,eastmoney,1,BK0545,通用设备,600558.SH,myquant-strategy,2026-06-25
SH600592,龙溪股份,eastmoney,1,BK0545,通用设备,600592.SH,myquant-strategy,2026-06-25
SH600860,京城股份,eastmoney,1,BK0545,通用设备,600860.SH,myquant-strategy,2026-06-25
SH600992,贵绳股份,eastmoney,1,BK0545,通用设备,600992.SH,myquant-strategy,2026-06-25
SH601002,晋亿实业,eastmoney,1,BK0545,通用设备,601002.SH,myquant-strategy,2026-06-25
SH601177,杭齿前进,eastmoney,1,BK0545,通用设备,601177.SH,myquant-strategy,2026-06-25
SH601369,陕鼓动力,eastmoney,1,BK0545,通用设备,601369.SH,myquant-strategy,2026-06-25
SH601882,海天精工,eastmoney,1,BK0545,通用设备,601882.SH,myquant-strategy,2026-06-25
SH603028,赛福天,eastmoney,1,BK0545,通用设备,603028.SH,myquant-strategy,2026-06-25
SH603082,北自科技,eastmoney,1,BK0545,通用设备,603082.SH,myquant-strategy,2026-06-25
SH603088,宁波精达,eastmoney,1,BK0545,通用设备,603088.SH,myquant-strategy,2026-06-25
SH603090,宏盛股份,eastmoney,1,BK0545,通用设备,603090.SH,myquant-strategy,2026-06-25
SH603109,神驰机电,eastmoney,1,BK0545,通用设备,603109.SH,myquant-strategy,2026-06-25
SH603131,上海沪工,eastmoney,1,BK0545,通用设备,603131.SH,myquant-strategy,2026-06-25
SH603173,福斯达,eastmoney,1,BK0545,通用设备,603173.SH,myquant-strategy,2026-06-25
SH603187,海容冷链,eastmoney,1,BK0545,通用设备,603187.SH,myquant-strategy,2026-06-25
SH603269,海鸥股份,eastmoney,1,BK0545,通用设备,603269.SH,myquant-strategy,2026-06-25
SH603270,金帝股份,eastmoney,1,BK0545,通用设备,603270.SH,myquant-strategy,2026-06-25
SH603277,银都股份,eastmoney,1,BK0545,通用设备,603277.SH,myquant-strategy,2026-06-25
SH603278,大业股份,eastmoney,1,BK0545,通用设备,603278.SH,myquant-strategy,2026-06-25
SH603279,景津装备,eastmoney,1,BK0545,通用设备,603279.SH,myquant-strategy,2026-06-25
SH603308,应流股份,eastmoney,1,BK0545,通用设备,603308.SH,myquant-strategy,2026-06-25
SH603315,福鞍股份,eastmoney,1,BK0545,通用设备,603315.SH,myquant-strategy,2026-06-25
SH603325,博隆技术,eastmoney,1,BK0545,通用设备,603325.SH,myquant-strategy,2026-06-25
SH603331,百达精工,eastmoney,1,BK0545,通用设备,603331.SH,myquant-strategy,2026-06-25
SH603339,四方科技,eastmoney,1,BK0545,通用设备,603339.SH,myquant-strategy,2026-06-25
SH603391,力聚热能,eastmoney,1,BK0545,通用设备,603391.SH,myquant-strategy,2026-06-25
SH603400,华之杰,eastmoney,1,BK0545,通用设备,603400.SH,myquant-strategy,2026-06-25
SH603617,君禾股份,eastmoney,1,BK0545,通用设备,603617.SH,myquant-strategy,2026-06-25
SH603667,五洲新春,eastmoney,1,BK0545,通用设备,603667.SH,myquant-strategy,2026-06-25
SH603699,纽威股份,eastmoney,1,BK0545,通用设备,603699.SH,myquant-strategy,2026-06-25
SH603757,大元泵业,eastmoney,1,BK0545,通用设备,603757.SH,myquant-strategy,2026-06-25
SH603915,国茂股份,eastmoney,1,BK0545,通用设备,603915.SH,myquant-strategy,2026-06-25
SH603969,银龙股份,eastmoney,1,BK0545,通用设备,603969.SH,myquant-strategy,2026-06-25
SH605060,联德股份,eastmoney,1,BK0545,通用设备,605060.SH,myquant-strategy,2026-06-25
SH605100,华丰股份,eastmoney,1,BK0545,通用设备,605100.SH,myquant-strategy,2026-06-25
SH605123,派克新材,eastmoney,1,BK0545,通用设备,605123.SH,myquant-strategy,2026-06-25
SH605259,绿田机械,eastmoney,1,BK0545,通用设备,605259.SH,myquant-strategy,2026-06-25
SH688003,天准科技,eastmoney,1,BK0545,通用设备,688003.SH,myquant-strategy,2026-06-25
SH688017,绿的谐波,eastmoney,1,BK0545,通用设备,688017.SH,myquant-strategy,2026-06-25
SH688028,沃尔德,eastmoney,1,BK0545,通用设备,688028.SH,myquant-strategy,2026-06-25
SH688059,华锐精密,eastmoney,1,BK0545,通用设备,688059.SH,myquant-strategy,2026-06-25
SH688165,埃夫特-U,eastmoney,1,BK0545,通用设备,688165.SH,myquant-strategy,2026-06-25
SH688251,井松智能,eastmoney,1,BK0545,通用设备,688251.SH,myquant-strategy,2026-06-25
SH688305,科德数控,eastmoney,1,BK0545,通用设备,688305.SH,myquant-strategy,2026-06-25
SH688308,欧科亿,eastmoney,1,BK0545,通用设备,688308.SH,myquant-strategy,2026-06-25
SH688333,铂力特,eastmoney,1,BK0545,通用设备,688333.SH,myquant-strategy,2026-06-25
SH688355,明志科技,eastmoney,1,BK0545,通用设备,688355.SH,myquant-strategy,2026-06-25
SH688360,德马科技,eastmoney,1,BK0545,通用设备,688360.SH,myquant-strategy,2026-06-25
SH688379,华光新材,eastmoney,1,BK0545,通用设备,688379.SH,myquant-strategy,2026-06-25
SH688433,华曙高科,eastmoney,1,BK0545,通用设备,688433.SH,myquant-strategy,2026-06-25
SH688448,磁谷科技,eastmoney,1,BK0545,通用设备,688448.SH,myquant-strategy,2026-06-25
SH688455,科捷智能,eastmoney,1,BK0545,通用设备,688455.SH,myquant-strategy,2026-06-25
SH688557,兰剑智能,eastmoney,1,BK0545,通用设备,688557.SH,myquant-strategy,2026-06-25
SH688558,国盛智科,eastmoney,1,BK0545,通用设备,688558.SH,myquant-strategy,2026-06-25
SH688577,浙海德曼,eastmoney,1,BK0545,通用设备,688577.SH,myquant-strategy,2026-06-25
SH688648,中邮科技,eastmoney,1,BK0545,通用设备,688648.SH,myquant-strategy,2026-06-25
SH688697,纽威数控,eastmoney,1,BK0545,通用设备,688697.SH,myquant-strategy,2026-06-25
SZ200530,,eastmoney,1,BK0545,通用设备,200530.SZ,myquant-strategy,2026-06-25
SZ200570,,eastmoney,1,BK0545,通用设备,200570.SZ,myquant-strategy,2026-06-25
SZ200706,,eastmoney,1,BK0545,通用设备,200706.SZ,myquant-strategy,2026-06-25
SZ200771,,eastmoney,1,BK0545,通用设备,200771.SZ,myquant-strategy,2026-06-25
SZ300024,机器人,eastmoney,1,BK0545,通用设备,300024.SZ,myquant-strategy,2026-06-25
SZ300080,易成新能,eastmoney,1,BK0545,通用设备,300080.SZ,myquant-strategy,2026-06-25
SZ300083,创世纪,eastmoney,1,BK0545,通用设备,300083.SZ,myquant-strategy,2026-06-25
SZ300091,*ST金灵,eastmoney,1,BK0545,通用设备,300091.SZ,myquant-strategy,2026-06-25
SZ300092,科新机电,eastmoney,1,BK0545,通用设备,300092.SZ,myquant-strategy,2026-06-25
SZ300095,华伍股份,eastmoney,1,BK0545,通用设备,300095.SZ,myquant-strategy,2026-06-25
SZ300126,锐奇股份,eastmoney,1,BK0545,通用设备,300126.SZ,myquant-strategy,2026-06-25
SZ300145,南方泵业,eastmoney,1,BK0545,通用设备,300145.SZ,myquant-strategy,2026-06-25
SZ300154,瑞凌股份,eastmoney,1,BK0545,通用设备,300154.SZ,myquant-strategy,2026-06-25
SZ300161,华中数控,eastmoney,1,BK0545,通用设备,300161.SZ,myquant-strategy,2026-06-25
SZ300179,四方达,eastmoney,1,BK0545,通用设备,300179.SZ,myquant-strategy,2026-06-25
SZ300193,佳士科技,eastmoney,1,BK0545,通用设备,300193.SZ,myquant-strategy,2026-06-25
SZ300257,开山股份,eastmoney,1,BK0545,通用设备,300257.SZ,myquant-strategy,2026-06-25
SZ300260,新莱应材,eastmoney,1,BK0545,通用设备,300260.SZ,myquant-strategy,2026-06-25
SZ300263,隆华科技,eastmoney,1,BK0545,通用设备,300263.SZ,myquant-strategy,2026-06-25
SZ300278,华昌达,eastmoney,1,BK0545,通用设备,300278.SZ,myquant-strategy,2026-06-25
SZ300420,五洋自控,eastmoney,1,BK0545,通用设备,300420.SZ,myquant-strategy,2026-06-25
SZ300421,力星股份,eastmoney,1,BK0545,通用设备,300421.SZ,myquant-strategy,2026-06-25
SZ300430,诚益通,eastmoney,1,BK0545,通用设备,300430.SZ,myquant-strategy,2026-06-25
SZ300441,鲍斯股份,eastmoney,1,BK0545,通用设备,300441.SZ,myquant-strategy,2026-06-25
SZ300470,中密控股,eastmoney,1,BK0545,通用设备,300470.SZ,myquant-strategy,2026-06-25
SZ300488,恒锋工具,eastmoney,1,BK0545,通用设备,300488.SZ,myquant-strategy,2026-06-25
SZ300503,昊志机电,eastmoney,1,BK0545,通用设备,300503.SZ,myquant-strategy,2026-06-25
SZ300554,三超新材,eastmoney,1,BK0545,通用设备,300554.SZ,myquant-strategy,2026-06-25
SZ300606,金太阳,eastmoney,1,BK0545,通用设备,300606.SZ,myquant-strategy,2026-06-25
SZ300607,拓斯达,eastmoney,1,BK0545,通用设备,300607.SZ,myquant-strategy,2026-06-25
SZ300700,岱勒新材,eastmoney,1,BK0545,通用设备,300700.SZ,myquant-strategy,2026-06-25
SZ300780,德恩精工,eastmoney,1,BK0545,通用设备,300780.SZ,myquant-strategy,2026-06-25
SZ300809,华辰装备,eastmoney,1,BK0545,通用设备,300809.SZ,myquant-strategy,2026-06-25
SZ300817,双飞集团,eastmoney,1,BK0545,通用设备,300817.SZ,myquant-strategy,2026-06-25
SZ300853,申昊科技,eastmoney,1,BK0545,通用设备,300853.SZ,myquant-strategy,2026-06-25
SZ300885,海昌新材,eastmoney,1,BK0545,通用设备,300885.SZ,myquant-strategy,2026-06-25
SZ300943,春晖智控,eastmoney,1,BK0545,通用设备,300943.SZ,myquant-strategy,2026-06-25
SZ300946,恒而达,eastmoney,1,BK0545,通用设备,300946.SZ,myquant-strategy,2026-06-25
SZ300971,博亚精工,eastmoney,1,BK0545,通用设备,300971.SZ,myquant-strategy,2026-06-25
SZ300984,金沃股份,eastmoney,1,BK0545,通用设备,300984.SZ,myquant-strategy,2026-06-25
SZ300985,致远新能,eastmoney,1,BK0545,通用设备,300985.SZ,myquant-strategy,2026-06-25
SZ300988,津荣天宇,eastmoney,1,BK0545,通用设备,300988.SZ,myquant-strategy,2026-06-25
SZ300990,同飞股份,eastmoney,1,BK0545,通用设备,300990.SZ,myquant-strategy,2026-06-25
SZ300992,泰福泵业,eastmoney,1,BK0545,通用设备,300992.SZ,myquant-strategy,2026-06-25
SZ301028,鼎熔岩,eastmoney,1,BK0545,通用设备,301028.SZ,myquant-strategy,2026-06-25
SZ301029,怡合达,eastmoney,1,BK0545,通用设备,301029.SZ,myquant-strategy,2026-06-25
SZ301032,新柴股份,eastmoney,1,BK0545,通用设备,301032.SZ,myquant-strategy,2026-06-25
SZ301055,张小泉,eastmoney,1,BK0545,通用设备,301055.SZ,myquant-strategy,2026-06-25
SZ301079,邵阳液压,eastmoney,1,BK0545,通用设备,301079.SZ,myquant-strategy,2026-06-25
SZ301107,瑜欣电子,eastmoney,1,BK0545,通用设备,301107.SZ,myquant-strategy,2026-06-25
SZ301125,腾亚精工,eastmoney,1,BK0545,通用设备,301125.SZ,myquant-strategy,2026-06-25
SZ301137,哈焊华通,eastmoney,1,BK0545,通用设备,301137.SZ,myquant-strategy,2026-06-25
SZ301151,冠龙节能,eastmoney,1,BK0545,通用设备,301151.SZ,myquant-strategy,2026-06-25
SZ301202,朗威股份,eastmoney,1,BK0545,通用设备,301202.SZ,myquant-strategy,2026-06-25
SZ301252,同星科技,eastmoney,1,BK0545,通用设备,301252.SZ,myquant-strategy,2026-06-25
SZ301255,通力科技,eastmoney,1,BK0545,通用设备,301255.SZ,myquant-strategy,2026-06-25
SZ301261,恒工精密,eastmoney,1,BK0545,通用设备,301261.SZ,myquant-strategy,2026-06-25
SZ301268,铭利达,eastmoney,1,BK0545,通用设备,301268.SZ,myquant-strategy,2026-06-25
SZ301273,瑞晨环保,eastmoney,1,BK0545,通用设备,301273.SZ,myquant-strategy,2026-06-25
SZ301279,金道科技,eastmoney,1,BK0545,通用设备,301279.SZ,myquant-strategy,2026-06-25
SZ301309,万得凯,eastmoney,1,BK0545,通用设备,301309.SZ,myquant-strategy,2026-06-25
SZ301311,昆船智能,eastmoney,1,BK0545,通用设备,301311.SZ,myquant-strategy,2026-06-25
SZ301317,鑫磊股份,eastmoney,1,BK0545,通用设备,301317.SZ,myquant-strategy,2026-06-25
SZ301353,普莱得,eastmoney,1,BK0545,通用设备,301353.SZ,myquant-strategy,2026-06-25
SZ301368,丰立智能,eastmoney,1,BK0545,通用设备,301368.SZ,myquant-strategy,2026-06-25
SZ301377,鼎泰高科,eastmoney,1,BK0545,通用设备,301377.SZ,myquant-strategy,2026-06-25
SZ301399,英特科技,eastmoney,1,BK0545,通用设备,301399.SZ,myquant-strategy,2026-06-25
SZ301446,福事特,eastmoney,1,BK0545,通用设备,301446.SZ,myquant-strategy,2026-06-25
SZ301448,开创电气,eastmoney,1,BK0545,通用设备,301448.SZ,myquant-strategy,2026-06-25
SZ301525,儒竞科技,eastmoney,1,BK0545,通用设备,301525.SZ,myquant-strategy,2026-06-25
SZ301548,崇德科技,eastmoney,1,BK0545,通用设备,301548.SZ,myquant-strategy,2026-06-25
SZ301559,中集环科,eastmoney,1,BK0545,通用设备,301559.SZ,myquant-strategy,2026-06-25
SZ301596,瑞迪智驱,eastmoney,1,BK0545,通用设备,301596.SZ,myquant-strategy,2026-06-25
SZ301603,乔锋智能,eastmoney,1,BK0545,通用设备,301603.SZ,myquant-strategy,2026-06-25
SZ301616,浙江华业,eastmoney,1,BK0545,通用设备,301616.SZ,myquant-strategy,2026-06-25
SZ301633,港迪技术,eastmoney,1,BK0545,通用设备,301633.SZ,myquant-strategy,2026-06-25
SZ900910,,eastmoney,1,BK0545,通用设备,900910.SZ,myquant-strategy,2026-06-25
SZ900920,,eastmoney,1,BK0545,通用设备,900920.SZ,myquant-strategy,2026-06-25
SZ900924,,eastmoney,1,BK0545,通用设备,900924.SZ,myquant-strategy,2026-06-25
SZ900925,,eastmoney,1,BK0545,通用设备,900925.SZ,myquant-strategy,2026-06-25
SZ900947,,eastmoney,1,BK0545,通用设备,900947.SZ,myquant-strategy,2026-06-25
SZ920002,,eastmoney,1,BK0545,通用设备,920002.SZ,myquant-strategy,2026-06-25
SZ920082,,eastmoney,1,BK0545,通用设备,920082.SZ,myquant-strategy,2026-06-25
SZ920169,,eastmoney,1,BK0545,通用设备,920169.SZ,myquant-strategy,2026-06-25
SZ920396,,eastmoney,1,BK0545,通用设备,920396.SZ,myquant-strategy,2026-06-25
SZ920418,,eastmoney,1,BK0545,通用设备,920418.SZ,myquant-strategy,2026-06-25
SZ920455,,eastmoney,1,BK0545,通用设备,920455.SZ,myquant-strategy,2026-06-25
SZ920505,,eastmoney,1,BK0545,通用设备,920505.SZ,myquant-strategy,2026-06-25
SZ920510,,eastmoney,1,BK0545,通用设备,920510.SZ,myquant-strategy,2026-06-25
SZ920570,,eastmoney,1,BK0545,通用设备,920570.SZ,myquant-strategy,2026-06-25
SZ920576,,eastmoney,1,BK0545,通用设备,920576.SZ,myquant-strategy,2026-06-25
SZ920579,,eastmoney,1,BK0545,通用设备,920579.SZ,myquant-strategy,2026-06-25
SZ920608,,eastmoney,1,BK0545,通用设备,920608.SZ,myquant-strategy,2026-06-25
SZ920662,,eastmoney,1,BK0545,通用设备,920662.SZ,myquant-strategy,2026-06-25
SZ920679,,eastmoney,1,BK0545,通用设备,920679.SZ,myquant-strategy,2026-06-25
SZ920689,,eastmoney,1,BK0545,通用设备,920689.SZ,myquant-strategy,2026-06-25
SZ920699,,eastmoney,1,BK0545,通用设备,920699.SZ,myquant-strategy,2026-06-25
SZ920720,,eastmoney,1,BK0545,通用设备,920720.SZ,myquant-strategy,2026-06-25
SZ920808,,eastmoney,1,BK0545,通用设备,920808.SZ,myquant-strategy,2026-06-25
SZ920833,,eastmoney,1,BK0545,通用设备,920833.SZ,myquant-strategy,2026-06-25
SZ920839,,eastmoney,1,BK0545,通用设备,920839.SZ,myquant-strategy,2026-06-25
SZ920855,,eastmoney,1,BK0545,通用设备,920855.SZ,myquant-strategy,2026-06-25
SZ920885,,eastmoney,1,BK0545,通用设备,920885.SZ,myquant-strategy,2026-06-25
SZ920896,,eastmoney,1,BK0545,通用设备,920896.SZ,myquant-strategy,2026-06-25
SZ920943,,eastmoney,1,BK0545,通用设备,920943.SZ,myquant-strategy,2026-06-25
SH600176,中国巨石,eastmoney,1,BK0546,玻璃玻纤,600176.SH,myquant-strategy,2026-06-25
SH600293,三峡新材,eastmoney,1,BK0546,玻璃玻纤,600293.SH,myquant-strategy,2026-06-25
SH600586,金晶科技,eastmoney,1,BK0546,玻璃玻纤,600586.SH,myquant-strategy,2026-06-25
SH600660,福耀玻璃,eastmoney,1,BK0546,玻璃玻纤,600660.SH,myquant-strategy,2026-06-25
SH600819,耀皮玻璃,eastmoney,1,BK0546,玻璃玻纤,600819.SH,myquant-strategy,2026-06-25
SH601636,旗滨集团,eastmoney,1,BK0546,玻璃玻纤,601636.SH,myquant-strategy,2026-06-25
SH603021,ST华鹏,eastmoney,1,BK0546,玻璃玻纤,603021.SH,myquant-strategy,2026-06-25
SH603256,宏和科技,eastmoney,1,BK0546,玻璃玻纤,603256.SH,myquant-strategy,2026-06-25
SH603601,再升科技,eastmoney,1,BK0546,玻璃玻纤,603601.SH,myquant-strategy,2026-06-25
SH605006,山东玻纤,eastmoney,1,BK0546,玻璃玻纤,605006.SH,myquant-strategy,2026-06-25
SZ200012,,eastmoney,1,BK0546,玻璃玻纤,200012.SZ,myquant-strategy,2026-06-25
SZ300196,长海股份,eastmoney,1,BK0546,玻璃玻纤,300196.SZ,myquant-strategy,2026-06-25
SZ301188,力诺药包,eastmoney,1,BK0546,玻璃玻纤,301188.SZ,myquant-strategy,2026-06-25
SZ301526,国际复材,eastmoney,1,BK0546,玻璃玻纤,301526.SZ,myquant-strategy,2026-06-25
SZ900918,,eastmoney,1,BK0546,玻璃玻纤,900918.SZ,myquant-strategy,2026-06-25
SZ920179,,eastmoney,1,BK0546,玻璃玻纤,920179.SZ,myquant-strategy,2026-06-25
SZ920438,,eastmoney,1,BK0546,玻璃玻纤,920438.SZ,myquant-strategy,2026-06-25
SH600193,*ST创兴,eastmoney,1,BK0725,装修装饰,600193.SH,myquant-strategy,2026-06-25
SH601886,江河集团,eastmoney,1,BK0725,装修装饰,601886.SH,myquant-strategy,2026-06-25
SH603030,全筑股份,eastmoney,1,BK0725,装修装饰,603030.SH,myquant-strategy,2026-06-25
SH603038,华立股份,eastmoney,1,BK0725,装修装饰,603038.SH,myquant-strategy,2026-06-25
SH603216,梦天家居,eastmoney,1,BK0725,装修装饰,603216.SH,myquant-strategy,2026-06-25
SH603272,联翔股份,eastmoney,1,BK0725,装修装饰,603272.SH,myquant-strategy,2026-06-25
SH603385,惠达卫浴,eastmoney,1,BK0725,装修装饰,603385.SH,myquant-strategy,2026-06-25
SH603408,建霖家居,eastmoney,1,BK0725,装修装饰,603408.SH,myquant-strategy,2026-06-25
SH603828,ST柯利达,eastmoney,1,BK0725,装修装饰,603828.SH,myquant-strategy,2026-06-25
SH603929,亚翔集成,eastmoney,1,BK0725,装修装饰,603929.SH,myquant-strategy,2026-06-25
SH605178,时空科技,eastmoney,1,BK0725,装修装饰,605178.SH,myquant-strategy,2026-06-25
SH605287,德才股份,eastmoney,1,BK0725,装修装饰,605287.SH,myquant-strategy,2026-06-25
SH605289,罗曼股份,eastmoney,1,BK0725,装修装饰,605289.SH,myquant-strategy,2026-06-25
SH605318,法狮龙,eastmoney,1,BK0725,装修装饰,605318.SH,myquant-strategy,2026-06-25
SZ300374,中铁装配,eastmoney,1,BK0725,装修装饰,300374.SZ,myquant-strategy,2026-06-25
SZ300506,ST名家汇,eastmoney,1,BK0725,装修装饰,300506.SZ,myquant-strategy,2026-06-25
SZ300621,维业股份,eastmoney,1,BK0725,装修装饰,300621.SZ,myquant-strategy,2026-06-25
SZ300986,志特新材,eastmoney,1,BK0725,装修装饰,300986.SZ,myquant-strategy,2026-06-25
SZ301113,雅艺科技,eastmoney,1,BK0725,装修装饰,301113.SZ,myquant-strategy,2026-06-25
SZ301365,矩阵股份,eastmoney,1,BK0725,装修装饰,301365.SZ,myquant-strategy,2026-06-25
SZ920580,,eastmoney,1,BK0725,装修装饰,920580.SZ,myquant-strategy,2026-06-25
SZ920765,,eastmoney,1,BK0725,装修装饰,920765.SZ,myquant-strategy,2026-06-25
SH600629,华建集团,eastmoney,1,BK0726,工程咨询服务,600629.SH,myquant-strategy,2026-06-25
SH600720,中交设计,eastmoney,1,BK0726,工程咨询服务,600720.SH,myquant-strategy,2026-06-25
SH603017,中衡设计,eastmoney,1,BK0726,工程咨询服务,603017.SH,myquant-strategy,2026-06-25
SH603018,华设集团,eastmoney,1,BK0726,工程咨询服务,603018.SH,myquant-strategy,2026-06-25
SH603153,上海建科,eastmoney,1,BK0726,工程咨询服务,603153.SH,myquant-strategy,2026-06-25
SH603257,中国瑞林,eastmoney,1,BK0726,工程咨询服务,603257.SH,myquant-strategy,2026-06-25
SH603357,设计总院,eastmoney,1,BK0726,工程咨询服务,603357.SH,myquant-strategy,2026-06-25
SH603458,勘设股份,eastmoney,1,BK0726,工程咨询服务,603458.SH,myquant-strategy,2026-06-25
SH603860,中公高科,eastmoney,1,BK0726,工程咨询服务,603860.SH,myquant-strategy,2026-06-25
SH603909,建发合诚,eastmoney,1,BK0726,工程咨询服务,603909.SH,myquant-strategy,2026-06-25
SH603959,百利科技,eastmoney,1,BK0726,工程咨询服务,603959.SH,myquant-strategy,2026-06-25
SZ300284,苏交科,eastmoney,1,BK0726,工程咨询服务,300284.SZ,myquant-strategy,2026-06-25
SZ300492,华图山鼎,eastmoney,1,BK0726,工程咨询服务,300492.SZ,myquant-strategy,2026-06-25
SZ300500,启迪设计,eastmoney,1,BK0726,工程咨询服务,300500.SZ,myquant-strategy,2026-06-25
SZ300564,筑博设计,eastmoney,1,BK0726,工程咨询服务,300564.SZ,myquant-strategy,2026-06-25
SZ300635,中达安,eastmoney,1,BK0726,工程咨询服务,300635.SZ,myquant-strategy,2026-06-25
SZ300649,杭州园林,eastmoney,1,BK0726,工程咨询服务,300649.SZ,myquant-strategy,2026-06-25
SZ300668,杰恩设计,eastmoney,1,BK0726,工程咨询服务,300668.SZ,myquant-strategy,2026-06-25
SZ300675,建科院,eastmoney,1,BK0726,工程咨询服务,300675.SZ,myquant-strategy,2026-06-25
SZ300732,设研院,eastmoney,1,BK0726,工程咨询服务,300732.SZ,myquant-strategy,2026-06-25
SZ300746,汉嘉数智,eastmoney,1,BK0726,工程咨询服务,300746.SZ,myquant-strategy,2026-06-25
SZ300778,新城市,eastmoney,1,BK0726,工程咨询服务,300778.SZ,myquant-strategy,2026-06-25
SZ300826,测绘股份,eastmoney,1,BK0726,工程咨询服务,300826.SZ,myquant-strategy,2026-06-25
SZ300844,山水比德,eastmoney,1,BK0726,工程咨询服务,300844.SZ,myquant-strategy,2026-06-25
SZ300949,奥雅股份,eastmoney,1,BK0726,工程咨询服务,300949.SZ,myquant-strategy,2026-06-25
SZ300977,深圳瑞捷,eastmoney,1,BK0726,工程咨询服务,300977.SZ,myquant-strategy,2026-06-25
SZ300983,尤安设计,eastmoney,1,BK0726,工程咨询服务,300983.SZ,myquant-strategy,2026-06-25
SZ300989,蕾奥规划,eastmoney,1,BK0726,工程咨询服务,300989.SZ,myquant-strategy,2026-06-25
SZ301027,华蓝集团,eastmoney,1,BK0726,工程咨询服务,301027.SZ,myquant-strategy,2026-06-25
SZ301091,深城交,eastmoney,1,BK0726,工程咨询服务,301091.SZ,myquant-strategy,2026-06-25
SZ301136,招标股份,eastmoney,1,BK0726,工程咨询服务,301136.SZ,myquant-strategy,2026-06-25
SZ301167,建研设计,eastmoney,1,BK0726,工程咨询服务,301167.SZ,myquant-strategy,2026-06-25
SZ301505,苏州规划,eastmoney,1,BK0726,工程咨询服务,301505.SZ,myquant-strategy,2026-06-25
SZ900906,,eastmoney,1,BK0726,工程咨询服务,900906.SZ,myquant-strategy,2026-06-25
SZ920427,,eastmoney,1,BK0726,工程咨询服务,920427.SZ,myquant-strategy,2026-06-25
SZ920873,,eastmoney,1,BK0726,工程咨询服务,920873.SZ,myquant-strategy,2026-06-25
SZ920892,,eastmoney,1,BK0726,工程咨询服务,920892.SZ,myquant-strategy,2026-06-25
SH600327,大东方,eastmoney,1,BK0727,医疗服务,600327.SH,myquant-strategy,2026-06-25
SH600721,百花医药,eastmoney,1,BK0727,医疗服务,600721.SH,myquant-strategy,2026-06-25
SH600763,通策医疗,eastmoney,1,BK0727,医疗服务,600763.SH,myquant-strategy,2026-06-25
SH603108,润达医疗,eastmoney,1,BK0727,医疗服务,603108.SH,myquant-strategy,2026-06-25
SH603127,昭衍新药,eastmoney,1,BK0727,医疗服务,603127.SH,myquant-strategy,2026-06-25
SH603259,药明康德,eastmoney,1,BK0727,医疗服务,603259.SH,myquant-strategy,2026-06-25
SH603882,金域医学,eastmoney,1,BK0727,医疗服务,603882.SH,myquant-strategy,2026-06-25
SH605186,健麾信息,eastmoney,1,BK0727,医疗服务,605186.SH,myquant-strategy,2026-06-25
SH688202,美迪西,eastmoney,1,BK0727,医疗服务,688202.SH,myquant-strategy,2026-06-25
SH688222,成都先导,eastmoney,1,BK0727,医疗服务,688222.SH,myquant-strategy,2026-06-25
SH688238,和元生物,eastmoney,1,BK0727,医疗服务,688238.SH,myquant-strategy,2026-06-25
SH688246,嘉和美康,eastmoney,1,BK0727,医疗服务,688246.SH,myquant-strategy,2026-06-25
SH688315,诺禾致源,eastmoney,1,BK0727,医疗服务,688315.SH,myquant-strategy,2026-06-25
SH688621,阳光诺和,eastmoney,1,BK0727,医疗服务,688621.SH,myquant-strategy,2026-06-25
SZ200028,,eastmoney,1,BK0727,医疗服务,200028.SZ,myquant-strategy,2026-06-25
SZ300015,爱尔眼科,eastmoney,1,BK0727,医疗服务,300015.SZ,myquant-strategy,2026-06-25
SZ300143,盈康生命,eastmoney,1,BK0727,医疗服务,300143.SZ,myquant-strategy,2026-06-25
SZ300149,睿智医药,eastmoney,1,BK0727,医疗服务,300149.SZ,myquant-strategy,2026-06-25
SZ300244,迪安诊断,eastmoney,1,BK0727,医疗服务,300244.SZ,myquant-strategy,2026-06-25
SZ300347,泰格医药,eastmoney,1,BK0727,医疗服务,300347.SZ,myquant-strategy,2026-06-25
SZ300404,博济医药,eastmoney,1,BK0727,医疗服务,300404.SZ,myquant-strategy,2026-06-25
SZ300759,康龙化成,eastmoney,1,BK0727,医疗服务,300759.SZ,myquant-strategy,2026-06-25
SZ301033,迈普医学,eastmoney,1,BK0727,医疗服务,301033.SZ,myquant-strategy,2026-06-25
SZ301080,百普赛斯,eastmoney,1,BK0727,医疗服务,301080.SZ,myquant-strategy,2026-06-25
SZ301096,百诚医药,eastmoney,1,BK0727,医疗服务,301096.SZ,myquant-strategy,2026-06-25
SZ301103,何氏眼科,eastmoney,1,BK0727,医疗服务,301103.SZ,myquant-strategy,2026-06-25
SZ301201,诚达药业,eastmoney,1,BK0727,医疗服务,301201.SZ,myquant-strategy,2026-06-25
SZ301235,华康洁净,eastmoney,1,BK0727,医疗服务,301235.SZ,myquant-strategy,2026-06-25
SZ301239,普瑞眼科,eastmoney,1,BK0727,医疗服务,301239.SZ,myquant-strategy,2026-06-25
SZ301257,普蕊斯,eastmoney,1,BK0727,医疗服务,301257.SZ,myquant-strategy,2026-06-25
SZ301267,华厦眼科,eastmoney,1,BK0727,医疗服务,301267.SZ,myquant-strategy,2026-06-25
SZ301293,三博脑科,eastmoney,1,BK0727,医疗服务,301293.SZ,myquant-strategy,2026-06-25
SZ301333,诺思格,eastmoney,1,BK0727,医疗服务,301333.SZ,myquant-strategy,2026-06-25
SZ301520,万邦医药,eastmoney,1,BK0727,医疗服务,301520.SZ,myquant-strategy,2026-06-25
SH600133,东湖高新,eastmoney,1,BK0728,环保行业,600133.SH,myquant-strategy,2026-06-25
SH600217,中再资环,eastmoney,1,BK0728,环保行业,600217.SH,myquant-strategy,2026-06-25
SH600292,电投水电,eastmoney,1,BK0728,环保行业,600292.SH,myquant-strategy,2026-06-25
SH600323,瀚蓝环境,eastmoney,1,BK0728,环保行业,600323.SH,myquant-strategy,2026-06-25
SH600388,龙净环保,eastmoney,1,BK0728,环保行业,600388.SH,myquant-strategy,2026-06-25
SH600526,菲达环保,eastmoney,1,BK0728,环保行业,600526.SH,myquant-strategy,2026-06-25
SH600539,狮头股份,eastmoney,1,BK0728,环保行业,600539.SH,myquant-strategy,2026-06-25
SH600796,钱江生化,eastmoney,1,BK0728,环保行业,600796.SH,myquant-strategy,2026-06-25
SH600874,创业环保,eastmoney,1,BK0728,环保行业,600874.SH,myquant-strategy,2026-06-25
SH601033,永兴股份,eastmoney,1,BK0728,环保行业,601033.SH,myquant-strategy,2026-06-25
SH601200,上海环境,eastmoney,1,BK0728,环保行业,601200.SH,myquant-strategy,2026-06-25
SH601330,绿色动力,eastmoney,1,BK0728,环保行业,601330.SH,myquant-strategy,2026-06-25
SH601827,三峰环境,eastmoney,1,BK0728,环保行业,601827.SH,myquant-strategy,2026-06-25
SH603126,中材节能,eastmoney,1,BK0728,环保行业,603126.SH,myquant-strategy,2026-06-25
SH603177,德创环保,eastmoney,1,BK0728,环保行业,603177.SH,myquant-strategy,2026-06-25
SH603200,上海洗霸,eastmoney,1,BK0728,环保行业,603200.SH,myquant-strategy,2026-06-25
SH603359,东珠生态,eastmoney,1,BK0728,环保行业,603359.SH,myquant-strategy,2026-06-25
SH603568,伟明环保,eastmoney,1,BK0728,环保行业,603568.SH,myquant-strategy,2026-06-25
SH603588,高能环境,eastmoney,1,BK0728,环保行业,603588.SH,myquant-strategy,2026-06-25
SH603686,福龙马,eastmoney,1,BK0728,环保行业,603686.SH,myquant-strategy,2026-06-25
SH603797,联泰环保,eastmoney,1,BK0728,环保行业,603797.SH,myquant-strategy,2026-06-25
SH603817,海峡环保,eastmoney,1,BK0728,环保行业,603817.SH,myquant-strategy,2026-06-25
SH603903,中持股份,eastmoney,1,BK0728,环保行业,603903.SH,myquant-strategy,2026-06-25
SH605069,正和生态,eastmoney,1,BK0728,环保行业,605069.SH,myquant-strategy,2026-06-25
SH605081,*ST太和,eastmoney,1,BK0728,环保行业,605081.SH,myquant-strategy,2026-06-25
SH688021,奥福科技,eastmoney,1,BK0728,环保行业,688021.SH,myquant-strategy,2026-06-25
SH688057,金达莱,eastmoney,1,BK0728,环保行业,688057.SH,myquant-strategy,2026-06-25
SH688069,德林海,eastmoney,1,BK0728,环保行业,688069.SH,myquant-strategy,2026-06-25
SH688096,京源环保,eastmoney,1,BK0728,环保行业,688096.SH,myquant-strategy,2026-06-25
SH688101,三达膜,eastmoney,1,BK0728,环保行业,688101.SH,myquant-strategy,2026-06-25
SH688178,万德斯,eastmoney,1,BK0728,环保行业,688178.SH,myquant-strategy,2026-06-25
SH688309,恒誉环保,eastmoney,1,BK0728,环保行业,688309.SH,myquant-strategy,2026-06-25
SH688335,复洁科技,eastmoney,1,BK0728,环保行业,688335.SH,myquant-strategy,2026-06-25
SH688370,丛麟科技,eastmoney,1,BK0728,环保行业,688370.SH,myquant-strategy,2026-06-25
SH688376,美埃科技,eastmoney,1,BK0728,环保行业,688376.SH,myquant-strategy,2026-06-25
SH688466,金科环境,eastmoney,1,BK0728,环保行业,688466.SH,myquant-strategy,2026-06-25
SH688480,赛恩斯,eastmoney,1,BK0728,环保行业,688480.SH,myquant-strategy,2026-06-25
SH688485,九州一轨,eastmoney,1,BK0728,环保行业,688485.SH,myquant-strategy,2026-06-25
SH688565,力源科技,eastmoney,1,BK0728,环保行业,688565.SH,myquant-strategy,2026-06-25
SH688659,元琛科技,eastmoney,1,BK0728,环保行业,688659.SH,myquant-strategy,2026-06-25
SH688679,通源环境,eastmoney,1,BK0728,环保行业,688679.SH,myquant-strategy,2026-06-25
SH688701,卓锦股份,eastmoney,1,BK0728,环保行业,688701.SH,myquant-strategy,2026-06-25
SZ300055,万邦达,eastmoney,1,BK0728,环保行业,300055.SZ,myquant-strategy,2026-06-25
SZ300056,中创环保,eastmoney,1,BK0728,环保行业,300056.SZ,myquant-strategy,2026-06-25
SZ300070,碧水源,eastmoney,1,BK0728,环保行业,300070.SZ,myquant-strategy,2026-06-25
SZ300137,先河环保,eastmoney,1,BK0728,环保行业,300137.SZ,myquant-strategy,2026-06-25
SZ300140,节能环境,eastmoney,1,BK0728,环保行业,300140.SZ,myquant-strategy,2026-06-25
SZ300152,ST新动力,eastmoney,1,BK0728,环保行业,300152.SZ,myquant-strategy,2026-06-25
SZ300172,中电环保,eastmoney,1,BK0728,环保行业,300172.SZ,myquant-strategy,2026-06-25
SZ300187,永清环保,eastmoney,1,BK0728,环保行业,300187.SZ,myquant-strategy,2026-06-25
SZ300190,维尔利,eastmoney,1,BK0728,环保行业,300190.SZ,myquant-strategy,2026-06-25
SZ300197,节能铁汉,eastmoney,1,BK0728,环保行业,300197.SZ,myquant-strategy,2026-06-25
SZ300210,森远股份,eastmoney,1,BK0728,环保行业,300210.SZ,myquant-strategy,2026-06-25
SZ300266,兴源环境,eastmoney,1,BK0728,环保行业,300266.SZ,myquant-strategy,2026-06-25
SZ300334,津膜科技,eastmoney,1,BK0728,环保行业,300334.SZ,myquant-strategy,2026-06-25
SZ300335,迪森股份,eastmoney,1,BK0728,环保行业,300335.SZ,myquant-strategy,2026-06-25
SZ300355,蒙草生态,eastmoney,1,BK0728,环保行业,300355.SZ,myquant-strategy,2026-06-25
SZ300385,雪浪环境,eastmoney,1,BK0728,环保行业,300385.SZ,myquant-strategy,2026-06-25
SZ300388,节能国祯,eastmoney,1,BK0728,环保行业,300388.SZ,myquant-strategy,2026-06-25
SZ300422,博世科,eastmoney,1,BK0728,环保行业,300422.SZ,myquant-strategy,2026-06-25
SZ300425,中建环能,eastmoney,1,BK0728,环保行业,300425.SZ,myquant-strategy,2026-06-25
SZ300614,百川畅银,eastmoney,1,BK0728,环保行业,300614.SZ,myquant-strategy,2026-06-25
SZ300631,久吾高科,eastmoney,1,BK0728,环保行业,300631.SZ,myquant-strategy,2026-06-25
SZ300664,鹏鹞环保,eastmoney,1,BK0728,环保行业,300664.SZ,myquant-strategy,2026-06-25
SZ300692,中赋科技,eastmoney,1,BK0728,环保行业,300692.SZ,myquant-strategy,2026-06-25
SZ300774,倍杰特,eastmoney,1,BK0728,环保行业,300774.SZ,myquant-strategy,2026-06-25
SZ300779,惠城环保,eastmoney,1,BK0728,环保行业,300779.SZ,myquant-strategy,2026-06-25
SZ300786,国林科技,eastmoney,1,BK0728,环保行业,300786.SZ,myquant-strategy,2026-06-25
SZ300800,力合科技,eastmoney,1,BK0728,环保行业,300800.SZ,myquant-strategy,2026-06-25
SZ300815,玉禾田,eastmoney,1,BK0728,环保行业,300815.SZ,myquant-strategy,2026-06-25
SZ300854,中兰环保,eastmoney,1,BK0728,环保行业,300854.SZ,myquant-strategy,2026-06-25
SZ300864,南大环境,eastmoney,1,BK0728,环保行业,300864.SZ,myquant-strategy,2026-06-25
SZ300867,圣元环保,eastmoney,1,BK0728,环保行业,300867.SZ,myquant-strategy,2026-06-25
SZ300899,*ST凯鑫,eastmoney,1,BK0728,环保行业,300899.SZ,myquant-strategy,2026-06-25
SZ300929,华骐环保,eastmoney,1,BK0728,环保行业,300929.SZ,myquant-strategy,2026-06-25
SZ300948,冠中生态,eastmoney,1,BK0728,环保行业,300948.SZ,myquant-strategy,2026-06-25
SZ300958,建工修复,eastmoney,1,BK0728,环保行业,300958.SZ,myquant-strategy,2026-06-25
SZ300961,深水海纳,eastmoney,1,BK0728,环保行业,300961.SZ,myquant-strategy,2026-06-25
SZ301049,超越科技,eastmoney,1,BK0728,环保行业,301049.SZ,myquant-strategy,2026-06-25
SZ301068,大地海洋,eastmoney,1,BK0728,环保行业,301068.SZ,myquant-strategy,2026-06-25
SZ301081,严牌股份,eastmoney,1,BK0728,环保行业,301081.SZ,myquant-strategy,2026-06-25
SZ301109,军信股份,eastmoney,1,BK0728,环保行业,301109.SZ,myquant-strategy,2026-06-25
SZ301127,武汉天源,eastmoney,1,BK0728,环保行业,301127.SZ,myquant-strategy,2026-06-25
SZ301148,嘉戎技术,eastmoney,1,BK0728,环保行业,301148.SZ,myquant-strategy,2026-06-25
SZ301175,中科环保,eastmoney,1,BK0728,环保行业,301175.SZ,myquant-strategy,2026-06-25
SZ301203,国泰环保,eastmoney,1,BK0728,环保行业,301203.SZ,myquant-strategy,2026-06-25
SZ301259,艾布鲁,eastmoney,1,BK0728,环保行业,301259.SZ,myquant-strategy,2026-06-25
SZ301265,华新环保,eastmoney,1,BK0728,环保行业,301265.SZ,myquant-strategy,2026-06-25
SZ301288,*ST清研,eastmoney,1,BK0728,环保行业,301288.SZ,myquant-strategy,2026-06-25
SZ301305,朗坤科技,eastmoney,1,BK0728,环保行业,301305.SZ,myquant-strategy,2026-06-25
SZ301372,科净源,eastmoney,1,BK0728,环保行业,301372.SZ,myquant-strategy,2026-06-25
SZ301500,飞南资源,eastmoney,1,BK0728,环保行业,301500.SZ,myquant-strategy,2026-06-25
SZ920263,,eastmoney,1,BK0728,环保行业,920263.SZ,myquant-strategy,2026-06-25
SZ920370,,eastmoney,1,BK0728,环保行业,920370.SZ,myquant-strategy,2026-06-25
SZ920802,,eastmoney,1,BK0728,环保行业,920802.SZ,myquant-strategy,2026-06-25
SH600150,中国船舶,eastmoney,1,BK0729,船舶制造,600150.SH,myquant-strategy,2026-06-25
SH600482,中国动力,eastmoney,1,BK0729,船舶制造,600482.SH,myquant-strategy,2026-06-25
SH600685,中船防务,eastmoney,1,BK0729,船舶制造,600685.SH,myquant-strategy,2026-06-25
SH601890,亚星锚链,eastmoney,1,BK0729,船舶制造,601890.SH,myquant-strategy,2026-06-25
SH603268,*ST松发,eastmoney,1,BK0729,船舶制造,603268.SH,myquant-strategy,2026-06-25
SZ300008,天海防务,eastmoney,1,BK0729,船舶制造,300008.SZ,myquant-strategy,2026-06-25
SZ300065,海兰信,eastmoney,1,BK0729,船舶制造,300065.SZ,myquant-strategy,2026-06-25
SZ300123,亚光科技,eastmoney,1,BK0729,船舶制造,300123.SZ,myquant-strategy,2026-06-25
SZ300589,江龙船艇,eastmoney,1,BK0729,船舶制造,300589.SZ,myquant-strategy,2026-06-25
SZ300600,国瑞科技,eastmoney,1,BK0729,船舶制造,300600.SZ,myquant-strategy,2026-06-25
SH600195,中牧股份,eastmoney,1,BK0730,农药兽药,600195.SH,myquant-strategy,2026-06-25
SH600201,生物股份,eastmoney,1,BK0730,农药兽药,600201.SH,myquant-strategy,2026-06-25
SH600226,亨通股份,eastmoney,1,BK0730,农药兽药,600226.SH,myquant-strategy,2026-06-25
SH600389,江山股份,eastmoney,1,BK0730,农药兽药,600389.SH,myquant-strategy,2026-06-25
SH600486,扬农化工,eastmoney,1,BK0730,农药兽药,600486.SH,myquant-strategy,2026-06-25
SH600538,国发股份,eastmoney,1,BK0730,农药兽药,600538.SH,myquant-strategy,2026-06-25
SH600596,新安股份,eastmoney,1,BK0730,农药兽药,600596.SH,myquant-strategy,2026-06-25
SH600731,湖南海利,eastmoney,1,BK0730,农药兽药,600731.SH,myquant-strategy,2026-06-25
SH603086,先达股份,eastmoney,1,BK0730,农药兽药,603086.SH,myquant-strategy,2026-06-25
SH603360,百傲化学,eastmoney,1,BK0730,农药兽药,603360.SH,myquant-strategy,2026-06-25
SH603566,普莱柯,eastmoney,1,BK0730,农药兽药,603566.SH,myquant-strategy,2026-06-25
SH603585,苏利股份,eastmoney,1,BK0730,农药兽药,603585.SH,myquant-strategy,2026-06-25
SH603599,广信股份,eastmoney,1,BK0730,农药兽药,603599.SH,myquant-strategy,2026-06-25
SH603639,海利尔,eastmoney,1,BK0730,农药兽药,603639.SH,myquant-strategy,2026-06-25
SH603810,丰山集团,eastmoney,1,BK0730,农药兽药,603810.SH,myquant-strategy,2026-06-25
SH603970,中农立华,eastmoney,1,BK0730,农药兽药,603970.SH,myquant-strategy,2026-06-25
SH605033,美邦股份,eastmoney,1,BK0730,农药兽药,605033.SH,myquant-strategy,2026-06-25
SH688098,申联生物,eastmoney,1,BK0730,农药兽药,688098.SH,myquant-strategy,2026-06-25
SH688526,科前生物,eastmoney,1,BK0730,农药兽药,688526.SH,myquant-strategy,2026-06-25
SZ200553,,eastmoney,1,BK0730,农药兽药,200553.SZ,myquant-strategy,2026-06-25
SZ300119,瑞普生物,eastmoney,1,BK0730,农药兽药,300119.SZ,myquant-strategy,2026-06-25
SZ300261,雅本化学,eastmoney,1,BK0730,农药兽药,300261.SZ,myquant-strategy,2026-06-25
SZ300575,中旗股份,eastmoney,1,BK0730,农药兽药,300575.SZ,myquant-strategy,2026-06-25
SZ300796,贝斯美,eastmoney,1,BK0730,农药兽药,300796.SZ,myquant-strategy,2026-06-25
SZ300804,广康生化,eastmoney,1,BK0730,农药兽药,300804.SZ,myquant-strategy,2026-06-25
SZ300871,回盛生物,eastmoney,1,BK0730,农药兽药,300871.SZ,myquant-strategy,2026-06-25
SZ301035,润丰股份,eastmoney,1,BK0730,农药兽药,301035.SZ,myquant-strategy,2026-06-25
SZ301665,泰禾股份,eastmoney,1,BK0730,农药兽药,301665.SZ,myquant-strategy,2026-06-25
SZ920656,,eastmoney,1,BK0730,农药兽药,920656.SZ,myquant-strategy,2026-06-25
SZ920819,,eastmoney,1,BK0730,农药兽药,920819.SZ,myquant-strategy,2026-06-25
SZ920866,,eastmoney,1,BK0730,农药兽药,920866.SZ,myquant-strategy,2026-06-25
SH600078,澄星股份,eastmoney,1,BK0731,化肥行业,600078.SH,myquant-strategy,2026-06-25
SH600096,云天化,eastmoney,1,BK0731,化肥行业,600096.SH,myquant-strategy,2026-06-25
SH600141,兴发集团,eastmoney,1,BK0731,化肥行业,600141.SH,myquant-strategy,2026-06-25
SH600227,赤天化,eastmoney,1,BK0731,化肥行业,600227.SH,myquant-strategy,2026-06-25
SH600470,六国化工,eastmoney,1,BK0731,化肥行业,600470.SH,myquant-strategy,2026-06-25
SH600691,潞化科技,eastmoney,1,BK0731,化肥行业,600691.SH,myquant-strategy,2026-06-25
SH603395,红四方,eastmoney,1,BK0731,化肥行业,603395.SH,myquant-strategy,2026-06-25
SZ300387,富邦科技,eastmoney,1,BK0731,化肥行业,300387.SZ,myquant-strategy,2026-06-25
SZ300505,川金诺,eastmoney,1,BK0731,化肥行业,300505.SZ,myquant-strategy,2026-06-25
SH600489,中金黄金,eastmoney,1,BK0732,贵金属,600489.SH,myquant-strategy,2026-06-25
SH600547,山东黄金,eastmoney,1,BK0732,贵金属,600547.SH,myquant-strategy,2026-06-25
SH600988,赤峰黄金,eastmoney,1,BK0732,贵金属,600988.SH,myquant-strategy,2026-06-25
SH601069,西部黄金,eastmoney,1,BK0732,贵金属,601069.SH,myquant-strategy,2026-06-25
SZ300139,晓程科技,eastmoney,1,BK0732,贵金属,300139.SZ,myquant-strategy,2026-06-25
SH600210,紫江企业,eastmoney,1,BK0733,包装材料,600210.SH,myquant-strategy,2026-06-25
SH601515,衢州东峰,eastmoney,1,BK0733,包装材料,601515.SH,myquant-strategy,2026-06-25
SH601968,宝钢包装,eastmoney,1,BK0733,包装材料,601968.SH,myquant-strategy,2026-06-25
SH603022,新通联,eastmoney,1,BK0733,包装材料,603022.SH,myquant-strategy,2026-06-25
SH603687,大胜达,eastmoney,1,BK0733,包装材料,603687.SH,myquant-strategy,2026-06-25
SZ300501,海顺新材,eastmoney,1,BK0733,包装材料,300501.SZ,myquant-strategy,2026-06-25
SZ301062,上海艾录,eastmoney,1,BK0733,包装材料,301062.SZ,myquant-strategy,2026-06-25
SZ301223,中荣股份,eastmoney,1,BK0733,包装材料,301223.SZ,myquant-strategy,2026-06-25
SZ301296,新巨丰,eastmoney,1,BK0733,包装材料,301296.SZ,myquant-strategy,2026-06-25
SZ920163,,eastmoney,1,BK0733,包装材料,920163.SZ,myquant-strategy,2026-06-25
SZ920392,,eastmoney,1,BK0733,包装材料,920392.SZ,myquant-strategy,2026-06-25
SH600612,老凤祥,eastmoney,1,BK0734,珠宝首饰,600612.SH,myquant-strategy,2026-06-25
SH600655,豫园股份,eastmoney,1,BK0734,珠宝首饰,600655.SH,myquant-strategy,2026-06-25
SH600916,中国黄金,eastmoney,1,BK0734,珠宝首饰,600916.SH,myquant-strategy,2026-06-25
SH603900,莱绅通灵,eastmoney,1,BK0734,珠宝首饰,603900.SH,myquant-strategy,2026-06-25
SH605599,菜百股份,eastmoney,1,BK0734,珠宝首饰,605599.SH,myquant-strategy,2026-06-25
SZ200026,,eastmoney,1,BK0734,珠宝首饰,200026.SZ,myquant-strategy,2026-06-25
SZ300945,曼卡龙,eastmoney,1,BK0734,珠宝首饰,300945.SZ,myquant-strategy,2026-06-25
SZ301177,迪阿股份,eastmoney,1,BK0734,珠宝首饰,301177.SZ,myquant-strategy,2026-06-25
SZ900905,,eastmoney,1,BK0734,珠宝首饰,900905.SZ,myquant-strategy,2026-06-25
SH600100,同方股份,eastmoney,1,BK0735,计算机设备,600100.SH,myquant-strategy,2026-06-25
SH600764,中国海防,eastmoney,1,BK0735,计算机设备,600764.SH,myquant-strategy,2026-06-25
SH600855,航天长峰,eastmoney,1,BK0735,计算机设备,600855.SH,myquant-strategy,2026-06-25
SH603019,中科曙光,eastmoney,1,BK0735,计算机设备,603019.SH,myquant-strategy,2026-06-25
SH603106,恒银科技,eastmoney,1,BK0735,计算机设备,603106.SH,myquant-strategy,2026-06-25
SH603516,淳中科技,eastmoney,1,BK0735,计算机设备,603516.SH,myquant-strategy,2026-06-25
SH603660,苏州科达,eastmoney,1,BK0735,计算机设备,603660.SH,myquant-strategy,2026-06-25
SH688208,道通科技,eastmoney,1,BK0735,计算机设备,688208.SH,myquant-strategy,2026-06-25
SH688288,鸿泉技术,eastmoney,1,BK0735,计算机设备,688288.SH,myquant-strategy,2026-06-25
SH688522,纳睿雷达,eastmoney,1,BK0735,计算机设备,688522.SH,myquant-strategy,2026-06-25
SH688592,司南导航,eastmoney,1,BK0735,计算机设备,688592.SH,myquant-strategy,2026-06-25
SZ300045,华力创通,eastmoney,1,BK0735,计算机设备,300045.SZ,myquant-strategy,2026-06-25
SZ300130,新国都,eastmoney,1,BK0735,计算机设备,300130.SZ,myquant-strategy,2026-06-25
SZ300155,安居宝,eastmoney,1,BK0735,计算机设备,300155.SZ,myquant-strategy,2026-06-25
SZ300177,中海达,eastmoney,1,BK0735,计算机设备,300177.SZ,myquant-strategy,2026-06-25
SZ300270,中威电子,eastmoney,1,BK0735,计算机设备,300270.SZ,myquant-strategy,2026-06-25
SZ300368,汇金股份,eastmoney,1,BK0735,计算机设备,300368.SZ,myquant-strategy,2026-06-25
SZ300449,汉邦高科,eastmoney,1,BK0735,计算机设备,300449.SZ,myquant-strategy,2026-06-25
SZ300455,航天智装,eastmoney,1,BK0735,计算机设备,300455.SZ,myquant-strategy,2026-06-25
SZ300479,神思电子,eastmoney,1,BK0735,计算机设备,300479.SZ,myquant-strategy,2026-06-25
SZ300531,优博讯,eastmoney,1,BK0735,计算机设备,300531.SZ,myquant-strategy,2026-06-25
SZ300546,雄帝科技,eastmoney,1,BK0735,计算机设备,300546.SZ,myquant-strategy,2026-06-25
SZ300551,古鳌科技,eastmoney,1,BK0735,计算机设备,300551.SZ,myquant-strategy,2026-06-25
SZ300771,智莱科技,eastmoney,1,BK0735,计算机设备,300771.SZ,myquant-strategy,2026-06-25
SZ300807,天迈科技,eastmoney,1,BK0735,计算机设备,300807.SZ,myquant-strategy,2026-06-25
SZ300884,狄耐克,eastmoney,1,BK0735,计算机设备,300884.SZ,myquant-strategy,2026-06-25
SZ301042,安联锐视,eastmoney,1,BK0735,计算机设备,301042.SZ,myquant-strategy,2026-06-25
SZ301157,华塑科技,eastmoney,1,BK0735,计算机设备,301157.SZ,myquant-strategy,2026-06-25
SZ301391,卡莱特,eastmoney,1,BK0735,计算机设备,301391.SZ,myquant-strategy,2026-06-25
SZ301589,诺瓦星云,eastmoney,1,BK0735,计算机设备,301589.SZ,myquant-strategy,2026-06-25
SZ301608,博实结,eastmoney,1,BK0735,计算机设备,301608.SZ,myquant-strategy,2026-06-25
SZ920198,,eastmoney,1,BK0735,计算机设备,920198.SZ,myquant-strategy,2026-06-25
SZ920976,,eastmoney,1,BK0735,计算机设备,920976.SZ,myquant-strategy,2026-06-25
SH600050,中国联通,eastmoney,1,BK0736,通信服务,600050.SH,myquant-strategy,2026-06-25
SH600289,ST信通,eastmoney,1,BK0736,通信服务,600289.SH,myquant-strategy,2026-06-25
SH600941,中国移动,eastmoney,1,BK0736,通信服务,600941.SH,myquant-strategy,2026-06-25
SH601698,中国卫通,eastmoney,1,BK0736,通信服务,601698.SH,myquant-strategy,2026-06-25
SH601728,中国电信,eastmoney,1,BK0736,通信服务,601728.SH,myquant-strategy,2026-06-25
SH603206,嘉环科技,eastmoney,1,BK0736,通信服务,603206.SH,myquant-strategy,2026-06-25
SH603220,中贝通信,eastmoney,1,BK0736,通信服务,603220.SH,myquant-strategy,2026-06-25
SH603322,超讯通信,eastmoney,1,BK0736,通信服务,603322.SH,myquant-strategy,2026-06-25
SH603421,鼎信通讯,eastmoney,1,BK0736,通信服务,603421.SH,myquant-strategy,2026-06-25
SH603559,ST通脉,eastmoney,1,BK0736,通信服务,603559.SH,myquant-strategy,2026-06-25
SH603602,纵横通信,eastmoney,1,BK0736,通信服务,603602.SH,myquant-strategy,2026-06-25
SH688081,兴图新科,eastmoney,1,BK0736,通信服务,688081.SH,myquant-strategy,2026-06-25
SH688682,霍莱沃,eastmoney,1,BK0736,通信服务,688682.SH,myquant-strategy,2026-06-25
SZ300025,华星创业,eastmoney,1,BK0736,通信服务,300025.SZ,myquant-strategy,2026-06-25
SZ300050,世纪鼎利,eastmoney,1,BK0736,通信服务,300050.SZ,myquant-strategy,2026-06-25
SZ300081,恒信东方,eastmoney,1,BK0736,通信服务,300081.SZ,myquant-strategy,2026-06-25
SZ300183,东软载波,eastmoney,1,BK0736,通信服务,300183.SZ,myquant-strategy,2026-06-25
SZ300211,*ST亿通,eastmoney,1,BK0736,通信服务,300211.SZ,myquant-strategy,2026-06-25
SZ300292,吴通控股,eastmoney,1,BK0736,通信服务,300292.SZ,myquant-strategy,2026-06-25
SZ300310,宜通世纪,eastmoney,1,BK0736,通信服务,300310.SZ,myquant-strategy,2026-06-25
SZ300513,恒实科技,eastmoney,1,BK0736,通信服务,300513.SZ,myquant-strategy,2026-06-25
SZ300560,中富通,eastmoney,1,BK0736,通信服务,300560.SZ,myquant-strategy,2026-06-25
SZ300571,平治信息,eastmoney,1,BK0736,通信服务,300571.SZ,myquant-strategy,2026-06-25
SZ300578,会畅科技,eastmoney,1,BK0736,通信服务,300578.SZ,myquant-strategy,2026-06-25
SZ300597,吉大通信,eastmoney,1,BK0736,通信服务,300597.SZ,myquant-strategy,2026-06-25
SZ300603,立昂技术,eastmoney,1,BK0736,通信服务,300603.SZ,myquant-strategy,2026-06-25
SZ300736,百邦科技,eastmoney,1,BK0736,通信服务,300736.SZ,myquant-strategy,2026-06-25
SZ300921,南凌科技,eastmoney,1,BK0736,通信服务,300921.SZ,myquant-strategy,2026-06-25
SZ300959,线上线下,eastmoney,1,BK0736,通信服务,300959.SZ,myquant-strategy,2026-06-25
SZ301139,元道通信,eastmoney,1,BK0736,通信服务,301139.SZ,myquant-strategy,2026-06-25
SH600476,湘邮科技,eastmoney,1,BK0737,软件开发,600476.SH,myquant-strategy,2026-06-25
SH600536,中国软件,eastmoney,1,BK0737,软件开发,600536.SH,myquant-strategy,2026-06-25
SH600570,恒生电子,eastmoney,1,BK0737,软件开发,600570.SH,myquant-strategy,2026-06-25
SH600588,用友网络,eastmoney,1,BK0737,软件开发,600588.SH,myquant-strategy,2026-06-25
SH600602,云赛智联,eastmoney,1,BK0737,软件开发,600602.SH,myquant-strategy,2026-06-25
SH600654,中安科,eastmoney,1,BK0737,软件开发,600654.SH,myquant-strategy,2026-06-25
SH600728,佳都科技,eastmoney,1,BK0737,软件开发,600728.SH,myquant-strategy,2026-06-25
SH601360,三六零,eastmoney,1,BK0737,软件开发,601360.SH,myquant-strategy,2026-06-25
SH601519,大智慧,eastmoney,1,BK0737,软件开发,601519.SH,myquant-strategy,2026-06-25
SH603039,泛微网络,eastmoney,1,BK0737,软件开发,603039.SH,myquant-strategy,2026-06-25
SH603138,海量数据,eastmoney,1,BK0737,软件开发,603138.SH,myquant-strategy,2026-06-25
SH603189,网达软件,eastmoney,1,BK0737,软件开发,603189.SH,myquant-strategy,2026-06-25
SH603232,格尔软件,eastmoney,1,BK0737,软件开发,603232.SH,myquant-strategy,2026-06-25
SH603383,顶点软件,eastmoney,1,BK0737,软件开发,603383.SH,myquant-strategy,2026-06-25
SH603508,思维列控,eastmoney,1,BK0737,软件开发,603508.SH,myquant-strategy,2026-06-25
SH603528,多伦科技,eastmoney,1,BK0737,软件开发,603528.SH,myquant-strategy,2026-06-25
SH603859,能科科技,eastmoney,1,BK0737,软件开发,603859.SH,myquant-strategy,2026-06-25
SH603927,中科软,eastmoney,1,BK0737,软件开发,603927.SH,myquant-strategy,2026-06-25
SH603990,麦迪科技,eastmoney,1,BK0737,软件开发,603990.SH,myquant-strategy,2026-06-25
SH688023,安恒信息,eastmoney,1,BK0737,软件开发,688023.SH,myquant-strategy,2026-06-25
SH688030,山石网科,eastmoney,1,BK0737,软件开发,688030.SH,myquant-strategy,2026-06-25
SH688031,星环科技-U,eastmoney,1,BK0737,软件开发,688031.SH,myquant-strategy,2026-06-25
SH688038,中科通达,eastmoney,1,BK0737,软件开发,688038.SH,myquant-strategy,2026-06-25
SH688058,宝兰德,eastmoney,1,BK0737,软件开发,688058.SH,myquant-strategy,2026-06-25
SH688060,云涌科技,eastmoney,1,BK0737,软件开发,688060.SH,myquant-strategy,2026-06-25
SH688078,龙软科技,eastmoney,1,BK0737,软件开发,688078.SH,myquant-strategy,2026-06-25
SH688083,中望软件,eastmoney,1,BK0737,软件开发,688083.SH,myquant-strategy,2026-06-25
SH688095,福昕软件,eastmoney,1,BK0737,软件开发,688095.SH,myquant-strategy,2026-06-25
SH688109,品茗科技,eastmoney,1,BK0737,软件开发,688109.SH,myquant-strategy,2026-06-25
SH688111,金山办公,eastmoney,1,BK0737,软件开发,688111.SH,myquant-strategy,2026-06-25
SH688118,普元信息,eastmoney,1,BK0737,软件开发,688118.SH,myquant-strategy,2026-06-25
SH688152,麒麟信安,eastmoney,1,BK0737,软件开发,688152.SH,myquant-strategy,2026-06-25
SH688168,安博通,eastmoney,1,BK0737,软件开发,688168.SH,myquant-strategy,2026-06-25
SH688171,纬德信息,eastmoney,1,BK0737,软件开发,688171.SH,myquant-strategy,2026-06-25
SH688188,柏楚电子,eastmoney,1,BK0737,软件开发,688188.SH,myquant-strategy,2026-06-25
SH688201,信安世纪,eastmoney,1,BK0737,软件开发,688201.SH,myquant-strategy,2026-06-25
SH688206,概伦电子,eastmoney,1,BK0737,软件开发,688206.SH,myquant-strategy,2026-06-25
SH688207,格灵深瞳,eastmoney,1,BK0737,软件开发,688207.SH,myquant-strategy,2026-06-25
SH688225,亚信安全,eastmoney,1,BK0737,软件开发,688225.SH,myquant-strategy,2026-06-25
SH688227,品高股份,eastmoney,1,BK0737,软件开发,688227.SH,myquant-strategy,2026-06-25
SH688232,新点软件,eastmoney,1,BK0737,软件开发,688232.SH,myquant-strategy,2026-06-25
SH688244,永信至诚,eastmoney,1,BK0737,软件开发,688244.SH,myquant-strategy,2026-06-25
SH688291,金橙子,eastmoney,1,BK0737,软件开发,688291.SH,myquant-strategy,2026-06-25
SH688296,和达科技,eastmoney,1,BK0737,软件开发,688296.SH,myquant-strategy,2026-06-25
SH688318,财富趋势,eastmoney,1,BK0737,软件开发,688318.SH,myquant-strategy,2026-06-25
SH688327,云从科技-UW,eastmoney,1,BK0737,软件开发,688327.SH,myquant-strategy,2026-06-25
SH688343,云天励飞-U,eastmoney,1,BK0737,软件开发,688343.SH,myquant-strategy,2026-06-25
SH688369,致远互联,eastmoney,1,BK0737,软件开发,688369.SH,myquant-strategy,2026-06-25
SH688435,英方软件,eastmoney,1,BK0737,软件开发,688435.SH,myquant-strategy,2026-06-25
SH688507,索辰科技,eastmoney,1,BK0737,软件开发,688507.SH,myquant-strategy,2026-06-25
SH688561,奇安信-U,eastmoney,1,BK0737,软件开发,688561.SH,myquant-strategy,2026-06-25
SH688570,天玛智控,eastmoney,1,BK0737,软件开发,688570.SH,myquant-strategy,2026-06-25
SH688579,山大地纬,eastmoney,1,BK0737,软件开发,688579.SH,myquant-strategy,2026-06-25
SH688588,凌志软件,eastmoney,1,BK0737,软件开发,688588.SH,myquant-strategy,2026-06-25
SH688590,新致软件,eastmoney,1,BK0737,软件开发,688590.SH,myquant-strategy,2026-06-25
SH688615,合合信息,eastmoney,1,BK0737,软件开发,688615.SH,myquant-strategy,2026-06-25
SH688631,莱斯信息,eastmoney,1,BK0737,软件开发,688631.SH,myquant-strategy,2026-06-25
SH688651,盛邦安全,eastmoney,1,BK0737,软件开发,688651.SH,myquant-strategy,2026-06-25
SH688657,浩辰软件,eastmoney,1,BK0737,软件开发,688657.SH,myquant-strategy,2026-06-25
SH688692,达梦数据,eastmoney,1,BK0737,软件开发,688692.SH,myquant-strategy,2026-06-25
SH688695,中创股份,eastmoney,1,BK0737,软件开发,688695.SH,myquant-strategy,2026-06-25
SH688777,中控技术,eastmoney,1,BK0737,软件开发,688777.SH,myquant-strategy,2026-06-25
SZ300033,同花顺,eastmoney,1,BK0737,软件开发,300033.SZ,myquant-strategy,2026-06-25
SZ300036,超图软件,eastmoney,1,BK0737,软件开发,300036.SZ,myquant-strategy,2026-06-25
SZ300047,天源迪科,eastmoney,1,BK0737,软件开发,300047.SZ,myquant-strategy,2026-06-25
SZ300074,华平股份,eastmoney,1,BK0737,软件开发,300074.SZ,myquant-strategy,2026-06-25
SZ300075,数字政通,eastmoney,1,BK0737,软件开发,300075.SZ,myquant-strategy,2026-06-25
SZ300085,银之杰,eastmoney,1,BK0737,软件开发,300085.SZ,myquant-strategy,2026-06-25
SZ300098,高新兴,eastmoney,1,BK0737,软件开发,300098.SZ,myquant-strategy,2026-06-25
SZ300188,国投智能,eastmoney,1,BK0737,软件开发,300188.SZ,myquant-strategy,2026-06-25
SZ300229,拓尔思,eastmoney,1,BK0737,软件开发,300229.SZ,myquant-strategy,2026-06-25
SZ300235,方直科技,eastmoney,1,BK0737,软件开发,300235.SZ,myquant-strategy,2026-06-25
SZ300249,依米康,eastmoney,1,BK0737,软件开发,300249.SZ,myquant-strategy,2026-06-25
SZ300253,卫宁健康,eastmoney,1,BK0737,软件开发,300253.SZ,myquant-strategy,2026-06-25
SZ300302,同有科技,eastmoney,1,BK0737,软件开发,300302.SZ,myquant-strategy,2026-06-25
SZ300311,ST任子行,eastmoney,1,BK0737,软件开发,300311.SZ,myquant-strategy,2026-06-25
SZ300333,兆日科技,eastmoney,1,BK0737,软件开发,300333.SZ,myquant-strategy,2026-06-25
SZ300339,润和软件,eastmoney,1,BK0737,软件开发,300339.SZ,myquant-strategy,2026-06-25
SZ300344,*ST立方,eastmoney,1,BK0737,软件开发,300344.SZ,myquant-strategy,2026-06-25
SZ300348,长亮科技,eastmoney,1,BK0737,软件开发,300348.SZ,myquant-strategy,2026-06-25
SZ300352,北信源,eastmoney,1,BK0737,软件开发,300352.SZ,myquant-strategy,2026-06-25
SZ300365,恒华科技,eastmoney,1,BK0737,软件开发,300365.SZ,myquant-strategy,2026-06-25
SZ300366,ST创意,eastmoney,1,BK0737,软件开发,300366.SZ,myquant-strategy,2026-06-25
SZ300369,绿盟科技,eastmoney,1,BK0737,软件开发,300369.SZ,myquant-strategy,2026-06-25
SZ300377,赢时胜,eastmoney,1,BK0737,软件开发,300377.SZ,myquant-strategy,2026-06-25
SZ300378,鼎捷数智,eastmoney,1,BK0737,软件开发,300378.SZ,myquant-strategy,2026-06-25
SZ300379,,eastmoney,1,BK0737,软件开发,300379.SZ,myquant-strategy,2026-06-25
SZ300380,安硕信息,eastmoney,1,BK0737,软件开发,300380.SZ,myquant-strategy,2026-06-25
SZ300386,飞天诚信,eastmoney,1,BK0737,软件开发,300386.SZ,myquant-strategy,2026-06-25
SZ300451,创业慧康,eastmoney,1,BK0737,软件开发,300451.SZ,myquant-strategy,2026-06-25
SZ300454,深信服,eastmoney,1,BK0737,软件开发,300454.SZ,myquant-strategy,2026-06-25
SZ300465,高伟达,eastmoney,1,BK0737,软件开发,300465.SZ,myquant-strategy,2026-06-25
SZ300468,四方精创,eastmoney,1,BK0737,软件开发,300468.SZ,myquant-strategy,2026-06-25
SZ300469,信息发展,eastmoney,1,BK0737,软件开发,300469.SZ,myquant-strategy,2026-06-25
SZ300520,科大国创,eastmoney,1,BK0737,软件开发,300520.SZ,myquant-strategy,2026-06-25
SZ300525,博思软件,eastmoney,1,BK0737,软件开发,300525.SZ,myquant-strategy,2026-06-25
SZ300542,新晨科技,eastmoney,1,BK0737,软件开发,300542.SZ,myquant-strategy,2026-06-25
SZ300550,和仁科技,eastmoney,1,BK0737,软件开发,300550.SZ,myquant-strategy,2026-06-25
SZ300552,万集科技,eastmoney,1,BK0737,软件开发,300552.SZ,myquant-strategy,2026-06-25
SZ300556,丝路视觉,eastmoney,1,BK0737,软件开发,300556.SZ,myquant-strategy,2026-06-25
SZ300559,佳发教育,eastmoney,1,BK0737,软件开发,300559.SZ,myquant-strategy,2026-06-25
SZ300561,*ST汇科,eastmoney,1,BK0737,软件开发,300561.SZ,myquant-strategy,2026-06-25
SZ300579,数字认证,eastmoney,1,BK0737,软件开发,300579.SZ,myquant-strategy,2026-06-25
SZ300588,熙菱信息,eastmoney,1,BK0737,软件开发,300588.SZ,myquant-strategy,2026-06-25
SZ300598,诚迈科技,eastmoney,1,BK0737,软件开发,300598.SZ,myquant-strategy,2026-06-25
SZ300605,恒锋信息,eastmoney,1,BK0737,软件开发,300605.SZ,myquant-strategy,2026-06-25
SZ300608,思特奇,eastmoney,1,BK0737,软件开发,300608.SZ,myquant-strategy,2026-06-25
SZ300624,万兴科技,eastmoney,1,BK0737,软件开发,300624.SZ,myquant-strategy,2026-06-25
SZ300659,中孚信息,eastmoney,1,BK0737,软件开发,300659.SZ,myquant-strategy,2026-06-25
SZ300663,科蓝软件,eastmoney,1,BK0737,软件开发,300663.SZ,myquant-strategy,2026-06-25
SZ300682,朗新科技,eastmoney,1,BK0737,软件开发,300682.SZ,myquant-strategy,2026-06-25
SZ300730,科创信息,eastmoney,1,BK0737,软件开发,300730.SZ,myquant-strategy,2026-06-25
SZ300768,迪普科技,eastmoney,1,BK0737,软件开发,300768.SZ,myquant-strategy,2026-06-25
SZ300773,拉卡拉,eastmoney,1,BK0737,软件开发,300773.SZ,myquant-strategy,2026-06-25
SZ300789,唐源电气,eastmoney,1,BK0737,软件开发,300789.SZ,myquant-strategy,2026-06-25
SZ300803,指南针,eastmoney,1,BK0737,软件开发,300803.SZ,myquant-strategy,2026-06-25
SZ300810,中科海讯,eastmoney,1,BK0737,软件开发,300810.SZ,myquant-strategy,2026-06-25
SZ300830,金现代,eastmoney,1,BK0737,软件开发,300830.SZ,myquant-strategy,2026-06-25
SZ300845,捷安高科,eastmoney,1,BK0737,软件开发,300845.SZ,myquant-strategy,2026-06-25
SZ300925,法本信息,eastmoney,1,BK0737,软件开发,300925.SZ,myquant-strategy,2026-06-25
SZ300935,盈建科,eastmoney,1,BK0737,软件开发,300935.SZ,myquant-strategy,2026-06-25
SZ300996,普联软件,eastmoney,1,BK0737,软件开发,300996.SZ,myquant-strategy,2026-06-25
SZ301117,佳缘科技,eastmoney,1,BK0737,软件开发,301117.SZ,myquant-strategy,2026-06-25
SZ301153,中科江南,eastmoney,1,BK0737,软件开发,301153.SZ,myquant-strategy,2026-06-25
SZ301159,三维天地,eastmoney,1,BK0737,软件开发,301159.SZ,myquant-strategy,2026-06-25
SZ301162,国能日新,eastmoney,1,BK0737,软件开发,301162.SZ,myquant-strategy,2026-06-25
SZ301172,君逸数码,eastmoney,1,BK0737,软件开发,301172.SZ,myquant-strategy,2026-06-25
SZ301178,天亿马,eastmoney,1,BK0737,软件开发,301178.SZ,myquant-strategy,2026-06-25
SZ301179,泽宇智能,eastmoney,1,BK0737,软件开发,301179.SZ,myquant-strategy,2026-06-25
SZ301185,鸥玛软件,eastmoney,1,BK0737,软件开发,301185.SZ,myquant-strategy,2026-06-25
SZ301195,北路智控,eastmoney,1,BK0737,软件开发,301195.SZ,myquant-strategy,2026-06-25
SZ301197,工大科雅,eastmoney,1,BK0737,软件开发,301197.SZ,myquant-strategy,2026-06-25
SZ301208,中亦科技,eastmoney,1,BK0737,软件开发,301208.SZ,myquant-strategy,2026-06-25
SZ301213,观想科技,eastmoney,1,BK0737,软件开发,301213.SZ,myquant-strategy,2026-06-25
SZ301218,华是科技,eastmoney,1,BK0737,软件开发,301218.SZ,myquant-strategy,2026-06-25
SZ301221,光庭信息,eastmoney,1,BK0737,软件开发,301221.SZ,myquant-strategy,2026-06-25
SZ301236,软通动力,eastmoney,1,BK0737,软件开发,301236.SZ,myquant-strategy,2026-06-25
SZ301248,杰创智能,eastmoney,1,BK0737,软件开发,301248.SZ,myquant-strategy,2026-06-25
SZ301269,华大九天,eastmoney,1,BK0737,软件开发,301269.SZ,myquant-strategy,2026-06-25
SZ301302,华如科技,eastmoney,1,BK0737,软件开发,301302.SZ,myquant-strategy,2026-06-25
SZ301313,凡拓数创,eastmoney,1,BK0737,软件开发,301313.SZ,myquant-strategy,2026-06-25
SZ301315,威士顿,eastmoney,1,BK0737,软件开发,301315.SZ,myquant-strategy,2026-06-25
SZ301316,慧博云通,eastmoney,1,BK0737,软件开发,301316.SZ,myquant-strategy,2026-06-25
SZ301330,熵基科技,eastmoney,1,BK0737,软件开发,301330.SZ,myquant-strategy,2026-06-25
SZ301337,亚华电子,eastmoney,1,BK0737,软件开发,301337.SZ,myquant-strategy,2026-06-25
SZ301339,通行宝,eastmoney,1,BK0737,软件开发,301339.SZ,myquant-strategy,2026-06-25
SZ301378,通达海,eastmoney,1,BK0737,软件开发,301378.SZ,myquant-strategy,2026-06-25
SZ301556,托普云农,eastmoney,1,BK0737,软件开发,301556.SZ,myquant-strategy,2026-06-25
SZ301592,六九一二,eastmoney,1,BK0737,软件开发,301592.SZ,myquant-strategy,2026-06-25
SZ900926,,eastmoney,1,BK0737,软件开发,900926.SZ,myquant-strategy,2026-06-25
SZ920090,,eastmoney,1,BK0737,软件开发,920090.SZ,myquant-strategy,2026-06-25
SZ920092,,eastmoney,1,BK0737,软件开发,920092.SZ,myquant-strategy,2026-06-25
SZ920171,,eastmoney,1,BK0737,软件开发,920171.SZ,myquant-strategy,2026-06-25
SZ920184,,eastmoney,1,BK0737,软件开发,920184.SZ,myquant-strategy,2026-06-25
SZ920207,,eastmoney,1,BK0737,软件开发,920207.SZ,myquant-strategy,2026-06-25
SZ920305,,eastmoney,1,BK0737,软件开发,920305.SZ,myquant-strategy,2026-06-25
SZ920415,,eastmoney,1,BK0737,软件开发,920415.SZ,myquant-strategy,2026-06-25
SZ920425,,eastmoney,1,BK0737,软件开发,920425.SZ,myquant-strategy,2026-06-25
SZ920493,,eastmoney,1,BK0737,软件开发,920493.SZ,myquant-strategy,2026-06-25
SZ920508,,eastmoney,1,BK0737,软件开发,920508.SZ,myquant-strategy,2026-06-25
SZ920564,,eastmoney,1,BK0737,软件开发,920564.SZ,myquant-strategy,2026-06-25
SZ920592,,eastmoney,1,BK0737,软件开发,920592.SZ,myquant-strategy,2026-06-25
SZ920670,,eastmoney,1,BK0737,软件开发,920670.SZ,myquant-strategy,2026-06-25
SZ920680,,eastmoney,1,BK0737,软件开发,920680.SZ,myquant-strategy,2026-06-25
SZ920748,,eastmoney,1,BK0737,软件开发,920748.SZ,myquant-strategy,2026-06-25
SZ920790,,eastmoney,1,BK0737,软件开发,920790.SZ,myquant-strategy,2026-06-25
SZ920799,,eastmoney,1,BK0737,软件开发,920799.SZ,myquant-strategy,2026-06-25
SZ920806,,eastmoney,1,BK0737,软件开发,920806.SZ,myquant-strategy,2026-06-25
SZ920932,,eastmoney,1,BK0737,软件开发,920932.SZ,myquant-strategy,2026-06-25
SZ920953,,eastmoney,1,BK0737,软件开发,920953.SZ,myquant-strategy,2026-06-25
SH600053,九鼎投资,eastmoney,1,BK0738,多元金融,600053.SH,myquant-strategy,2026-06-25
SH600120,浙江东方,eastmoney,1,BK0738,多元金融,600120.SH,myquant-strategy,2026-06-25
SH600318,新力金融,eastmoney,1,BK0738,多元金融,600318.SH,myquant-strategy,2026-06-25
SH600390,五矿资本,eastmoney,1,BK0738,多元金融,600390.SH,myquant-strategy,2026-06-25
SH600517,国网英大,eastmoney,1,BK0738,多元金融,600517.SH,myquant-strategy,2026-06-25
SH600643,爱建集团,eastmoney,1,BK0738,多元金融,600643.SH,myquant-strategy,2026-06-25
SH600816,建元信托,eastmoney,1,BK0738,多元金融,600816.SH,myquant-strategy,2026-06-25
SH600830,香溢融通,eastmoney,1,BK0738,多元金融,600830.SH,myquant-strategy,2026-06-25
SH600901,江苏金租,eastmoney,1,BK0738,多元金融,600901.SH,myquant-strategy,2026-06-25
SH600927,永安期货,eastmoney,1,BK0738,多元金融,600927.SH,myquant-strategy,2026-06-25
SH603093,南华期货,eastmoney,1,BK0738,多元金融,603093.SH,myquant-strategy,2026-06-25
SH603123,翠微股份,eastmoney,1,BK0738,多元金融,603123.SH,myquant-strategy,2026-06-25
SH600031,三一重工,eastmoney,1,BK0739,工程机械,600031.SH,myquant-strategy,2026-06-25
SH600761,安徽合力,eastmoney,1,BK0739,工程机械,600761.SH,myquant-strategy,2026-06-25
SH600815,厦工股份,eastmoney,1,BK0739,工程机械,600815.SH,myquant-strategy,2026-06-25
SH600817,宇通重工,eastmoney,1,BK0739,工程机械,600817.SH,myquant-strategy,2026-06-25
SH600984,建设机械,eastmoney,1,BK0739,工程机械,600984.SH,myquant-strategy,2026-06-25
SH601100,恒立液压,eastmoney,1,BK0739,工程机械,601100.SH,myquant-strategy,2026-06-25
SH601226,华电科工,eastmoney,1,BK0739,工程机械,601226.SH,myquant-strategy,2026-06-25
SH603194,中力股份,eastmoney,1,BK0739,工程机械,603194.SH,myquant-strategy,2026-06-25
SH603298,杭叉集团,eastmoney,1,BK0739,工程机械,603298.SH,myquant-strategy,2026-06-25
SH603338,浙江鼎力,eastmoney,1,BK0739,工程机械,603338.SH,myquant-strategy,2026-06-25
SH603611,诺力股份,eastmoney,1,BK0739,工程机械,603611.SH,myquant-strategy,2026-06-25
SH603638,艾迪精密,eastmoney,1,BK0739,工程机械,603638.SH,myquant-strategy,2026-06-25
SH605389,长龄液压,eastmoney,1,BK0739,工程机械,605389.SH,myquant-strategy,2026-06-25
SH688425,铁建重工,eastmoney,1,BK0739,工程机械,688425.SH,myquant-strategy,2026-06-25
SZ200055,,eastmoney,1,BK0739,工程机械,200055.SZ,myquant-strategy,2026-06-25
SZ300022,吉峰科技,eastmoney,1,BK0739,工程机械,300022.SZ,myquant-strategy,2026-06-25
SZ300201,海伦哲,eastmoney,1,BK0739,工程机械,300201.SZ,myquant-strategy,2026-06-25
SZ300718,长盛轴承,eastmoney,1,BK0739,工程机械,300718.SZ,myquant-strategy,2026-06-25
SZ920101,,eastmoney,1,BK0739,工程机械,920101.SZ,myquant-strategy,2026-06-25
SZ920174,,eastmoney,1,BK0739,工程机械,920174.SZ,myquant-strategy,2026-06-25
SZ920223,,eastmoney,1,BK0739,工程机械,920223.SZ,myquant-strategy,2026-06-25
SZ920245,,eastmoney,1,BK0739,工程机械,920245.SZ,myquant-strategy,2026-06-25
SZ920599,,eastmoney,1,BK0739,工程机械,920599.SZ,myquant-strategy,2026-06-25
SZ920706,,eastmoney,1,BK0739,工程机械,920706.SZ,myquant-strategy,2026-06-25
SH600455,博通股份,eastmoney,1,BK0740,教育,600455.SH,myquant-strategy,2026-06-25
SH600636,*ST国化,eastmoney,1,BK0740,教育,600636.SH,myquant-strategy,2026-06-25
SH600661,昂立教育,eastmoney,1,BK0740,教育,600661.SH,myquant-strategy,2026-06-25
SH600730,中国高科,eastmoney,1,BK0740,教育,600730.SH,myquant-strategy,2026-06-25
SH600880,博瑞传播,eastmoney,1,BK0740,教育,600880.SH,myquant-strategy,2026-06-25
SH605098,行动教育,eastmoney,1,BK0740,教育,605098.SH,myquant-strategy,2026-06-25
SZ300010,豆神教育,eastmoney,1,BK0740,教育,300010.SZ,myquant-strategy,2026-06-25
SZ300192,科德教育,eastmoney,1,BK0740,教育,300192.SZ,myquant-strategy,2026-06-25
SZ300338,ST开元,eastmoney,1,BK0740,教育,300338.SZ,myquant-strategy,2026-06-25
SZ300359,全通教育,eastmoney,1,BK0740,教育,300359.SZ,myquant-strategy,2026-06-25
SZ300688,创业黑马,eastmoney,1,BK0740,教育,300688.SZ,myquant-strategy,2026-06-25
SH600169,ST太重,eastmoney,1,BK0910,专用设备,600169.SH,myquant-strategy,2026-06-25
SH600184,光电股份,eastmoney,1,BK0910,专用设备,600184.SH,myquant-strategy,2026-06-25
SH600262,北方股份,eastmoney,1,BK0910,专用设备,600262.SH,myquant-strategy,2026-06-25
SH600302,标准股份,eastmoney,1,BK0910,专用设备,600302.SH,myquant-strategy,2026-06-25
SH600320,振华重工,eastmoney,1,BK0910,专用设备,600320.SH,myquant-strategy,2026-06-25
SH600343,航天动力,eastmoney,1,BK0910,专用设备,600343.SH,myquant-strategy,2026-06-25
SH600397,江钨装备,eastmoney,1,BK0910,专用设备,600397.SH,myquant-strategy,2026-06-25
SH600444,国机通用,eastmoney,1,BK0910,专用设备,600444.SH,myquant-strategy,2026-06-25
SH600499,科达制造,eastmoney,1,BK0910,专用设备,600499.SH,myquant-strategy,2026-06-25
SH600501,航天晨光,eastmoney,1,BK0910,专用设备,600501.SH,myquant-strategy,2026-06-25
SH600520,三佳科技,eastmoney,1,BK0910,专用设备,600520.SH,myquant-strategy,2026-06-25
SH600545,卓郎智能,eastmoney,1,BK0910,专用设备,600545.SH,myquant-strategy,2026-06-25
SH600560,金自天正,eastmoney,1,BK0910,专用设备,600560.SH,myquant-strategy,2026-06-25
SH600579,中化装备,eastmoney,1,BK0910,专用设备,600579.SH,myquant-strategy,2026-06-25
SH600582,天地科技,eastmoney,1,BK0910,专用设备,600582.SH,myquant-strategy,2026-06-25
SH600835,上海机电,eastmoney,1,BK0910,专用设备,600835.SH,myquant-strategy,2026-06-25
SH600843,上工申贝,eastmoney,1,BK0910,专用设备,600843.SH,myquant-strategy,2026-06-25
SH600894,广日股份,eastmoney,1,BK0910,专用设备,600894.SH,myquant-strategy,2026-06-25
SH601038,一拖股份,eastmoney,1,BK0910,专用设备,601038.SH,myquant-strategy,2026-06-25
SH601106,中国一重,eastmoney,1,BK0910,专用设备,601106.SH,myquant-strategy,2026-06-25
SH601399,国机重装,eastmoney,1,BK0910,专用设备,601399.SH,myquant-strategy,2026-06-25
SH601606,长城军工,eastmoney,1,BK0910,专用设备,601606.SH,myquant-strategy,2026-06-25
SH601608,中信重工,eastmoney,1,BK0910,专用设备,601608.SH,myquant-strategy,2026-06-25
SH601798,蓝科高新,eastmoney,1,BK0910,专用设备,601798.SH,myquant-strategy,2026-06-25
SH603011,合锻智能,eastmoney,1,BK0910,专用设备,603011.SH,myquant-strategy,2026-06-25
SH603012,创力集团,eastmoney,1,BK0910,专用设备,603012.SH,myquant-strategy,2026-06-25
SH603015,弘讯科技,eastmoney,1,BK0910,专用设备,603015.SH,myquant-strategy,2026-06-25
SH603025,大豪科技,eastmoney,1,BK0910,专用设备,603025.SH,myquant-strategy,2026-06-25
SH603029,天鹅股份,eastmoney,1,BK0910,专用设备,603029.SH,myquant-strategy,2026-06-25
SH603036,如通股份,eastmoney,1,BK0910,专用设备,603036.SH,myquant-strategy,2026-06-25
SH603076,乐惠国际,eastmoney,1,BK0910,专用设备,603076.SH,myquant-strategy,2026-06-25
SH603081,大丰实业,eastmoney,1,BK0910,专用设备,603081.SH,myquant-strategy,2026-06-25
SH603095,越剑智能,eastmoney,1,BK0910,专用设备,603095.SH,myquant-strategy,2026-06-25
SH603135,中重科技,eastmoney,1,BK0910,专用设备,603135.SH,myquant-strategy,2026-06-25
SH603159,上海亚虹,eastmoney,1,BK0910,专用设备,603159.SH,myquant-strategy,2026-06-25
SH603169,兰石重装,eastmoney,1,BK0910,专用设备,603169.SH,myquant-strategy,2026-06-25
SH603203,快克智能,eastmoney,1,BK0910,专用设备,603203.SH,myquant-strategy,2026-06-25
SH603273,天元智能,eastmoney,1,BK0910,专用设备,603273.SH,myquant-strategy,2026-06-25
SH603280,南方路机,eastmoney,1,BK0910,专用设备,603280.SH,myquant-strategy,2026-06-25
SH603282,亚光股份,eastmoney,1,BK0910,专用设备,603282.SH,myquant-strategy,2026-06-25
SH603283,赛腾股份,eastmoney,1,BK0910,专用设备,603283.SH,myquant-strategy,2026-06-25
SH603289,泰瑞机器,eastmoney,1,BK0910,专用设备,603289.SH,myquant-strategy,2026-06-25
SH603300,海南华铁,eastmoney,1,BK0910,专用设备,603300.SH,myquant-strategy,2026-06-25
SH603321,梅轮电梯,eastmoney,1,BK0910,专用设备,603321.SH,myquant-strategy,2026-06-25
SH603337,杰克科技,eastmoney,1,BK0910,专用设备,603337.SH,myquant-strategy,2026-06-25
SH603356,华菱精工,eastmoney,1,BK0910,专用设备,603356.SH,myquant-strategy,2026-06-25
SH603416,信捷电气,eastmoney,1,BK0910,专用设备,603416.SH,myquant-strategy,2026-06-25
SH603488,展鹏科技,eastmoney,1,BK0910,专用设备,603488.SH,myquant-strategy,2026-06-25
SH603583,捷昌驱动,eastmoney,1,BK0910,专用设备,603583.SH,myquant-strategy,2026-06-25
SH603656,泰禾智能,eastmoney,1,BK0910,专用设备,603656.SH,myquant-strategy,2026-06-25
SH603666,亿嘉和,eastmoney,1,BK0910,专用设备,603666.SH,myquant-strategy,2026-06-25
SH603690,至纯科技,eastmoney,1,BK0910,专用设备,603690.SH,myquant-strategy,2026-06-25
SH603789,*ST星农,eastmoney,1,BK0910,专用设备,603789.SH,myquant-strategy,2026-06-25
SH603800,洪田股份,eastmoney,1,BK0910,专用设备,603800.SH,myquant-strategy,2026-06-25
SH603855,华荣股份,eastmoney,1,BK0910,专用设备,603855.SH,myquant-strategy,2026-06-25
SH603895,天永智能,eastmoney,1,BK0910,专用设备,603895.SH,myquant-strategy,2026-06-25
SH603901,永创智能,eastmoney,1,BK0910,专用设备,603901.SH,myquant-strategy,2026-06-25
SH603912,佳力图,eastmoney,1,BK0910,专用设备,603912.SH,myquant-strategy,2026-06-25
SH603956,威派格,eastmoney,1,BK0910,专用设备,603956.SH,myquant-strategy,2026-06-25
SH603960,克来机电,eastmoney,1,BK0910,专用设备,603960.SH,myquant-strategy,2026-06-25
SH603966,法兰泰克,eastmoney,1,BK0910,专用设备,603966.SH,myquant-strategy,2026-06-25
SH605167,利柏特,eastmoney,1,BK0910,专用设备,605167.SH,myquant-strategy,2026-06-25
SH605286,同力天启,eastmoney,1,BK0910,专用设备,605286.SH,myquant-strategy,2026-06-25
SH605288,凯迪股份,eastmoney,1,BK0910,专用设备,605288.SH,myquant-strategy,2026-06-25
SH688001,华兴源创,eastmoney,1,BK0910,专用设备,688001.SH,myquant-strategy,2026-06-25
SH688022,瀚川智能,eastmoney,1,BK0910,专用设备,688022.SH,myquant-strategy,2026-06-25
SH688084,晶品特装,eastmoney,1,BK0910,专用设备,688084.SH,myquant-strategy,2026-06-25
SH688090,瑞松科技,eastmoney,1,BK0910,专用设备,688090.SH,myquant-strategy,2026-06-25
SH688092,爱科科技,eastmoney,1,BK0910,专用设备,688092.SH,myquant-strategy,2026-06-25
SH688097,博众精工,eastmoney,1,BK0910,专用设备,688097.SH,myquant-strategy,2026-06-25
SH688113,联测科技,eastmoney,1,BK0910,专用设备,688113.SH,myquant-strategy,2026-06-25
SH688121,卓然股份,eastmoney,1,BK0910,专用设备,688121.SH,myquant-strategy,2026-06-25
SH688125,安达智能,eastmoney,1,BK0910,专用设备,688125.SH,myquant-strategy,2026-06-25
SH688128,XD中国电,eastmoney,1,BK0910,专用设备,688128.SH,myquant-strategy,2026-06-25
SH688151,华强科技,eastmoney,1,BK0910,专用设备,688151.SH,myquant-strategy,2026-06-25
SH688160,步科股份,eastmoney,1,BK0910,专用设备,688160.SH,myquant-strategy,2026-06-25
SH688162,巨一科技,eastmoney,1,BK0910,专用设备,688162.SH,myquant-strategy,2026-06-25
SH688170,德龙激光,eastmoney,1,BK0910,专用设备,688170.SH,myquant-strategy,2026-06-25
SH688215,瑞晟智能,eastmoney,1,BK0910,专用设备,688215.SH,myquant-strategy,2026-06-25
SH688218,江苏北人,eastmoney,1,BK0910,专用设备,688218.SH,myquant-strategy,2026-06-25
SH688255,凯尔达,eastmoney,1,BK0910,专用设备,688255.SH,myquant-strategy,2026-06-25
SH688283,坤恒顺维,eastmoney,1,BK0910,专用设备,688283.SH,myquant-strategy,2026-06-25
SH688290,景业智能,eastmoney,1,BK0910,专用设备,688290.SH,myquant-strategy,2026-06-25
SH688306,均普智能,eastmoney,1,BK0910,专用设备,688306.SH,myquant-strategy,2026-06-25
SH688310,迈得医疗,eastmoney,1,BK0910,专用设备,688310.SH,myquant-strategy,2026-06-25
SH688312,燕麦科技,eastmoney,1,BK0910,专用设备,688312.SH,myquant-strategy,2026-06-25
SH688328,深科达,eastmoney,1,BK0910,专用设备,688328.SH,myquant-strategy,2026-06-25
SH688329,艾隆科技,eastmoney,1,BK0910,专用设备,688329.SH,myquant-strategy,2026-06-25
SH688377,迪威尔,eastmoney,1,BK0910,专用设备,688377.SH,myquant-strategy,2026-06-25
SH688378,奥来德,eastmoney,1,BK0910,专用设备,688378.SH,myquant-strategy,2026-06-25
SH688383,新益昌,eastmoney,1,BK0910,专用设备,688383.SH,myquant-strategy,2026-06-25
SH688392,骄成超声,eastmoney,1,BK0910,专用设备,688392.SH,myquant-strategy,2026-06-25
SH688400,凌云光,eastmoney,1,BK0910,专用设备,688400.SH,myquant-strategy,2026-06-25
SH688419,耐科装备,eastmoney,1,BK0910,专用设备,688419.SH,myquant-strategy,2026-06-25
SH688420,美腾科技,eastmoney,1,BK0910,专用设备,688420.SH,myquant-strategy,2026-06-25
SH688501,青达环保,eastmoney,1,BK0910,专用设备,688501.SH,myquant-strategy,2026-06-25
SH688518,联赢激光,eastmoney,1,BK0910,专用设备,688518.SH,myquant-strategy,2026-06-25
SH688529,豪森智能,eastmoney,1,BK0910,专用设备,688529.SH,myquant-strategy,2026-06-25
SH688531,日联科技,eastmoney,1,BK0910,专用设备,688531.SH,myquant-strategy,2026-06-25
SH688559,海目星,eastmoney,1,BK0910,专用设备,688559.SH,myquant-strategy,2026-06-25
SH688596,正帆科技,eastmoney,1,BK0910,专用设备,688596.SH,myquant-strategy,2026-06-25
SH688623,双元科技,eastmoney,1,BK0910,专用设备,688623.SH,myquant-strategy,2026-06-25
SH688627,精智达,eastmoney,1,BK0910,专用设备,688627.SH,myquant-strategy,2026-06-25
SH688630,芯碁微装,eastmoney,1,BK0910,专用设备,688630.SH,myquant-strategy,2026-06-25
SH688633,星球石墨,eastmoney,1,BK0910,专用设备,688633.SH,myquant-strategy,2026-06-25
SH688646,ST逸飞,eastmoney,1,BK0910,专用设备,688646.SH,myquant-strategy,2026-06-25
SH688698,伟创电气,eastmoney,1,BK0910,专用设备,688698.SH,myquant-strategy,2026-06-25
SH688700,东威科技,eastmoney,1,BK0910,专用设备,688700.SH,myquant-strategy,2026-06-25
SH688718,唯赛勃,eastmoney,1,BK0910,专用设备,688718.SH,myquant-strategy,2026-06-25
SH688755,汉邦科技,eastmoney,1,BK0910,专用设备,688755.SH,myquant-strategy,2026-06-25
SH688789,宏华数科,eastmoney,1,BK0910,专用设备,688789.SH,myquant-strategy,2026-06-25
SZ300004,南风股份,eastmoney,1,BK0910,专用设备,300004.SZ,myquant-strategy,2026-06-25
SZ300048,合康新能,eastmoney,1,BK0910,专用设备,300048.SZ,myquant-strategy,2026-06-25
SZ300097,ST智云,eastmoney,1,BK0910,专用设备,300097.SZ,myquant-strategy,2026-06-25
SZ300099,尤洛卡,eastmoney,1,BK0910,专用设备,300099.SZ,myquant-strategy,2026-06-25
SZ300103,达刚控股,eastmoney,1,BK0910,专用设备,300103.SZ,myquant-strategy,2026-06-25
SZ300151,昌红科技,eastmoney,1,BK0910,专用设备,300151.SZ,myquant-strategy,2026-06-25
SZ300173,ST福能,eastmoney,1,BK0910,专用设备,300173.SZ,myquant-strategy,2026-06-25
SZ300195,长荣股份,eastmoney,1,BK0910,专用设备,300195.SZ,myquant-strategy,2026-06-25
SZ300228,富瑞特装,eastmoney,1,BK0910,专用设备,300228.SZ,myquant-strategy,2026-06-25
SZ300276,三丰智能,eastmoney,1,BK0910,专用设备,300276.SZ,myquant-strategy,2026-06-25
SZ300281,金明精机,eastmoney,1,BK0910,专用设备,300281.SZ,myquant-strategy,2026-06-25
SZ300293,蓝英装备,eastmoney,1,BK0910,专用设备,300293.SZ,myquant-strategy,2026-06-25
SZ300307,慈星股份,eastmoney,1,BK0910,专用设备,300307.SZ,myquant-strategy,2026-06-25
SZ300382,斯莱克,eastmoney,1,BK0910,专用设备,300382.SZ,myquant-strategy,2026-06-25
SZ300400,劲拓股份,eastmoney,1,BK0910,专用设备,300400.SZ,myquant-strategy,2026-06-25
SZ300402,宝色股份,eastmoney,1,BK0910,专用设备,300402.SZ,myquant-strategy,2026-06-25
SZ300410,正业科技,eastmoney,1,BK0910,专用设备,300410.SZ,myquant-strategy,2026-06-25
SZ300411,金盾股份,eastmoney,1,BK0910,专用设备,300411.SZ,myquant-strategy,2026-06-25
SZ300412,迦南科技,eastmoney,1,BK0910,专用设备,300412.SZ,myquant-strategy,2026-06-25
SZ300415,伊之密,eastmoney,1,BK0910,专用设备,300415.SZ,myquant-strategy,2026-06-25
SZ300461,田中精机,eastmoney,1,BK0910,专用设备,300461.SZ,myquant-strategy,2026-06-25
SZ300471,厚普股份,eastmoney,1,BK0910,专用设备,300471.SZ,myquant-strategy,2026-06-25
SZ300472,*ST新元,eastmoney,1,BK0910,专用设备,300472.SZ,myquant-strategy,2026-06-25
SZ300480,光力科技,eastmoney,1,BK0910,专用设备,300480.SZ,myquant-strategy,2026-06-25
SZ300484,蓝海华腾,eastmoney,1,BK0910,专用设备,300484.SZ,myquant-strategy,2026-06-25
SZ300486,东杰智能,eastmoney,1,BK0910,专用设备,300486.SZ,myquant-strategy,2026-06-25
SZ300499,高澜股份,eastmoney,1,BK0910,专用设备,300499.SZ,myquant-strategy,2026-06-25
SZ300509,新美星,eastmoney,1,BK0910,专用设备,300509.SZ,myquant-strategy,2026-06-25
SZ300512,中亚股份,eastmoney,1,BK0910,专用设备,300512.SZ,myquant-strategy,2026-06-25
SZ300521,爱司凯,eastmoney,1,BK0910,专用设备,300521.SZ,myquant-strategy,2026-06-25
SZ300527,ST应急,eastmoney,1,BK0910,专用设备,300527.SZ,myquant-strategy,2026-06-25
SZ300540,蜀道装备,eastmoney,1,BK0910,专用设备,300540.SZ,myquant-strategy,2026-06-25
SZ300549,优德精密,eastmoney,1,BK0910,专用设备,300549.SZ,myquant-strategy,2026-06-25
SZ300669,沪宁股份,eastmoney,1,BK0910,专用设备,300669.SZ,myquant-strategy,2026-06-25
SZ300757,罗博特科,eastmoney,1,BK0910,专用设备,300757.SZ,myquant-strategy,2026-06-25
SZ300802,矩子科技,eastmoney,1,BK0910,专用设备,300802.SZ,myquant-strategy,2026-06-25
SZ300818,耐普矿机,eastmoney,1,BK0910,专用设备,300818.SZ,myquant-strategy,2026-06-25
SZ300823,建科智能,eastmoney,1,BK0910,专用设备,300823.SZ,myquant-strategy,2026-06-25
SZ300833,浩洋股份,eastmoney,1,BK0910,专用设备,300833.SZ,myquant-strategy,2026-06-25
SZ300836,佰奥智能,eastmoney,1,BK0910,专用设备,300836.SZ,myquant-strategy,2026-06-25
SZ300837,浙矿股份,eastmoney,1,BK0910,专用设备,300837.SZ,myquant-strategy,2026-06-25
SZ300865,大宏立,eastmoney,1,BK0910,专用设备,300865.SZ,myquant-strategy,2026-06-25
SZ300875,捷强装备,eastmoney,1,BK0910,专用设备,300875.SZ,myquant-strategy,2026-06-25
SZ300879,大叶股份,eastmoney,1,BK0910,专用设备,300879.SZ,myquant-strategy,2026-06-25
SZ300902,国安达,eastmoney,1,BK0910,专用设备,300902.SZ,myquant-strategy,2026-06-25
SZ300931,通用电梯,eastmoney,1,BK0910,专用设备,300931.SZ,myquant-strategy,2026-06-25
SZ300950,德固特,eastmoney,1,BK0910,专用设备,300950.SZ,myquant-strategy,2026-06-25
SZ301011,华立科技,eastmoney,1,BK0910,专用设备,301011.SZ,myquant-strategy,2026-06-25
SZ301013,利和兴,eastmoney,1,BK0910,专用设备,301013.SZ,myquant-strategy,2026-06-25
SZ301018,申菱环境,eastmoney,1,BK0910,专用设备,301018.SZ,myquant-strategy,2026-06-25
SZ301030,仕净科技,eastmoney,1,BK0910,专用设备,301030.SZ,myquant-strategy,2026-06-25
SZ301043,绿岛风,eastmoney,1,BK0910,专用设备,301043.SZ,myquant-strategy,2026-06-25
SZ301053,远信工业,eastmoney,1,BK0910,专用设备,301053.SZ,myquant-strategy,2026-06-25
SZ301056,森赫股份,eastmoney,1,BK0910,专用设备,301056.SZ,myquant-strategy,2026-06-25
SZ301070,开勒股份,eastmoney,1,BK0910,专用设备,301070.SZ,myquant-strategy,2026-06-25
SZ301083,百胜智能,eastmoney,1,BK0910,专用设备,301083.SZ,myquant-strategy,2026-06-25
SZ301105,鸿铭股份,eastmoney,1,BK0910,专用设备,301105.SZ,myquant-strategy,2026-06-25
SZ301112,信邦智能,eastmoney,1,BK0910,专用设备,301112.SZ,myquant-strategy,2026-06-25
SZ301128,强瑞技术,eastmoney,1,BK0910,专用设备,301128.SZ,myquant-strategy,2026-06-25
SZ301138,华研精机,eastmoney,1,BK0910,专用设备,301138.SZ,myquant-strategy,2026-06-25
SZ301158,德石股份,eastmoney,1,BK0910,专用设备,301158.SZ,myquant-strategy,2026-06-25
SZ301199,迈赫股份,eastmoney,1,BK0910,专用设备,301199.SZ,myquant-strategy,2026-06-25
SZ301200,大族数控,eastmoney,1,BK0910,专用设备,301200.SZ,myquant-strategy,2026-06-25
SZ301260,格力博,eastmoney,1,BK0910,专用设备,301260.SZ,myquant-strategy,2026-06-25
SZ301272,英华特,eastmoney,1,BK0910,专用设备,301272.SZ,myquant-strategy,2026-06-25
SZ301312,智立方,eastmoney,1,BK0910,专用设备,301312.SZ,myquant-strategy,2026-06-25
SZ301338,凯格精机,eastmoney,1,BK0910,专用设备,301338.SZ,myquant-strategy,2026-06-25
SZ301360,荣旗科技,eastmoney,1,BK0910,专用设备,301360.SZ,myquant-strategy,2026-06-25
SZ301392,汇成真空,eastmoney,1,BK0910,专用设备,301392.SZ,myquant-strategy,2026-06-25
SZ301418,协昌科技,eastmoney,1,BK0910,专用设备,301418.SZ,myquant-strategy,2026-06-25
SZ301468,博盈特焊,eastmoney,1,BK0910,专用设备,301468.SZ,myquant-strategy,2026-06-25
SZ301512,智信精密,eastmoney,1,BK0910,专用设备,301512.SZ,myquant-strategy,2026-06-25
SZ301519,舜禹股份,eastmoney,1,BK0910,专用设备,301519.SZ,myquant-strategy,2026-06-25
SZ301533,威马农机,eastmoney,1,BK0910,专用设备,301533.SZ,myquant-strategy,2026-06-25
SZ301568,思泰克,eastmoney,1,BK0910,专用设备,301568.SZ,myquant-strategy,2026-06-25
SZ301598,博科测试,eastmoney,1,BK0910,专用设备,301598.SZ,myquant-strategy,2026-06-25
SZ301601,惠通科技,eastmoney,1,BK0910,专用设备,301601.SZ,myquant-strategy,2026-06-25
SZ301662,宏工科技,eastmoney,1,BK0910,专用设备,301662.SZ,myquant-strategy,2026-06-25
SZ920014,,eastmoney,1,BK0910,专用设备,920014.SZ,myquant-strategy,2026-06-25
SZ920026,,eastmoney,1,BK0910,专用设备,920026.SZ,myquant-strategy,2026-06-25
SZ920061,,eastmoney,1,BK0910,专用设备,920061.SZ,myquant-strategy,2026-06-25
SZ920080,,eastmoney,1,BK0910,专用设备,920080.SZ,myquant-strategy,2026-06-25
SZ920112,,eastmoney,1,BK0910,专用设备,920112.SZ,myquant-strategy,2026-06-25
SZ920152,,eastmoney,1,BK0910,专用设备,920152.SZ,myquant-strategy,2026-06-25
SZ920158,,eastmoney,1,BK0910,专用设备,920158.SZ,myquant-strategy,2026-06-25
SZ920284,,eastmoney,1,BK0910,专用设备,920284.SZ,myquant-strategy,2026-06-25
SZ920368,,eastmoney,1,BK0910,专用设备,920368.SZ,myquant-strategy,2026-06-25
SZ920414,,eastmoney,1,BK0910,专用设备,920414.SZ,myquant-strategy,2026-06-25
SZ920475,,eastmoney,1,BK0910,专用设备,920475.SZ,myquant-strategy,2026-06-25
SZ920522,,eastmoney,1,BK0910,专用设备,920522.SZ,myquant-strategy,2026-06-25
SZ920578,,eastmoney,1,BK0910,专用设备,920578.SZ,myquant-strategy,2026-06-25
SZ920693,,eastmoney,1,BK0910,专用设备,920693.SZ,myquant-strategy,2026-06-25
SZ920703,,eastmoney,1,BK0910,专用设备,920703.SZ,myquant-strategy,2026-06-25
SZ920717,,eastmoney,1,BK0910,专用设备,920717.SZ,myquant-strategy,2026-06-25
SZ920781,,eastmoney,1,BK0910,专用设备,920781.SZ,myquant-strategy,2026-06-25
SZ920810,,eastmoney,1,BK0910,专用设备,920810.SZ,myquant-strategy,2026-06-25
SZ920856,,eastmoney,1,BK0910,专用设备,920856.SZ,myquant-strategy,2026-06-25
SZ920870,,eastmoney,1,BK0910,专用设备,920870.SZ,myquant-strategy,2026-06-25
SZ920895,,eastmoney,1,BK0910,专用设备,920895.SZ,myquant-strategy,2026-06-25
SZ920931,,eastmoney,1,BK0910,专用设备,920931.SZ,myquant-strategy,2026-06-25
SZ920942,,eastmoney,1,BK0910,专用设备,920942.SZ,myquant-strategy,2026-06-25
SZ920992,,eastmoney,1,BK0910,专用设备,920992.SZ,myquant-strategy,2026-06-25
SH600711,盛屯矿业,eastmoney,1,BK1015,能源金属,600711.SH,myquant-strategy,2026-06-25
SH603799,华友钴业,eastmoney,1,BK1015,能源金属,603799.SH,myquant-strategy,2026-06-25
SZ300390,天华新能,eastmoney,1,BK1015,能源金属,300390.SZ,myquant-strategy,2026-06-25
SZ300618,寒锐钴业,eastmoney,1,BK1015,能源金属,300618.SZ,myquant-strategy,2026-06-25
SZ301219,腾远钴业,eastmoney,1,BK1015,能源金属,301219.SZ,myquant-strategy,2026-06-25
SH600335,国机汽车,eastmoney,1,BK1016,汽车服务,600335.SH,myquant-strategy,2026-06-25
SH600386,北巴传媒,eastmoney,1,BK1016,汽车服务,600386.SH,myquant-strategy,2026-06-25
SH600653,申华控股,eastmoney,1,BK1016,汽车服务,600653.SH,myquant-strategy,2026-06-25
SH600822,上海物贸,eastmoney,1,BK1016,汽车服务,600822.SH,myquant-strategy,2026-06-25
SH601965,中国汽研,eastmoney,1,BK1016,汽车服务,601965.SH,myquant-strategy,2026-06-25
SH603377,ST东时,eastmoney,1,BK1016,汽车服务,603377.SH,myquant-strategy,2026-06-25
SH688479,友车科技,eastmoney,1,BK1016,汽车服务,688479.SH,myquant-strategy,2026-06-25
SZ300825,阿尔特,eastmoney,1,BK1016,汽车服务,300825.SZ,myquant-strategy,2026-06-25
SZ301215,中汽股份,eastmoney,1,BK1016,汽车服务,301215.SZ,myquant-strategy,2026-06-25
SZ900927,,eastmoney,1,BK1016,汽车服务,900927.SZ,myquant-strategy,2026-06-25
SZ920030,,eastmoney,1,BK1016,汽车服务,920030.SZ,myquant-strategy,2026-06-25
SZ920242,,eastmoney,1,BK1016,汽车服务,920242.SZ,myquant-strategy,2026-06-25
SH600339,中油工程,eastmoney,1,BK1017,采掘行业,600339.SH,myquant-strategy,2026-06-25
SH600583,海油工程,eastmoney,1,BK1017,采掘行业,600583.SH,myquant-strategy,2026-06-25
SH600871,石化油服,eastmoney,1,BK1017,采掘行业,600871.SH,myquant-strategy,2026-06-25
SH600968,海油发展,eastmoney,1,BK1017,采掘行业,600968.SH,myquant-strategy,2026-06-25
SH601808,中海油服,eastmoney,1,BK1017,采掘行业,601808.SH,myquant-strategy,2026-06-25
SH603505,金石资源,eastmoney,1,BK1017,采掘行业,603505.SH,myquant-strategy,2026-06-25
SH603619,中曼石油,eastmoney,1,BK1017,采掘行业,603619.SH,myquant-strategy,2026-06-25
SH603727,博迈科,eastmoney,1,BK1017,采掘行业,603727.SH,myquant-strategy,2026-06-25
SH603979,金诚信,eastmoney,1,BK1017,采掘行业,603979.SH,myquant-strategy,2026-06-25
SH605086,龙高股份,eastmoney,1,BK1017,采掘行业,605086.SH,myquant-strategy,2026-06-25
SZ300084,海默科技,eastmoney,1,BK1017,采掘行业,300084.SZ,myquant-strategy,2026-06-25
SZ300157,新锦动力,eastmoney,1,BK1017,采掘行业,300157.SZ,myquant-strategy,2026-06-25
SZ300164,通源石油,eastmoney,1,BK1017,采掘行业,300164.SZ,myquant-strategy,2026-06-25
SZ300191,潜能恒信,eastmoney,1,BK1017,采掘行业,300191.SZ,myquant-strategy,2026-06-25
SZ920019,,eastmoney,1,BK1017,采掘行业,920019.SZ,myquant-strategy,2026-06-25
SZ920088,,eastmoney,1,BK1017,采掘行业,920088.SZ,myquant-strategy,2026-06-25
SH600182,S佳通,eastmoney,1,BK1018,橡胶制品,600182.SH,myquant-strategy,2026-06-25
SH600469,风神股份,eastmoney,1,BK1018,橡胶制品,600469.SH,myquant-strategy,2026-06-25
SH601058,赛轮轮胎,eastmoney,1,BK1018,橡胶制品,601058.SH,myquant-strategy,2026-06-25
SH601118,海南橡胶,eastmoney,1,BK1018,橡胶制品,601118.SH,myquant-strategy,2026-06-25
SH601163,三角轮胎,eastmoney,1,BK1018,橡胶制品,601163.SH,myquant-strategy,2026-06-25
SH601500,通用股份,eastmoney,1,BK1018,橡胶制品,601500.SH,myquant-strategy,2026-06-25
SH601966,玲珑轮胎,eastmoney,1,BK1018,橡胶制品,601966.SH,myquant-strategy,2026-06-25
SH603033,三维股份,eastmoney,1,BK1018,橡胶制品,603033.SH,myquant-strategy,2026-06-25
SH603049,中策橡胶,eastmoney,1,BK1018,橡胶制品,603049.SH,myquant-strategy,2026-06-25
SH603650,彤程新材,eastmoney,1,BK1018,橡胶制品,603650.SH,myquant-strategy,2026-06-25
SH605183,确成股份,eastmoney,1,BK1018,橡胶制品,605183.SH,myquant-strategy,2026-06-25
SZ300121,阳谷华泰,eastmoney,1,BK1018,橡胶制品,300121.SZ,myquant-strategy,2026-06-25
SZ300320,海达股份,eastmoney,1,BK1018,橡胶制品,300320.SZ,myquant-strategy,2026-06-25
SZ300547,川环科技,eastmoney,1,BK1018,橡胶制品,300547.SZ,myquant-strategy,2026-06-25
SZ300587,天铁科技,eastmoney,1,BK1018,橡胶制品,300587.SZ,myquant-strategy,2026-06-25
SZ300731,科创新源,eastmoney,1,BK1018,橡胶制品,300731.SZ,myquant-strategy,2026-06-25
SZ300767,震安科技,eastmoney,1,BK1018,橡胶制品,300767.SZ,myquant-strategy,2026-06-25
SZ301233,盛帮股份,eastmoney,1,BK1018,橡胶制品,301233.SZ,myquant-strategy,2026-06-25
SZ301459,丰茂股份,eastmoney,1,BK1018,橡胶制品,301459.SZ,myquant-strategy,2026-06-25
SZ920020,,eastmoney,1,BK1018,橡胶制品,920020.SZ,myquant-strategy,2026-06-25
SZ920098,,eastmoney,1,BK1018,橡胶制品,920098.SZ,myquant-strategy,2026-06-25
SZ920225,,eastmoney,1,BK1018,橡胶制品,920225.SZ,myquant-strategy,2026-06-25
SZ920247,,eastmoney,1,BK1018,橡胶制品,920247.SZ,myquant-strategy,2026-06-25
SZ920642,,eastmoney,1,BK1018,橡胶制品,920642.SZ,myquant-strategy,2026-06-25
SZ920665,,eastmoney,1,BK1018,橡胶制品,920665.SZ,myquant-strategy,2026-06-25
SZ920694,,eastmoney,1,BK1018,橡胶制品,920694.SZ,myquant-strategy,2026-06-25
SH600075,新疆天业,eastmoney,1,BK1019,化学原料,600075.SH,myquant-strategy,2026-06-25
SH600319,亚星化学,eastmoney,1,BK1019,化学原料,600319.SH,myquant-strategy,2026-06-25
SH600328,中盐化工,eastmoney,1,BK1019,化学原料,600328.SH,myquant-strategy,2026-06-25
SH600367,红星发展,eastmoney,1,BK1019,化学原料,600367.SH,myquant-strategy,2026-06-25
SH600409,三友化工,eastmoney,1,BK1019,化学原料,600409.SH,myquant-strategy,2026-06-25
SH600423,柳化股份,eastmoney,1,BK1019,化学原料,600423.SH,myquant-strategy,2026-06-25
SH600426,华鲁恒升,eastmoney,1,BK1019,化学原料,600426.SH,myquant-strategy,2026-06-25
SH600610,中毅达,eastmoney,1,BK1019,化学原料,600610.SH,myquant-strategy,2026-06-25
SH600618,氯碱化工,eastmoney,1,BK1019,化学原料,600618.SH,myquant-strategy,2026-06-25
SH600623,华谊集团,eastmoney,1,BK1019,化学原料,600623.SH,myquant-strategy,2026-06-25
SH600714,金瑞矿业,eastmoney,1,BK1019,化学原料,600714.SH,myquant-strategy,2026-06-25
SH600722,金牛化工,eastmoney,1,BK1019,化学原料,600722.SH,myquant-strategy,2026-06-25
SH600727,鲁北化工,eastmoney,1,BK1019,化学原料,600727.SH,myquant-strategy,2026-06-25
SH600746,江苏索普,eastmoney,1,BK1019,化学原料,600746.SH,myquant-strategy,2026-06-25
SH600784,鲁银投资,eastmoney,1,BK1019,化学原料,600784.SH,myquant-strategy,2026-06-25
SH600844,金煤科技,eastmoney,1,BK1019,化学原料,600844.SH,myquant-strategy,2026-06-25
SH600929,雪天盐业,eastmoney,1,BK1019,化学原料,600929.SH,myquant-strategy,2026-06-25
SH600935,华塑股份,eastmoney,1,BK1019,化学原料,600935.SH,myquant-strategy,2026-06-25
SH600955,维远股份,eastmoney,1,BK1019,化学原料,600955.SH,myquant-strategy,2026-06-25
SH600989,宝丰能源,eastmoney,1,BK1019,化学原料,600989.SH,myquant-strategy,2026-06-25
SH601065,江盐集团,eastmoney,1,BK1019,化学原料,601065.SH,myquant-strategy,2026-06-25
SH601216,君正集团,eastmoney,1,BK1019,化学原料,601216.SH,myquant-strategy,2026-06-25
SH601568,北元集团,eastmoney,1,BK1019,化学原料,601568.SH,myquant-strategy,2026-06-25
SH601678,滨化股份,eastmoney,1,BK1019,化学原料,601678.SH,myquant-strategy,2026-06-25
SH603004,鼎龙科技,eastmoney,1,BK1019,化学原料,603004.SH,myquant-strategy,2026-06-25
SH603062,麦加芯彩,eastmoney,1,BK1019,化学原料,603062.SH,myquant-strategy,2026-06-25
SH603065,宿迁联盛,eastmoney,1,BK1019,化学原料,603065.SH,myquant-strategy,2026-06-25
SH603067,振华股份,eastmoney,1,BK1019,化学原料,603067.SH,myquant-strategy,2026-06-25
SH603077,和邦生物,eastmoney,1,BK1019,化学原料,603077.SH,myquant-strategy,2026-06-25
SH603113,金能科技,eastmoney,1,BK1019,化学原料,603113.SH,myquant-strategy,2026-06-25
SH603172,万丰股份,eastmoney,1,BK1019,化学原料,603172.SH,myquant-strategy,2026-06-25
SH603213,镇洋发展,eastmoney,1,BK1019,化学原料,603213.SH,myquant-strategy,2026-06-25
SH603276,恒兴新材,eastmoney,1,BK1019,化学原料,603276.SH,myquant-strategy,2026-06-25
SH603299,苏盐井神,eastmoney,1,BK1019,化学原料,603299.SH,myquant-strategy,2026-06-25
SH603310,巍华新材,eastmoney,1,BK1019,化学原料,603310.SH,myquant-strategy,2026-06-25
SH603663,三祥新材,eastmoney,1,BK1019,化学原料,603663.SH,myquant-strategy,2026-06-25
SH688267,中触媒,eastmoney,1,BK1019,化学原料,688267.SH,myquant-strategy,2026-06-25
SH688758,赛分科技,eastmoney,1,BK1019,化学原料,688758.SH,myquant-strategy,2026-06-25
SZ300082,奥克股份,eastmoney,1,BK1019,化学原料,300082.SZ,myquant-strategy,2026-06-25
SZ300834,星辉环材,eastmoney,1,BK1019,化学原料,300834.SZ,myquant-strategy,2026-06-25
SZ300891,惠云钛业,eastmoney,1,BK1019,化学原料,300891.SZ,myquant-strategy,2026-06-25
SZ300927,江天化学,eastmoney,1,BK1019,化学原料,300927.SZ,myquant-strategy,2026-06-25
SZ301059,金三江,eastmoney,1,BK1019,化学原料,301059.SZ,myquant-strategy,2026-06-25
SZ301065,本立科技,eastmoney,1,BK1019,化学原料,301065.SZ,myquant-strategy,2026-06-25
SZ301069,凯盛新材,eastmoney,1,BK1019,化学原料,301069.SZ,myquant-strategy,2026-06-25
SZ301076,新瀚新材,eastmoney,1,BK1019,化学原料,301076.SZ,myquant-strategy,2026-06-25
SZ301090,华润材料,eastmoney,1,BK1019,化学原料,301090.SZ,myquant-strategy,2026-06-25
SZ301118,恒光股份,eastmoney,1,BK1019,化学原料,301118.SZ,myquant-strategy,2026-06-25
SZ301149,隆华新材,eastmoney,1,BK1019,化学原料,301149.SZ,myquant-strategy,2026-06-25
SZ301209,联合化学,eastmoney,1,BK1019,化学原料,301209.SZ,myquant-strategy,2026-06-25
SZ301256,华融化学,eastmoney,1,BK1019,化学原料,301256.SZ,myquant-strategy,2026-06-25
SZ301286,侨源股份,eastmoney,1,BK1019,化学原料,301286.SZ,myquant-strategy,2026-06-25
SZ301395,仁信新材,eastmoney,1,BK1019,化学原料,301395.SZ,myquant-strategy,2026-06-25
SZ920304,,eastmoney,1,BK1019,化学原料,920304.SZ,myquant-strategy,2026-06-25
SZ920402,,eastmoney,1,BK1019,化学原料,920402.SZ,myquant-strategy,2026-06-25
SZ920471,,eastmoney,1,BK1019,化学原料,920471.SZ,myquant-strategy,2026-06-25
SZ920832,,eastmoney,1,BK1019,化学原料,920832.SZ,myquant-strategy,2026-06-25
SZ920957,,eastmoney,1,BK1019,化学原料,920957.SZ,myquant-strategy,2026-06-25
SH600172,黄河旋风,eastmoney,1,BK1020,非金属材料,600172.SH,myquant-strategy,2026-06-25
SH600330,天通股份,eastmoney,1,BK1020,非金属材料,600330.SH,myquant-strategy,2026-06-25
SH600516,方大炭素,eastmoney,1,BK1020,非金属材料,600516.SH,myquant-strategy,2026-06-25
SH600783,鲁信创投,eastmoney,1,BK1020,非金属材料,600783.SH,myquant-strategy,2026-06-25
SH603119,浙江荣泰,eastmoney,1,BK1020,非金属材料,603119.SH,myquant-strategy,2026-06-25
SH603260,合盛硅业,eastmoney,1,BK1020,非金属材料,603260.SH,myquant-strategy,2026-06-25
SH603612,索通发展,eastmoney,1,BK1020,非金属材料,603612.SH,myquant-strategy,2026-06-25
SH603688,石英股份,eastmoney,1,BK1020,非金属材料,603688.SH,myquant-strategy,2026-06-25
SH603826,坤彩科技,eastmoney,1,BK1020,非金属材料,603826.SH,myquant-strategy,2026-06-25
SH688119,中钢洛耐,eastmoney,1,BK1020,非金属材料,688119.SH,myquant-strategy,2026-06-25
SH688281,华秦科技,eastmoney,1,BK1020,非金属材料,688281.SH,myquant-strategy,2026-06-25
SH688300,联瑞新材,eastmoney,1,BK1020,非金属材料,688300.SH,myquant-strategy,2026-06-25
SH688357,建龙微纳,eastmoney,1,BK1020,非金属材料,688357.SH,myquant-strategy,2026-06-25
SH688708,佳驰科技,eastmoney,1,BK1020,非金属材料,688708.SH,myquant-strategy,2026-06-25
SH688733,壹石通,eastmoney,1,BK1020,非金属材料,688733.SH,myquant-strategy,2026-06-25
SZ300035,中科电气,eastmoney,1,BK1020,非金属材料,300035.SZ,myquant-strategy,2026-06-25
SZ300395,菲利华,eastmoney,1,BK1020,非金属材料,300395.SZ,myquant-strategy,2026-06-25
SZ300409,道氏技术,eastmoney,1,BK1020,非金属材料,300409.SZ,myquant-strategy,2026-06-25
SZ300743,天地数码,eastmoney,1,BK1020,非金属材料,300743.SZ,myquant-strategy,2026-06-25
SZ300861,美畅股份,eastmoney,1,BK1020,非金属材料,300861.SZ,myquant-strategy,2026-06-25
SZ301071,力量钻石,eastmoney,1,BK1020,非金属材料,301071.SZ,myquant-strategy,2026-06-25
SZ301611,珂玛科技,eastmoney,1,BK1020,非金属材料,301611.SZ,myquant-strategy,2026-06-25
SZ920175,,eastmoney,1,BK1020,非金属材料,920175.SZ,myquant-strategy,2026-06-25
SZ920675,,eastmoney,1,BK1020,非金属材料,920675.SZ,myquant-strategy,2026-06-25
SZ920719,,eastmoney,1,BK1020,非金属材料,920719.SZ,myquant-strategy,2026-06-25
SZ920725,,eastmoney,1,BK1020,非金属材料,920725.SZ,myquant-strategy,2026-06-25
SZ920792,,eastmoney,1,BK1020,非金属材料,920792.SZ,myquant-strategy,2026-06-25
SZ920807,,eastmoney,1,BK1020,非金属材料,920807.SZ,myquant-strategy,2026-06-25
SZ920971,,eastmoney,1,BK1020,非金属材料,920971.SZ,myquant-strategy,2026-06-25
SH600111,北方稀土,eastmoney,1,BK1027,小金属,600111.SH,myquant-strategy,2026-06-25
SH600206,有研新材,eastmoney,1,BK1027,小金属,600206.SH,myquant-strategy,2026-06-25
SH600259,中稀有色,eastmoney,1,BK1027,小金属,600259.SH,myquant-strategy,2026-06-25
SH600281,华阳新材,eastmoney,1,BK1027,小金属,600281.SH,myquant-strategy,2026-06-25
SH600301,华锡有色,eastmoney,1,BK1027,小金属,600301.SH,myquant-strategy,2026-06-25
SH600366,宁波韵升,eastmoney,1,BK1027,小金属,600366.SH,myquant-strategy,2026-06-25
SH600392,盛和资源,eastmoney,1,BK1027,小金属,600392.SH,myquant-strategy,2026-06-25
SH600456,宝钛股份,eastmoney,1,BK1027,小金属,600456.SH,myquant-strategy,2026-06-25
SH600459,贵研铂业,eastmoney,1,BK1027,小金属,600459.SH,myquant-strategy,2026-06-25
SH600549,厦门钨业,eastmoney,1,BK1027,小金属,600549.SH,myquant-strategy,2026-06-25
SH600615,鑫源智造,eastmoney,1,BK1027,小金属,600615.SH,myquant-strategy,2026-06-25
SH600980,北矿科技,eastmoney,1,BK1027,小金属,600980.SH,myquant-strategy,2026-06-25
SH601958,金钼股份,eastmoney,1,BK1027,小金属,601958.SH,myquant-strategy,2026-06-25
SH603072,天和磁材,eastmoney,1,BK1027,小金属,603072.SH,myquant-strategy,2026-06-25
SH603399,永杉锂业,eastmoney,1,BK1027,小金属,603399.SH,myquant-strategy,2026-06-25
SH603993,洛阳钼业,eastmoney,1,BK1027,小金属,603993.SH,myquant-strategy,2026-06-25
SH605376,博迁新材,eastmoney,1,BK1027,小金属,605376.SH,myquant-strategy,2026-06-25
SH688077,大地熊,eastmoney,1,BK1027,小金属,688077.SH,myquant-strategy,2026-06-25
SH688190,云路股份,eastmoney,1,BK1027,小金属,688190.SH,myquant-strategy,2026-06-25
SZ300127,银河磁体,eastmoney,1,BK1027,小金属,300127.SZ,myquant-strategy,2026-06-25
SZ300224,正海磁材,eastmoney,1,BK1027,小金属,300224.SZ,myquant-strategy,2026-06-25
SZ300328,宜安科技,eastmoney,1,BK1027,小金属,300328.SZ,myquant-strategy,2026-06-25
SZ300748,金力永磁,eastmoney,1,BK1027,小金属,300748.SZ,myquant-strategy,2026-06-25
SZ300811,铂科新材,eastmoney,1,BK1027,小金属,300811.SZ,myquant-strategy,2026-06-25
SZ300835,龙磁科技,eastmoney,1,BK1027,小金属,300835.SZ,myquant-strategy,2026-06-25
SZ301026,浩通科技,eastmoney,1,BK1027,小金属,301026.SZ,myquant-strategy,2026-06-25
SZ301141,中科磁业,eastmoney,1,BK1027,小金属,301141.SZ,myquant-strategy,2026-06-25
SZ920068,,eastmoney,1,BK1027,小金属,920068.SZ,myquant-strategy,2026-06-25
SH600333,长春燃气,eastmoney,1,BK1028,燃气,600333.SH,myquant-strategy,2026-06-25
SH600617,国新能源,eastmoney,1,BK1028,燃气,600617.SH,myquant-strategy,2026-06-25
SH600635,大众公用,eastmoney,1,BK1028,燃气,600635.SH,myquant-strategy,2026-06-25
SH600681,百川能源,eastmoney,1,BK1028,燃气,600681.SH,myquant-strategy,2026-06-25
SH600803,新奥股份,eastmoney,1,BK1028,燃气,600803.SH,myquant-strategy,2026-06-25
SH600903,贵州燃气,eastmoney,1,BK1028,燃气,600903.SH,myquant-strategy,2026-06-25
SH600917,重庆燃气,eastmoney,1,BK1028,燃气,600917.SH,myquant-strategy,2026-06-25
SH600956,新天绿能,eastmoney,1,BK1028,燃气,600956.SH,myquant-strategy,2026-06-25
SH601139,深圳燃气,eastmoney,1,BK1028,燃气,601139.SH,myquant-strategy,2026-06-25
SH603053,成都燃气,eastmoney,1,BK1028,燃气,603053.SH,myquant-strategy,2026-06-25
SH603080,新疆火炬,eastmoney,1,BK1028,燃气,603080.SH,myquant-strategy,2026-06-25
SH603318,水发燃气,eastmoney,1,BK1028,燃气,603318.SH,myquant-strategy,2026-06-25
SH603393,新天然气,eastmoney,1,BK1028,燃气,603393.SH,myquant-strategy,2026-06-25
SH603689,皖天然气,eastmoney,1,BK1028,燃气,603689.SH,myquant-strategy,2026-06-25
SH603706,东方环宇,eastmoney,1,BK1028,燃气,603706.SH,myquant-strategy,2026-06-25
SH605090,九丰能源,eastmoney,1,BK1028,燃气,605090.SH,myquant-strategy,2026-06-25
SH605169,洪通燃气,eastmoney,1,BK1028,燃气,605169.SH,myquant-strategy,2026-06-25
SH605368,蓝天燃气,eastmoney,1,BK1028,燃气,605368.SH,myquant-strategy,2026-06-25
SZ300332,天壕能源,eastmoney,1,BK1028,燃气,300332.SZ,myquant-strategy,2026-06-25
SZ300435,中泰股份,eastmoney,1,BK1028,燃气,300435.SZ,myquant-strategy,2026-06-25
SZ300483,首华燃气,eastmoney,1,BK1028,燃气,300483.SZ,myquant-strategy,2026-06-25
SZ900913,,eastmoney,1,BK1028,燃气,900913.SZ,myquant-strategy,2026-06-25
SZ920010,,eastmoney,1,BK1028,燃气,920010.SZ,myquant-strategy,2026-06-25
SH600006,东风股份,eastmoney,1,BK1029,汽车整车,600006.SH,myquant-strategy,2026-06-25
SH600066,宇通客车,eastmoney,1,BK1029,汽车整车,600066.SH,myquant-strategy,2026-06-25
SH600104,上汽集团,eastmoney,1,BK1029,汽车整车,600104.SH,myquant-strategy,2026-06-25
SH600166,福田汽车,eastmoney,1,BK1029,汽车整车,600166.SH,myquant-strategy,2026-06-25
SH600303,曙光股份,eastmoney,1,BK1029,汽车整车,600303.SH,myquant-strategy,2026-06-25
SH600375,汉马科技,eastmoney,1,BK1029,汽车整车,600375.SH,myquant-strategy,2026-06-25
SH600418,江淮汽车,eastmoney,1,BK1029,汽车整车,600418.SH,myquant-strategy,2026-06-25
SH600686,金龙汽车,eastmoney,1,BK1029,汽车整车,600686.SH,myquant-strategy,2026-06-25
SH600733,北汽蓝谷,eastmoney,1,BK1029,汽车整车,600733.SH,myquant-strategy,2026-06-25
SH600841,动力新科,eastmoney,1,BK1029,汽车整车,600841.SH,myquant-strategy,2026-06-25
SH601127,赛力斯,eastmoney,1,BK1029,汽车整车,601127.SH,myquant-strategy,2026-06-25
SH601238,广汽集团,eastmoney,1,BK1029,汽车整车,601238.SH,myquant-strategy,2026-06-25
SH601633,长城汽车,eastmoney,1,BK1029,汽车整车,601633.SH,myquant-strategy,2026-06-25
SH601777,千里科技,eastmoney,1,BK1029,汽车整车,601777.SH,myquant-strategy,2026-06-25
SZ200550,,eastmoney,1,BK1029,汽车整车,200550.SZ,myquant-strategy,2026-06-25
SZ200625,,eastmoney,1,BK1029,汽车整车,200625.SZ,myquant-strategy,2026-06-25
SZ301039,中集车辆,eastmoney,1,BK1029,汽车整车,301039.SZ,myquant-strategy,2026-06-25
SH600416,湘电股份,eastmoney,1,BK1030,电机,600416.SH,myquant-strategy,2026-06-25
SH600580,卧龙电驱,eastmoney,1,BK1030,电机,600580.SH,myquant-strategy,2026-06-25
SH603320,迪贝电气,eastmoney,1,BK1030,电机,603320.SH,myquant-strategy,2026-06-25
SH603344,星德胜,eastmoney,1,BK1030,电机,603344.SH,myquant-strategy,2026-06-25
SH603350,安乃达,eastmoney,1,BK1030,电机,603350.SH,myquant-strategy,2026-06-25
SH603370,华新精科,eastmoney,1,BK1030,电机,603370.SH,myquant-strategy,2026-06-25
SH603489,八方股份,eastmoney,1,BK1030,电机,603489.SH,myquant-strategy,2026-06-25
SH603728,鸣志电器,eastmoney,1,BK1030,电机,603728.SH,myquant-strategy,2026-06-25
SH603819,神力股份,eastmoney,1,BK1030,电机,603819.SH,myquant-strategy,2026-06-25
SH603988,中电电机,eastmoney,1,BK1030,电机,603988.SH,myquant-strategy,2026-06-25
SH688395,正弦电气,eastmoney,1,BK1030,电机,688395.SH,myquant-strategy,2026-06-25
SZ300626,华瑞股份,eastmoney,1,BK1030,电机,300626.SZ,myquant-strategy,2026-06-25
SZ300660,江苏雷利,eastmoney,1,BK1030,电机,300660.SZ,myquant-strategy,2026-06-25
SZ300907,康平科技,eastmoney,1,BK1030,电机,300907.SZ,myquant-strategy,2026-06-25
SZ301023,奕帆传动,eastmoney,1,BK1030,电机,301023.SZ,myquant-strategy,2026-06-25
SZ301226,祥明智能,eastmoney,1,BK1030,电机,301226.SZ,myquant-strategy,2026-06-25
SZ301502,华阳智能,eastmoney,1,BK1030,电机,301502.SZ,myquant-strategy,2026-06-25
SZ920100,,eastmoney,1,BK1030,电机,920100.SZ,myquant-strategy,2026-06-25
SZ920593,,eastmoney,1,BK1030,电机,920593.SZ,myquant-strategy,2026-06-25
SH600151,航天机电,eastmoney,1,BK1031,光伏设备,600151.SH,myquant-strategy,2026-06-25
SH600207,安彩高科,eastmoney,1,BK1031,光伏设备,600207.SH,myquant-strategy,2026-06-25
SH600438,通威股份,eastmoney,1,BK1031,光伏设备,600438.SH,myquant-strategy,2026-06-25
SH600481,双良节能,eastmoney,1,BK1031,光伏设备,600481.SH,myquant-strategy,2026-06-25
SH600537,亿晶光电,eastmoney,1,BK1031,光伏设备,600537.SH,myquant-strategy,2026-06-25
SH600732,爱旭股份,eastmoney,1,BK1031,光伏设备,600732.SH,myquant-strategy,2026-06-25
SH600876,凯盛新能,eastmoney,1,BK1031,光伏设备,600876.SH,myquant-strategy,2026-06-25
SH601012,隆基绿能,eastmoney,1,BK1031,光伏设备,601012.SH,myquant-strategy,2026-06-25
SH601865,福莱特,eastmoney,1,BK1031,光伏设备,601865.SH,myquant-strategy,2026-06-25
SH601908,京运通,eastmoney,1,BK1031,光伏设备,601908.SH,myquant-strategy,2026-06-25
SH603105,芯能科技,eastmoney,1,BK1031,光伏设备,603105.SH,myquant-strategy,2026-06-25
SH603185,弘元绿能,eastmoney,1,BK1031,光伏设备,603185.SH,myquant-strategy,2026-06-25
SH603212,赛伍技术,eastmoney,1,BK1031,光伏设备,603212.SH,myquant-strategy,2026-06-25
SH603330,天洋新材,eastmoney,1,BK1031,光伏设备,603330.SH,myquant-strategy,2026-06-25
SH603381,永臻股份,eastmoney,1,BK1031,光伏设备,603381.SH,myquant-strategy,2026-06-25
SH603396,金辰股份,eastmoney,1,BK1031,光伏设备,603396.SH,myquant-strategy,2026-06-25
SH603398,*ST沐邦,eastmoney,1,BK1031,光伏设备,603398.SH,myquant-strategy,2026-06-25
SH603628,清源股份,eastmoney,1,BK1031,光伏设备,603628.SH,myquant-strategy,2026-06-25
SH603778,国晟科技,eastmoney,1,BK1031,光伏设备,603778.SH,myquant-strategy,2026-06-25
SH603806,福斯特,eastmoney,1,BK1031,光伏设备,603806.SH,myquant-strategy,2026-06-25
SH605117,德业股份,eastmoney,1,BK1031,光伏设备,605117.SH,myquant-strategy,2026-06-25
SH688032,禾迈股份,eastmoney,1,BK1031,光伏设备,688032.SH,myquant-strategy,2026-06-25
SH688033,天宜新材,eastmoney,1,BK1031,光伏设备,688033.SH,myquant-strategy,2026-06-25
SH688223,晶科能源,eastmoney,1,BK1031,光伏设备,688223.SH,myquant-strategy,2026-06-25
SH688303,大全能源,eastmoney,1,BK1031,光伏设备,688303.SH,myquant-strategy,2026-06-25
SH688348,昱能科技,eastmoney,1,BK1031,光伏设备,688348.SH,myquant-strategy,2026-06-25
SH688390,固德威,eastmoney,1,BK1031,光伏设备,688390.SH,myquant-strategy,2026-06-25
SH688408,中信博,eastmoney,1,BK1031,光伏设备,688408.SH,myquant-strategy,2026-06-25
SH688429,时创能源,eastmoney,1,BK1031,光伏设备,688429.SH,myquant-strategy,2026-06-25
SH688472,阿特斯,eastmoney,1,BK1031,光伏设备,688472.SH,myquant-strategy,2026-06-25
SH688503,聚和材料,eastmoney,1,BK1031,光伏设备,688503.SH,myquant-strategy,2026-06-25
SH688516,奥特维,eastmoney,1,BK1031,光伏设备,688516.SH,myquant-strategy,2026-06-25
SH688556,高测股份,eastmoney,1,BK1031,光伏设备,688556.SH,myquant-strategy,2026-06-25
SH688560,明冠新材,eastmoney,1,BK1031,光伏设备,688560.SH,myquant-strategy,2026-06-25
SH688598,金博股份,eastmoney,1,BK1031,光伏设备,688598.SH,myquant-strategy,2026-06-25
SH688599,天合光能,eastmoney,1,BK1031,光伏设备,688599.SH,myquant-strategy,2026-06-25
SH688680,海优新材,eastmoney,1,BK1031,光伏设备,688680.SH,myquant-strategy,2026-06-25
SH688717,艾罗能源,eastmoney,1,BK1031,光伏设备,688717.SH,myquant-strategy,2026-06-25
SH688726,拉普拉斯,eastmoney,1,BK1031,光伏设备,688726.SH,myquant-strategy,2026-06-25
SZ300029,*ST天龙,eastmoney,1,BK1031,光伏设备,300029.SZ,myquant-strategy,2026-06-25
SZ300051,琏升科技,eastmoney,1,BK1031,光伏设备,300051.SZ,myquant-strategy,2026-06-25
SZ300093,*ST金刚,eastmoney,1,BK1031,光伏设备,300093.SZ,myquant-strategy,2026-06-25
SZ300118,东方日升,eastmoney,1,BK1031,光伏设备,300118.SZ,myquant-strategy,2026-06-25
SZ300125,*ST聆达,eastmoney,1,BK1031,光伏设备,300125.SZ,myquant-strategy,2026-06-25
SZ300274,阳光电源,eastmoney,1,BK1031,光伏设备,300274.SZ,myquant-strategy,2026-06-25
SZ300316,晶盛机电,eastmoney,1,BK1031,光伏设备,300316.SZ,myquant-strategy,2026-06-25
SZ300317,珈伟新能,eastmoney,1,BK1031,光伏设备,300317.SZ,myquant-strategy,2026-06-25
SZ300345,华民股份,eastmoney,1,BK1031,光伏设备,300345.SZ,myquant-strategy,2026-06-25
SZ300393,中来股份,eastmoney,1,BK1031,光伏设备,300393.SZ,myquant-strategy,2026-06-25
SZ300716,ST泉为,eastmoney,1,BK1031,光伏设备,300716.SZ,myquant-strategy,2026-06-25
SZ300724,捷佳伟创,eastmoney,1,BK1031,光伏设备,300724.SZ,myquant-strategy,2026-06-25
SZ300751,迈为股份,eastmoney,1,BK1031,光伏设备,300751.SZ,myquant-strategy,2026-06-25
SZ300763,锦浪科技,eastmoney,1,BK1031,光伏设备,300763.SZ,myquant-strategy,2026-06-25
SZ300776,帝尔激光,eastmoney,1,BK1031,光伏设备,300776.SZ,myquant-strategy,2026-06-25
SZ300827,上能电气,eastmoney,1,BK1031,光伏设备,300827.SZ,myquant-strategy,2026-06-25
SZ300842,帝科股份,eastmoney,1,BK1031,光伏设备,300842.SZ,myquant-strategy,2026-06-25
SZ301046,能辉科技,eastmoney,1,BK1031,光伏设备,301046.SZ,myquant-strategy,2026-06-25
SZ301168,通灵股份,eastmoney,1,BK1031,光伏设备,301168.SZ,myquant-strategy,2026-06-25
SZ301266,宇邦新材,eastmoney,1,BK1031,光伏设备,301266.SZ,myquant-strategy,2026-06-25
SZ301278,快可电子,eastmoney,1,BK1031,光伏设备,301278.SZ,myquant-strategy,2026-06-25
SZ301636,泽润新能,eastmoney,1,BK1031,光伏设备,301636.SZ,myquant-strategy,2026-06-25
SZ301658,首航新能,eastmoney,1,BK1031,光伏设备,301658.SZ,myquant-strategy,2026-06-25
SZ920007,,eastmoney,1,BK1031,光伏设备,920007.SZ,myquant-strategy,2026-06-25
SZ920167,,eastmoney,1,BK1031,光伏设备,920167.SZ,myquant-strategy,2026-06-25
SZ920770,,eastmoney,1,BK1031,光伏设备,920770.SZ,myquant-strategy,2026-06-25
SZ920985,,eastmoney,1,BK1031,光伏设备,920985.SZ,myquant-strategy,2026-06-25
SH600072,中船科技,eastmoney,1,BK1032,风电设备,600072.SH,myquant-strategy,2026-06-25
SH600458,时代新材,eastmoney,1,BK1032,风电设备,600458.SH,myquant-strategy,2026-06-25
SH601026,道生天合,eastmoney,1,BK1032,风电设备,601026.SH,myquant-strategy,2026-06-25
SH601218,吉鑫科技,eastmoney,1,BK1032,风电设备,601218.SH,myquant-strategy,2026-06-25
SH601615,明阳智能,eastmoney,1,BK1032,风电设备,601615.SH,myquant-strategy,2026-06-25
SH603063,禾望电气,eastmoney,1,BK1032,风电设备,603063.SH,myquant-strategy,2026-06-25
SH603218,日月股份,eastmoney,1,BK1032,风电设备,603218.SH,myquant-strategy,2026-06-25
SH603507,振江股份,eastmoney,1,BK1032,风电设备,603507.SH,myquant-strategy,2026-06-25
SH603985,恒润股份,eastmoney,1,BK1032,风电设备,603985.SH,myquant-strategy,2026-06-25
SH605305,中际联合,eastmoney,1,BK1032,风电设备,605305.SH,myquant-strategy,2026-06-25
SH688186,广大特材,eastmoney,1,BK1032,风电设备,688186.SH,myquant-strategy,2026-06-25
SH688349,三一重能,eastmoney,1,BK1032,风电设备,688349.SH,myquant-strategy,2026-06-25
SH688660,电气风电,eastmoney,1,BK1032,风电设备,688660.SH,myquant-strategy,2026-06-25
SZ300129,泰胜风能,eastmoney,1,BK1032,风电设备,300129.SZ,myquant-strategy,2026-06-25
SZ300185,通裕重工,eastmoney,1,BK1032,风电设备,300185.SZ,myquant-strategy,2026-06-25
SZ300443,金雷股份,eastmoney,1,BK1032,风电设备,300443.SZ,myquant-strategy,2026-06-25
SZ300569,天能重工,eastmoney,1,BK1032,风电设备,300569.SZ,myquant-strategy,2026-06-25
SZ300690,双一科技,eastmoney,1,BK1032,风电设备,300690.SZ,myquant-strategy,2026-06-25
SZ300772,运达股份,eastmoney,1,BK1032,风电设备,300772.SZ,myquant-strategy,2026-06-25
SZ300850,新强联,eastmoney,1,BK1032,风电设备,300850.SZ,myquant-strategy,2026-06-25
SZ300904,威力传动,eastmoney,1,BK1032,风电设备,300904.SZ,myquant-strategy,2026-06-25
SZ301040,中环海陆,eastmoney,1,BK1032,风电设备,301040.SZ,myquant-strategy,2026-06-25
SZ301063,海锅股份,eastmoney,1,BK1032,风电设备,301063.SZ,myquant-strategy,2026-06-25
SZ301155,海力风电,eastmoney,1,BK1032,风电设备,301155.SZ,myquant-strategy,2026-06-25
SZ301163,宏德股份,eastmoney,1,BK1032,风电设备,301163.SZ,myquant-strategy,2026-06-25
SZ301232,飞沃科技,eastmoney,1,BK1032,风电设备,301232.SZ,myquant-strategy,2026-06-25
SZ301456,盘古智能,eastmoney,1,BK1032,风电设备,301456.SZ,myquant-strategy,2026-06-25
SZ301557,常友科技,eastmoney,1,BK1032,风电设备,301557.SZ,myquant-strategy,2026-06-25
SH600110,诺德股份,eastmoney,1,BK1033,电池,600110.SH,myquant-strategy,2026-06-25
SH600152,维科技术,eastmoney,1,BK1033,电池,600152.SH,myquant-strategy,2026-06-25
SH600241,时代万恒,eastmoney,1,BK1033,电池,600241.SH,myquant-strategy,2026-06-25
SH600847,万里股份,eastmoney,1,BK1033,电池,600847.SH,myquant-strategy,2026-06-25
SH601311,骆驼股份,eastmoney,1,BK1033,电池,601311.SH,myquant-strategy,2026-06-25
SH603031,XD安孚科,eastmoney,1,BK1033,电池,603031.SH,myquant-strategy,2026-06-25
SH603032,德新科技,eastmoney,1,BK1033,电池,603032.SH,myquant-strategy,2026-06-25
SH603659,璞泰来,eastmoney,1,BK1033,电池,603659.SH,myquant-strategy,2026-06-25
SH603906,龙蟠科技,eastmoney,1,BK1033,电池,603906.SH,myquant-strategy,2026-06-25
SH605378,野马电池,eastmoney,1,BK1033,电池,605378.SH,myquant-strategy,2026-06-25
SH688005,容百科技,eastmoney,1,BK1033,电池,688005.SH,myquant-strategy,2026-06-25
SH688006,杭可科技,eastmoney,1,BK1033,电池,688006.SH,myquant-strategy,2026-06-25
SH688063,派能科技,eastmoney,1,BK1033,电池,688063.SH,myquant-strategy,2026-06-25
SH688148,芳源股份,eastmoney,1,BK1033,电池,688148.SH,myquant-strategy,2026-06-25
SH688155,先惠技术,eastmoney,1,BK1033,电池,688155.SH,myquant-strategy,2026-06-25
SH688184,ST帕瓦,eastmoney,1,BK1033,电池,688184.SH,myquant-strategy,2026-06-25
SH688275,万润新能,eastmoney,1,BK1033,电池,688275.SH,myquant-strategy,2026-06-25
SH688339,亿华通-U,eastmoney,1,BK1033,电池,688339.SH,myquant-strategy,2026-06-25
SH688345,博力威,eastmoney,1,BK1033,电池,688345.SH,myquant-strategy,2026-06-25
SH688388,嘉元科技,eastmoney,1,BK1033,电池,688388.SH,myquant-strategy,2026-06-25
SH688499,利元亨,eastmoney,1,BK1033,电池,688499.SH,myquant-strategy,2026-06-25
SH688567,孚能科技,eastmoney,1,BK1033,电池,688567.SH,myquant-strategy,2026-06-25
SH688573,信宇人,eastmoney,1,BK1033,电池,688573.SH,myquant-strategy,2026-06-25
SH688638,誉辰智能,eastmoney,1,BK1033,电池,688638.SH,myquant-strategy,2026-06-25
SH688707,振华新材,eastmoney,1,BK1033,电池,688707.SH,myquant-strategy,2026-06-25
SH688772,珠海冠宇,eastmoney,1,BK1033,电池,688772.SH,myquant-strategy,2026-06-25
SH688778,厦钨新能,eastmoney,1,BK1033,电池,688778.SH,myquant-strategy,2026-06-25
SH688779,五矿新能,eastmoney,1,BK1033,电池,688779.SH,myquant-strategy,2026-06-25
SH688819,天能股份,eastmoney,1,BK1033,电池,688819.SH,myquant-strategy,2026-06-25
SZ300014,亿纬锂能,eastmoney,1,BK1033,电池,300014.SZ,myquant-strategy,2026-06-25
SZ300037,新宙邦,eastmoney,1,BK1033,电池,300037.SZ,myquant-strategy,2026-06-25
SZ300068,南都电源,eastmoney,1,BK1033,电池,300068.SZ,myquant-strategy,2026-06-25
SZ300073,当升科技,eastmoney,1,BK1033,电池,300073.SZ,myquant-strategy,2026-06-25
SZ300207,欣旺达,eastmoney,1,BK1033,电池,300207.SZ,myquant-strategy,2026-06-25
SZ300340,科恒股份,eastmoney,1,BK1033,电池,300340.SZ,myquant-strategy,2026-06-25
SZ300438,鹏辉能源,eastmoney,1,BK1033,电池,300438.SZ,myquant-strategy,2026-06-25
SZ300450,先导智能,eastmoney,1,BK1033,电池,300450.SZ,myquant-strategy,2026-06-25
SZ300457,赢合科技,eastmoney,1,BK1033,电池,300457.SZ,myquant-strategy,2026-06-25
SZ300530,领湃科技,eastmoney,1,BK1033,电池,300530.SZ,myquant-strategy,2026-06-25
SZ300568,星源材质,eastmoney,1,BK1033,电池,300568.SZ,myquant-strategy,2026-06-25
SZ300619,金银河,eastmoney,1,BK1033,电池,300619.SZ,myquant-strategy,2026-06-25
SZ300648,星云股份,eastmoney,1,BK1033,电池,300648.SZ,myquant-strategy,2026-06-25
SZ300750,宁德时代,eastmoney,1,BK1033,电池,300750.SZ,myquant-strategy,2026-06-25
SZ300769,德方纳米,eastmoney,1,BK1033,电池,300769.SZ,myquant-strategy,2026-06-25
SZ300890,翔丰华,eastmoney,1,BK1033,电池,300890.SZ,myquant-strategy,2026-06-25
SZ300919,中伟新材,eastmoney,1,BK1033,电池,300919.SZ,myquant-strategy,2026-06-25
SZ300953,震裕科技,eastmoney,1,BK1033,电池,300953.SZ,myquant-strategy,2026-06-25
SZ301121,紫建电子,eastmoney,1,BK1033,电池,301121.SZ,myquant-strategy,2026-06-25
SZ301150,中一科技,eastmoney,1,BK1033,电池,301150.SZ,myquant-strategy,2026-06-25
SZ301152,天力锂能,eastmoney,1,BK1033,电池,301152.SZ,myquant-strategy,2026-06-25
SZ301210,金杨精密,eastmoney,1,BK1033,电池,301210.SZ,myquant-strategy,2026-06-25
SZ301222,浙江恒威,eastmoney,1,BK1033,电池,301222.SZ,myquant-strategy,2026-06-25
SZ301238,瑞泰新材,eastmoney,1,BK1033,电池,301238.SZ,myquant-strategy,2026-06-25
SZ301325,曼恩斯特,eastmoney,1,BK1033,电池,301325.SZ,myquant-strategy,2026-06-25
SZ301358,湖南裕能,eastmoney,1,BK1033,电池,301358.SZ,myquant-strategy,2026-06-25
SZ301487,盟固利,eastmoney,1,BK1033,电池,301487.SZ,myquant-strategy,2026-06-25
SZ301511,德福科技,eastmoney,1,BK1033,电池,301511.SZ,myquant-strategy,2026-06-25
SZ301587,中瑞股份,eastmoney,1,BK1033,电池,301587.SZ,myquant-strategy,2026-06-25
SZ920185,,eastmoney,1,BK1033,电池,920185.SZ,myquant-strategy,2026-06-25
SZ920237,,eastmoney,1,BK1033,电池,920237.SZ,myquant-strategy,2026-06-25
SZ920239,,eastmoney,1,BK1033,电池,920239.SZ,myquant-strategy,2026-06-25
SZ920252,,eastmoney,1,BK1033,电池,920252.SZ,myquant-strategy,2026-06-25
SZ920523,,eastmoney,1,BK1033,电池,920523.SZ,myquant-strategy,2026-06-25
SZ920627,,eastmoney,1,BK1033,电池,920627.SZ,myquant-strategy,2026-06-25
SZ920809,,eastmoney,1,BK1033,电池,920809.SZ,myquant-strategy,2026-06-25
SH600202,哈空调,eastmoney,1,BK1034,电源设备,600202.SH,myquant-strategy,2026-06-25
SH600405,动力源,eastmoney,1,BK1034,电源设备,600405.SH,myquant-strategy,2026-06-25
SH600475,华光环能,eastmoney,1,BK1034,电源设备,600475.SH,myquant-strategy,2026-06-25
SH600875,东方电气,eastmoney,1,BK1034,电源设备,600875.SH,myquant-strategy,2026-06-25
SH601727,上海电气,eastmoney,1,BK1034,电源设备,601727.SH,myquant-strategy,2026-06-25
SH688411,海博思创,eastmoney,1,BK1034,电源设备,688411.SH,myquant-strategy,2026-06-25
SH688551,XD科威尔,eastmoney,1,BK1034,电源设备,688551.SH,myquant-strategy,2026-06-25
SH688719,爱科赛博,eastmoney,1,BK1034,电源设备,688719.SH,myquant-strategy,2026-06-25
SZ300105,龙源技术,eastmoney,1,BK1034,电源设备,300105.SZ,myquant-strategy,2026-06-25
SZ300153,科泰电源,eastmoney,1,BK1034,电源设备,300153.SZ,myquant-strategy,2026-06-25
SZ300376,易事特,eastmoney,1,BK1034,电源设备,300376.SZ,myquant-strategy,2026-06-25
SZ300491,通合科技,eastmoney,1,BK1034,电源设备,300491.SZ,myquant-strategy,2026-06-25
SZ300593,新雷能,eastmoney,1,BK1034,电源设备,300593.SZ,myquant-strategy,2026-06-25
SZ300693,盛弘股份,eastmoney,1,BK1034,电源设备,300693.SZ,myquant-strategy,2026-06-25
SZ300713,英可瑞,eastmoney,1,BK1034,电源设备,300713.SZ,myquant-strategy,2026-06-25
SZ300820,英杰电气,eastmoney,1,BK1034,电源设备,300820.SZ,myquant-strategy,2026-06-25
SZ300870,欧陆通,eastmoney,1,BK1034,电源设备,300870.SZ,myquant-strategy,2026-06-25
SZ301327,华宝新能,eastmoney,1,BK1034,电源设备,301327.SZ,myquant-strategy,2026-06-25
SZ301386,未来电器,eastmoney,1,BK1034,电源设备,301386.SZ,myquant-strategy,2026-06-25
SZ301516,中远通,eastmoney,1,BK1034,电源设备,301516.SZ,myquant-strategy,2026-06-25
SZ301590,优优绿能,eastmoney,1,BK1034,电源设备,301590.SZ,myquant-strategy,2026-06-25
SH600249,两面针,eastmoney,1,BK1035,美容护理,600249.SH,myquant-strategy,2026-06-25
SH600315,上海家化,eastmoney,1,BK1035,美容护理,600315.SH,myquant-strategy,2026-06-25
SH603059,倍加洁,eastmoney,1,BK1035,美容护理,603059.SH,myquant-strategy,2026-06-25
SH603193,润本股份,eastmoney,1,BK1035,美容护理,603193.SH,myquant-strategy,2026-06-25
SH603238,诺邦股份,eastmoney,1,BK1035,美容护理,603238.SH,myquant-strategy,2026-06-25
SH603605,珀莱雅,eastmoney,1,BK1035,美容护理,603605.SH,myquant-strategy,2026-06-25
SH603630,拉芳家化,eastmoney,1,BK1035,美容护理,603630.SH,myquant-strategy,2026-06-25
SH603983,丸美生物,eastmoney,1,BK1035,美容护理,603983.SH,myquant-strategy,2026-06-25
SH605009,豪悦护理,eastmoney,1,BK1035,美容护理,605009.SH,myquant-strategy,2026-06-25
SH688363,华熙生物,eastmoney,1,BK1035,美容护理,688363.SH,myquant-strategy,2026-06-25
SZ300132,青松股份,eastmoney,1,BK1035,美容护理,300132.SZ,myquant-strategy,2026-06-25
SZ300658,延江股份,eastmoney,1,BK1035,美容护理,300658.SZ,myquant-strategy,2026-06-25
SZ300740,水羊股份,eastmoney,1,BK1035,美容护理,300740.SZ,myquant-strategy,2026-06-25
SZ300849,锦盛新材,eastmoney,1,BK1035,美容护理,300849.SZ,myquant-strategy,2026-06-25
SZ300856,科思股份,eastmoney,1,BK1035,美容护理,300856.SZ,myquant-strategy,2026-06-25
SZ300886,华业香料,eastmoney,1,BK1035,美容护理,300886.SZ,myquant-strategy,2026-06-25
SZ300888,稳健医疗,eastmoney,1,BK1035,美容护理,300888.SZ,myquant-strategy,2026-06-25
SZ300896,爱美客,eastmoney,1,BK1035,美容护理,300896.SZ,myquant-strategy,2026-06-25
SZ300955,嘉亨家化,eastmoney,1,BK1035,美容护理,300955.SZ,myquant-strategy,2026-06-25
SZ300957,贝泰妮,eastmoney,1,BK1035,美容护理,300957.SZ,myquant-strategy,2026-06-25
SZ301009,可靠股份,eastmoney,1,BK1035,美容护理,301009.SZ,myquant-strategy,2026-06-25
SZ301108,洁雅股份,eastmoney,1,BK1035,美容护理,301108.SZ,myquant-strategy,2026-06-25
SZ301371,敷尔佳,eastmoney,1,BK1035,美容护理,301371.SZ,myquant-strategy,2026-06-25
SH600171,上海贝岭,eastmoney,1,BK1036,半导体,600171.SH,myquant-strategy,2026-06-25
SH600360,*ST华微,eastmoney,1,BK1036,半导体,600360.SH,myquant-strategy,2026-06-25
SH600460,士兰微,eastmoney,1,BK1036,半导体,600460.SH,myquant-strategy,2026-06-25
SH600584,长电科技,eastmoney,1,BK1036,半导体,600584.SH,myquant-strategy,2026-06-25
SH600745,闻泰科技,eastmoney,1,BK1036,半导体,600745.SH,myquant-strategy,2026-06-25
SH600877,电科芯片,eastmoney,1,BK1036,半导体,600877.SH,myquant-strategy,2026-06-25
SH603005,晶方科技,eastmoney,1,BK1036,半导体,603005.SH,myquant-strategy,2026-06-25
SH603061,金海通,eastmoney,1,BK1036,半导体,603061.SH,myquant-strategy,2026-06-25
SH603068,博通集成,eastmoney,1,BK1036,半导体,603068.SH,myquant-strategy,2026-06-25
SH603160,汇顶科技,eastmoney,1,BK1036,半导体,603160.SH,myquant-strategy,2026-06-25
SH603290,斯达半导,eastmoney,1,BK1036,半导体,603290.SH,myquant-strategy,2026-06-25
SH603324,盛剑科技,eastmoney,1,BK1036,半导体,603324.SH,myquant-strategy,2026-06-25
SH603501,豪威集团,eastmoney,1,BK1036,半导体,603501.SH,myquant-strategy,2026-06-25
SH603893,瑞芯微,eastmoney,1,BK1036,半导体,603893.SH,myquant-strategy,2026-06-25
SH603933,睿能科技,eastmoney,1,BK1036,半导体,603933.SH,myquant-strategy,2026-06-25
SH603986,兆易创新,eastmoney,1,BK1036,半导体,603986.SH,myquant-strategy,2026-06-25
SH605111,新洁能,eastmoney,1,BK1036,半导体,605111.SH,myquant-strategy,2026-06-25
SH605358,立昂微,eastmoney,1,BK1036,半导体,605358.SH,myquant-strategy,2026-06-25
SH605588,冠石科技,eastmoney,1,BK1036,半导体,605588.SH,myquant-strategy,2026-06-25
SH688002,睿创微纳,eastmoney,1,BK1036,半导体,688002.SH,myquant-strategy,2026-06-25
SH688008,澜起科技,eastmoney,1,BK1036,半导体,688008.SH,myquant-strategy,2026-06-25
SH688012,中微公司,eastmoney,1,BK1036,半导体,688012.SH,myquant-strategy,2026-06-25
SH688018,乐鑫科技,eastmoney,1,BK1036,半导体,688018.SH,myquant-strategy,2026-06-25
SH688037,芯源微,eastmoney,1,BK1036,半导体,688037.SH,myquant-strategy,2026-06-25
SH688041,海光信息,eastmoney,1,BK1036,半导体,688041.SH,myquant-strategy,2026-06-25
SH688045,必易微,eastmoney,1,BK1036,半导体,688045.SH,myquant-strategy,2026-06-25
SH688047,龙芯中科,eastmoney,1,BK1036,半导体,688047.SH,myquant-strategy,2026-06-25
SH688048,长光华芯,eastmoney,1,BK1036,半导体,688048.SH,myquant-strategy,2026-06-25
SH688049,炬芯科技,eastmoney,1,BK1036,半导体,688049.SH,myquant-strategy,2026-06-25
SH688052,纳芯微,eastmoney,1,BK1036,半导体,688052.SH,myquant-strategy,2026-06-25
SH688061,灿瑞科技,eastmoney,1,BK1036,半导体,688061.SH,myquant-strategy,2026-06-25
SH688072,拓荆科技,eastmoney,1,BK1036,半导体,688072.SH,myquant-strategy,2026-06-25
SH688082,盛美上海,eastmoney,1,BK1036,半导体,688082.SH,myquant-strategy,2026-06-25
SH688099,晶晨股份,eastmoney,1,BK1036,半导体,688099.SH,myquant-strategy,2026-06-25
SH688107,安路科技,eastmoney,1,BK1036,半导体,688107.SH,myquant-strategy,2026-06-25
SH688110,东芯股份,eastmoney,1,BK1036,半导体,688110.SH,myquant-strategy,2026-06-25
SH688120,华海清科,eastmoney,1,BK1036,半导体,688120.SH,myquant-strategy,2026-06-25
SH688123,聚辰股份,eastmoney,1,BK1036,半导体,688123.SH,myquant-strategy,2026-06-25
SH688126,沪硅产业,eastmoney,1,BK1036,半导体,688126.SH,myquant-strategy,2026-06-25
SH688130,晶华微,eastmoney,1,BK1036,半导体,688130.SH,myquant-strategy,2026-06-25
SH688135,利扬芯片,eastmoney,1,BK1036,半导体,688135.SH,myquant-strategy,2026-06-25
SH688138,清溢光电,eastmoney,1,BK1036,半导体,688138.SH,myquant-strategy,2026-06-25
SH688141,杰华特,eastmoney,1,BK1036,半导体,688141.SH,myquant-strategy,2026-06-25
SH688147,微导纳米,eastmoney,1,BK1036,半导体,688147.SH,myquant-strategy,2026-06-25
SH688153,唯捷创芯,eastmoney,1,BK1036,半导体,688153.SH,myquant-strategy,2026-06-25
SH688167,炬光科技,eastmoney,1,BK1036,半导体,688167.SH,myquant-strategy,2026-06-25
SH688172,燕东微,eastmoney,1,BK1036,半导体,688172.SH,myquant-strategy,2026-06-25
SH688173,希荻微,eastmoney,1,BK1036,半导体,688173.SH,myquant-strategy,2026-06-25
SH688200,华峰测控,eastmoney,1,BK1036,半导体,688200.SH,myquant-strategy,2026-06-25
SH688209,英集芯,eastmoney,1,BK1036,半导体,688209.SH,myquant-strategy,2026-06-25
SH688213,思特威-W,eastmoney,1,BK1036,半导体,688213.SH,myquant-strategy,2026-06-25
SH688216,气派科技,eastmoney,1,BK1036,半导体,688216.SH,myquant-strategy,2026-06-25
SH688220,翱捷科技-U,eastmoney,1,BK1036,半导体,688220.SH,myquant-strategy,2026-06-25
SH688230,芯导科技,eastmoney,1,BK1036,半导体,688230.SH,myquant-strategy,2026-06-25
SH688233,神工股份,eastmoney,1,BK1036,半导体,688233.SH,myquant-strategy,2026-06-25
SH688234,天岳先进,eastmoney,1,BK1036,半导体,688234.SH,myquant-strategy,2026-06-25
SH688249,晶合集成,eastmoney,1,BK1036,半导体,688249.SH,myquant-strategy,2026-06-25
SH688252,天德钰,eastmoney,1,BK1036,半导体,688252.SH,myquant-strategy,2026-06-25
SH688256,寒武纪-U,eastmoney,1,BK1036,半导体,688256.SH,myquant-strategy,2026-06-25
SH688259,创耀科技,eastmoney,1,BK1036,半导体,688259.SH,myquant-strategy,2026-06-25
SH688261,东微半导,eastmoney,1,BK1036,半导体,688261.SH,myquant-strategy,2026-06-25
SH688262,国芯科技,eastmoney,1,BK1036,半导体,688262.SH,myquant-strategy,2026-06-25
SH688270,臻镭科技,eastmoney,1,BK1036,半导体,688270.SH,myquant-strategy,2026-06-25
SH688279,峰岹科技,eastmoney,1,BK1036,半导体,688279.SH,myquant-strategy,2026-06-25
SH688286,敏芯股份,eastmoney,1,BK1036,半导体,688286.SH,myquant-strategy,2026-06-25
SH688325,赛微微电,eastmoney,1,BK1036,半导体,688325.SH,myquant-strategy,2026-06-25
SH688332,中科蓝讯,eastmoney,1,BK1036,半导体,688332.SH,myquant-strategy,2026-06-25
SH688347,华虹公司,eastmoney,1,BK1036,半导体,688347.SH,myquant-strategy,2026-06-25
SH688352,颀中科技,eastmoney,1,BK1036,半导体,688352.SH,myquant-strategy,2026-06-25
SH688361,中科飞测,eastmoney,1,BK1036,半导体,688361.SH,myquant-strategy,2026-06-25
SH688362,甬矽电子,eastmoney,1,BK1036,半导体,688362.SH,myquant-strategy,2026-06-25
SH688368,晶丰明源,eastmoney,1,BK1036,半导体,688368.SH,myquant-strategy,2026-06-25
SH688372,伟测科技,eastmoney,1,BK1036,半导体,688372.SH,myquant-strategy,2026-06-25
SH688380,中微半导,eastmoney,1,BK1036,半导体,688380.SH,myquant-strategy,2026-06-25
SH688381,帝奥微,eastmoney,1,BK1036,半导体,688381.SH,myquant-strategy,2026-06-25
SH688385,复旦微电,eastmoney,1,BK1036,半导体,688385.SH,myquant-strategy,2026-06-25
SH688391,钜泉科技,eastmoney,1,BK1036,半导体,688391.SH,myquant-strategy,2026-06-25
SH688396,华润微,eastmoney,1,BK1036,半导体,688396.SH,myquant-strategy,2026-06-25
SH688401,路维光电,eastmoney,1,BK1036,半导体,688401.SH,myquant-strategy,2026-06-25
SH688403,汇成股份,eastmoney,1,BK1036,半导体,688403.SH,myquant-strategy,2026-06-25
SH688409,富创精密,eastmoney,1,BK1036,半导体,688409.SH,myquant-strategy,2026-06-25
SH688416,恒烁股份,eastmoney,1,BK1036,半导体,688416.SH,myquant-strategy,2026-06-25
SH688432,有研硅,eastmoney,1,BK1036,半导体,688432.SH,myquant-strategy,2026-06-25
SH688439,振华风光,eastmoney,1,BK1036,半导体,688439.SH,myquant-strategy,2026-06-25
SH688449,联芸科技,eastmoney,1,BK1036,半导体,688449.SH,myquant-strategy,2026-06-25
SH688458,美芯晟,eastmoney,1,BK1036,半导体,688458.SH,myquant-strategy,2026-06-25
SH688469,芯联集成-U,eastmoney,1,BK1036,半导体,688469.SH,myquant-strategy,2026-06-25
SH688478,晶升股份,eastmoney,1,BK1036,半导体,688478.SH,myquant-strategy,2026-06-25
SH688484,南芯科技,eastmoney,1,BK1036,半导体,688484.SH,myquant-strategy,2026-06-25
SH688486,龙迅股份,eastmoney,1,BK1036,半导体,688486.SH,myquant-strategy,2026-06-25
SH688498,源杰科技,eastmoney,1,BK1036,半导体,688498.SH,myquant-strategy,2026-06-25
SH688508,芯朋微,eastmoney,1,BK1036,半导体,688508.SH,myquant-strategy,2026-06-25
SH688512,慧智微-U,eastmoney,1,BK1036,半导体,688512.SH,myquant-strategy,2026-06-25
SH688515,裕太微-U,eastmoney,1,BK1036,半导体,688515.SH,myquant-strategy,2026-06-25
SH688521,芯原股份,eastmoney,1,BK1036,半导体,688521.SH,myquant-strategy,2026-06-25
SH688525,佰维存储,eastmoney,1,BK1036,半导体,688525.SH,myquant-strategy,2026-06-25
SH688530,欧莱新材,eastmoney,1,BK1036,半导体,688530.SH,myquant-strategy,2026-06-25
SH688535,华海诚科,eastmoney,1,BK1036,半导体,688535.SH,myquant-strategy,2026-06-25
SH688536,思瑞浦,eastmoney,1,BK1036,半导体,688536.SH,myquant-strategy,2026-06-25
SH688584,上海合晶,eastmoney,1,BK1036,半导体,688584.SH,myquant-strategy,2026-06-25
SH688589,力合微,eastmoney,1,BK1036,半导体,688589.SH,myquant-strategy,2026-06-25
SH688591,泰凌微,eastmoney,1,BK1036,半导体,688591.SH,myquant-strategy,2026-06-25
SH688593,新相微,eastmoney,1,BK1036,半导体,688593.SH,myquant-strategy,2026-06-25
SH688595,芯海科技,eastmoney,1,BK1036,半导体,688595.SH,myquant-strategy,2026-06-25
SH688601,力芯微,eastmoney,1,BK1036,半导体,688601.SH,myquant-strategy,2026-06-25
SH688605,先锋精科,eastmoney,1,BK1036,半导体,688605.SH,myquant-strategy,2026-06-25
SH688608,恒玄科技,eastmoney,1,BK1036,半导体,688608.SH,myquant-strategy,2026-06-25
SH688620,安凯微,eastmoney,1,BK1036,半导体,688620.SH,myquant-strategy,2026-06-25
SH688652,京仪装备,eastmoney,1,BK1036,半导体,688652.SH,myquant-strategy,2026-06-25
SH688653,康希通信,eastmoney,1,BK1036,半导体,688653.SH,myquant-strategy,2026-06-25
SH688661,和林微纳,eastmoney,1,BK1036,半导体,688661.SH,myquant-strategy,2026-06-25
SH688689,银河微电,eastmoney,1,BK1036,半导体,688689.SH,myquant-strategy,2026-06-25
SH688691,灿芯股份,eastmoney,1,BK1036,半导体,688691.SH,myquant-strategy,2026-06-25
SH688693,锴威特,eastmoney,1,BK1036,半导体,688693.SH,myquant-strategy,2026-06-25
SH688699,明微电子,eastmoney,1,BK1036,半导体,688699.SH,myquant-strategy,2026-06-25
SH688702,盛科通信-U,eastmoney,1,BK1036,半导体,688702.SH,myquant-strategy,2026-06-25
SH688709,成都华微,eastmoney,1,BK1036,半导体,688709.SH,myquant-strategy,2026-06-25
SH688711,宏微科技,eastmoney,1,BK1036,半导体,688711.SH,myquant-strategy,2026-06-25
SH688720,艾森股份,eastmoney,1,BK1036,半导体,688720.SH,myquant-strategy,2026-06-25
SH688721,龙图光罩,eastmoney,1,BK1036,半导体,688721.SH,myquant-strategy,2026-06-25
SH688728,格科微,eastmoney,1,BK1036,半导体,688728.SH,myquant-strategy,2026-06-25
SH688729,屹唐股份,eastmoney,1,BK1036,半导体,688729.SH,myquant-strategy,2026-06-25
SH688766,普冉股份,eastmoney,1,BK1036,半导体,688766.SH,myquant-strategy,2026-06-25
SH688783,西安奕材-U,eastmoney,1,BK1036,半导体,688783.SH,myquant-strategy,2026-06-25
SH688798,艾为电子,eastmoney,1,BK1036,半导体,688798.SH,myquant-strategy,2026-06-25
SH688981,中芯国际,eastmoney,1,BK1036,半导体,688981.SH,myquant-strategy,2026-06-25
SZ300042,朗科科技,eastmoney,1,BK1036,半导体,300042.SZ,myquant-strategy,2026-06-25
SZ300046,台基股份,eastmoney,1,BK1036,半导体,300046.SZ,myquant-strategy,2026-06-25
SZ300053,航宇微,eastmoney,1,BK1036,半导体,300053.SZ,myquant-strategy,2026-06-25
SZ300077,国民技术,eastmoney,1,BK1036,半导体,300077.SZ,myquant-strategy,2026-06-25
SZ300223,北京君正,eastmoney,1,BK1036,半导体,300223.SZ,myquant-strategy,2026-06-25
SZ300327,中颖电子,eastmoney,1,BK1036,半导体,300327.SZ,myquant-strategy,2026-06-25
SZ300373,扬杰科技,eastmoney,1,BK1036,半导体,300373.SZ,myquant-strategy,2026-06-25
SZ300456,赛微电子,eastmoney,1,BK1036,半导体,300456.SZ,myquant-strategy,2026-06-25
SZ300458,全志科技,eastmoney,1,BK1036,半导体,300458.SZ,myquant-strategy,2026-06-25
SZ300604,长川科技,eastmoney,1,BK1036,半导体,300604.SZ,myquant-strategy,2026-06-25
SZ300613,富瀚微,eastmoney,1,BK1036,半导体,300613.SZ,myquant-strategy,2026-06-25
SZ300623,捷捷微电,eastmoney,1,BK1036,半导体,300623.SZ,myquant-strategy,2026-06-25
SZ300661,圣邦股份,eastmoney,1,BK1036,半导体,300661.SZ,myquant-strategy,2026-06-25
SZ300666,江丰电子,eastmoney,1,BK1036,半导体,300666.SZ,myquant-strategy,2026-06-25
SZ300671,富满微,eastmoney,1,BK1036,半导体,300671.SZ,myquant-strategy,2026-06-25
SZ300672,国科微,eastmoney,1,BK1036,半导体,300672.SZ,myquant-strategy,2026-06-25
SZ300706,阿石创,eastmoney,1,BK1036,半导体,300706.SZ,myquant-strategy,2026-06-25
SZ300782,卓胜微,eastmoney,1,BK1036,半导体,300782.SZ,myquant-strategy,2026-06-25
SZ300831,派瑞股份,eastmoney,1,BK1036,半导体,300831.SZ,myquant-strategy,2026-06-25
SZ301050,雷电微力,eastmoney,1,BK1036,半导体,301050.SZ,myquant-strategy,2026-06-25
SZ301095,广立微,eastmoney,1,BK1036,半导体,301095.SZ,myquant-strategy,2026-06-25
SZ301297,富乐德,eastmoney,1,BK1036,半导体,301297.SZ,myquant-strategy,2026-06-25
SZ301308,江波龙,eastmoney,1,BK1036,半导体,301308.SZ,myquant-strategy,2026-06-25
SZ301348,蓝箭电子,eastmoney,1,BK1036,半导体,301348.SZ,myquant-strategy,2026-06-25
SZ301369,联动科技,eastmoney,1,BK1036,半导体,301369.SZ,myquant-strategy,2026-06-25
SZ301536,星宸科技,eastmoney,1,BK1036,半导体,301536.SZ,myquant-strategy,2026-06-25
SZ301629,矽电股份,eastmoney,1,BK1036,半导体,301629.SZ,myquant-strategy,2026-06-25
SZ301678,新恒汇,eastmoney,1,BK1036,半导体,301678.SZ,myquant-strategy,2026-06-25
SZ920139,,eastmoney,1,BK1036,半导体,920139.SZ,myquant-strategy,2026-06-25
SH600130,*ST波导,eastmoney,1,BK1037,消费电子,600130.SH,myquant-strategy,2026-06-25
SH600203,福日电子,eastmoney,1,BK1037,消费电子,600203.SH,myquant-strategy,2026-06-25
SH601138,工业富联,eastmoney,1,BK1037,消费电子,601138.SH,myquant-strategy,2026-06-25
SH601231,环旭电子,eastmoney,1,BK1037,消费电子,601231.SH,myquant-strategy,2026-06-25
SH603296,华勤技术,eastmoney,1,BK1037,消费电子,603296.SH,myquant-strategy,2026-06-25
SH603327,福蓉科技,eastmoney,1,BK1037,消费电子,603327.SH,myquant-strategy,2026-06-25
SH603341,龙旗科技,eastmoney,1,BK1037,消费电子,603341.SH,myquant-strategy,2026-06-25
SH603380,易德龙,eastmoney,1,BK1037,消费电子,603380.SH,myquant-strategy,2026-06-25
SH603595,ST东尼,eastmoney,1,BK1037,消费电子,603595.SH,myquant-strategy,2026-06-25
SH603626,科森科技,eastmoney,1,BK1037,消费电子,603626.SH,myquant-strategy,2026-06-25
SH603629,利通电子,eastmoney,1,BK1037,消费电子,603629.SH,myquant-strategy,2026-06-25
SH603890,春秋电子,eastmoney,1,BK1037,消费电子,603890.SH,myquant-strategy,2026-06-25
SH605277,新亚电子,eastmoney,1,BK1037,消费电子,605277.SH,myquant-strategy,2026-06-25
SH688007,光峰科技,eastmoney,1,BK1037,消费电子,688007.SH,myquant-strategy,2026-06-25
SH688036,传音控股,eastmoney,1,BK1037,消费电子,688036.SH,myquant-strategy,2026-06-25
SH688260,昀冢科技,eastmoney,1,BK1037,消费电子,688260.SH,myquant-strategy,2026-06-25
SH688678,福立旺,eastmoney,1,BK1037,消费电子,688678.SH,myquant-strategy,2026-06-25
SH688683,莱尔科技,eastmoney,1,BK1037,消费电子,688683.SH,myquant-strategy,2026-06-25
SH688775,影石创新,eastmoney,1,BK1037,消费电子,688775.SH,myquant-strategy,2026-06-25
SZ300032,金龙机电,eastmoney,1,BK1037,消费电子,300032.SZ,myquant-strategy,2026-06-25
SZ300115,长盈精密,eastmoney,1,BK1037,消费电子,300115.SZ,myquant-strategy,2026-06-25
SZ300131,英唐智控,eastmoney,1,BK1037,消费电子,300131.SZ,myquant-strategy,2026-06-25
SZ300136,信维通信,eastmoney,1,BK1037,消费电子,300136.SZ,myquant-strategy,2026-06-25
SZ300256,星星科技,eastmoney,1,BK1037,消费电子,300256.SZ,myquant-strategy,2026-06-25
SZ300279,和晶科技,eastmoney,1,BK1037,消费电子,300279.SZ,myquant-strategy,2026-06-25
SZ300322,硕贝德,eastmoney,1,BK1037,消费电子,300322.SZ,myquant-strategy,2026-06-25
SZ300433,蓝思科技,eastmoney,1,BK1037,消费电子,300433.SZ,myquant-strategy,2026-06-25
SZ300543,朗科智能,eastmoney,1,BK1037,消费电子,300543.SZ,myquant-strategy,2026-06-25
SZ300602,飞荣达,eastmoney,1,BK1037,消费电子,300602.SZ,myquant-strategy,2026-06-25
SZ300647,超频三,eastmoney,1,BK1037,消费电子,300647.SZ,myquant-strategy,2026-06-25
SZ300679,电连技术,eastmoney,1,BK1037,消费电子,300679.SZ,myquant-strategy,2026-06-25
SZ300684,中石科技,eastmoney,1,BK1037,消费电子,300684.SZ,myquant-strategy,2026-06-25
SZ300686,智动力,eastmoney,1,BK1037,消费电子,300686.SZ,myquant-strategy,2026-06-25
SZ300709,精研科技,eastmoney,1,BK1037,消费电子,300709.SZ,myquant-strategy,2026-06-25
SZ300735,光弘科技,eastmoney,1,BK1037,消费电子,300735.SZ,myquant-strategy,2026-06-25
SZ300787,海能实业,eastmoney,1,BK1037,消费电子,300787.SZ,myquant-strategy,2026-06-25
SZ300793,佳禾智能,eastmoney,1,BK1037,消费电子,300793.SZ,myquant-strategy,2026-06-25
SZ300812,易天股份,eastmoney,1,BK1037,消费电子,300812.SZ,myquant-strategy,2026-06-25
SZ300822,贝仕达克,eastmoney,1,BK1037,消费电子,300822.SZ,myquant-strategy,2026-06-25
SZ300843,胜蓝股份,eastmoney,1,BK1037,消费电子,300843.SZ,myquant-strategy,2026-06-25
SZ300847,中船汉光,eastmoney,1,BK1037,消费电子,300847.SZ,myquant-strategy,2026-06-25
SZ300857,协创数据,eastmoney,1,BK1037,消费电子,300857.SZ,myquant-strategy,2026-06-25
SZ300866,安克创新,eastmoney,1,BK1037,消费电子,300866.SZ,myquant-strategy,2026-06-25
SZ300916,朗特智能,eastmoney,1,BK1037,消费电子,300916.SZ,myquant-strategy,2026-06-25
SZ300951,博硕科技,eastmoney,1,BK1037,消费电子,300951.SZ,myquant-strategy,2026-06-25
SZ300956,英力股份,eastmoney,1,BK1037,消费电子,300956.SZ,myquant-strategy,2026-06-25
SZ300968,格林精密,eastmoney,1,BK1037,消费电子,300968.SZ,myquant-strategy,2026-06-25
SZ300976,达瑞电子,eastmoney,1,BK1037,消费电子,300976.SZ,myquant-strategy,2026-06-25
SZ301051,信濠光电,eastmoney,1,BK1037,消费电子,301051.SZ,myquant-strategy,2026-06-25
SZ301067,显盈科技,eastmoney,1,BK1037,消费电子,301067.SZ,myquant-strategy,2026-06-25
SZ301086,鸿富瀚,eastmoney,1,BK1037,消费电子,301086.SZ,myquant-strategy,2026-06-25
SZ301123,奕东电子,eastmoney,1,BK1037,消费电子,301123.SZ,myquant-strategy,2026-06-25
SZ301135,瑞德智能,eastmoney,1,BK1037,消费电子,301135.SZ,myquant-strategy,2026-06-25
SZ301180,万祥科技,eastmoney,1,BK1037,消费电子,301180.SZ,myquant-strategy,2026-06-25
SZ301182,凯旺科技,eastmoney,1,BK1037,消费电子,301182.SZ,myquant-strategy,2026-06-25
SZ301318,维海德,eastmoney,1,BK1037,消费电子,301318.SZ,myquant-strategy,2026-06-25
SZ301326,捷邦科技,eastmoney,1,BK1037,消费电子,301326.SZ,myquant-strategy,2026-06-25
SZ301387,光大同创,eastmoney,1,BK1037,消费电子,301387.SZ,myquant-strategy,2026-06-25
SZ301486,致尚科技,eastmoney,1,BK1037,消费电子,301486.SZ,myquant-strategy,2026-06-25
SZ301489,思泉新材,eastmoney,1,BK1037,消费电子,301489.SZ,myquant-strategy,2026-06-25
SZ301491,汉桑科技,eastmoney,1,BK1037,消费电子,301491.SZ,myquant-strategy,2026-06-25
SZ301503,智迪科技,eastmoney,1,BK1037,消费电子,301503.SZ,myquant-strategy,2026-06-25
SZ301567,贝隆精密,eastmoney,1,BK1037,消费电子,301567.SZ,myquant-strategy,2026-06-25
SZ301578,辰奕智能,eastmoney,1,BK1037,消费电子,301578.SZ,myquant-strategy,2026-06-25
SZ301606,绿联科技,eastmoney,1,BK1037,消费电子,301606.SZ,myquant-strategy,2026-06-25
SZ301626,苏州天脉,eastmoney,1,BK1037,消费电子,301626.SZ,myquant-strategy,2026-06-25
SZ920005,,eastmoney,1,BK1037,消费电子,920005.SZ,myquant-strategy,2026-06-25
SZ920190,,eastmoney,1,BK1037,消费电子,920190.SZ,myquant-strategy,2026-06-25
SZ920267,,eastmoney,1,BK1037,消费电子,920267.SZ,myquant-strategy,2026-06-25
SZ920346,,eastmoney,1,BK1037,消费电子,920346.SZ,myquant-strategy,2026-06-25
SZ920876,,eastmoney,1,BK1037,消费电子,920876.SZ,myquant-strategy,2026-06-25
SH600071,凤凰光学,eastmoney,1,BK1038,光学光电子,600071.SH,myquant-strategy,2026-06-25
SH600363,联创光电,eastmoney,1,BK1038,光学光电子,600363.SH,myquant-strategy,2026-06-25
SH600552,凯盛科技,eastmoney,1,BK1038,光学光电子,600552.SH,myquant-strategy,2026-06-25
SH600651,飞乐音响,eastmoney,1,BK1038,光学光电子,600651.SH,myquant-strategy,2026-06-25
SH600666,奥瑞德,eastmoney,1,BK1038,光学光电子,600666.SH,myquant-strategy,2026-06-25
SH600703,三安光电,eastmoney,1,BK1038,光学光电子,600703.SH,myquant-strategy,2026-06-25
SH600707,彩虹股份,eastmoney,1,BK1038,光学光电子,600707.SH,myquant-strategy,2026-06-25
SH603297,永新光学,eastmoney,1,BK1038,光学光电子,603297.SH,myquant-strategy,2026-06-25
SH603679,华体科技,eastmoney,1,BK1038,光学光电子,603679.SH,myquant-strategy,2026-06-25
SH603685,晨丰科技,eastmoney,1,BK1038,光学光电子,603685.SH,myquant-strategy,2026-06-25
SH603703,盛洋科技,eastmoney,1,BK1038,光学光电子,603703.SH,myquant-strategy,2026-06-25
SH603773,沃格光电,eastmoney,1,BK1038,光学光电子,603773.SH,myquant-strategy,2026-06-25
SH605118,力鼎光电,eastmoney,1,BK1038,光学光电子,605118.SH,myquant-strategy,2026-06-25
SH605218,伟时电子,eastmoney,1,BK1038,光学光电子,605218.SH,myquant-strategy,2026-06-25
SH688010,福光股份,eastmoney,1,BK1038,光学光电子,688010.SH,myquant-strategy,2026-06-25
SH688011,新光光电,eastmoney,1,BK1038,光学光电子,688011.SH,myquant-strategy,2026-06-25
SH688055,龙腾光电,eastmoney,1,BK1038,光学光电子,688055.SH,myquant-strategy,2026-06-25
SH688079,美迪凯,eastmoney,1,BK1038,光学光电子,688079.SH,myquant-strategy,2026-06-25
SH688127,蓝特光学,eastmoney,1,BK1038,光学光电子,688127.SH,myquant-strategy,2026-06-25
SH688150,莱特光电,eastmoney,1,BK1038,光学光电子,688150.SH,myquant-strategy,2026-06-25
SH688181,八亿时空,eastmoney,1,BK1038,光学光电子,688181.SH,myquant-strategy,2026-06-25
SH688195,腾景科技,eastmoney,1,BK1038,光学光电子,688195.SH,myquant-strategy,2026-06-25
SH688205,德科立,eastmoney,1,BK1038,光学光电子,688205.SH,myquant-strategy,2026-06-25
SH688272,富吉瑞,eastmoney,1,BK1038,光学光电子,688272.SH,myquant-strategy,2026-06-25
SH688299,长阳科技,eastmoney,1,BK1038,光学光电子,688299.SH,myquant-strategy,2026-06-25
SH688307,中润光学,eastmoney,1,BK1038,光学光电子,688307.SH,myquant-strategy,2026-06-25
SH688502,茂莱光学,eastmoney,1,BK1038,光学光电子,688502.SH,myquant-strategy,2026-06-25
SH688538,和辉光电-U,eastmoney,1,BK1038,光学光电子,688538.SH,myquant-strategy,2026-06-25
SZ300076,GQY视讯,eastmoney,1,BK1038,光学光电子,300076.SZ,myquant-strategy,2026-06-25
SZ300088,长信科技,eastmoney,1,BK1038,光学光电子,300088.SZ,myquant-strategy,2026-06-25
SZ300102,乾照光电,eastmoney,1,BK1038,光学光电子,300102.SZ,myquant-strategy,2026-06-25
SZ300120,经纬辉开,eastmoney,1,BK1038,光学光电子,300120.SZ,myquant-strategy,2026-06-25
SZ300128,锦富技术,eastmoney,1,BK1038,光学光电子,300128.SZ,myquant-strategy,2026-06-25
SZ300162,雷曼光电,eastmoney,1,BK1038,光学光电子,300162.SZ,myquant-strategy,2026-06-25
SZ300219,鸿利智汇,eastmoney,1,BK1038,光学光电子,300219.SZ,myquant-strategy,2026-06-25
SZ300232,洲明科技,eastmoney,1,BK1038,光学光电子,300232.SZ,myquant-strategy,2026-06-25
SZ300241,瑞丰光电,eastmoney,1,BK1038,光学光电子,300241.SZ,myquant-strategy,2026-06-25
SZ300296,利亚德,eastmoney,1,BK1038,光学光电子,300296.SZ,myquant-strategy,2026-06-25
SZ300301,ST长方,eastmoney,1,BK1038,光学光电子,300301.SZ,myquant-strategy,2026-06-25
SZ300303,聚飞光电,eastmoney,1,BK1038,光学光电子,300303.SZ,myquant-strategy,2026-06-25
SZ300323,华灿光电,eastmoney,1,BK1038,光学光电子,300323.SZ,myquant-strategy,2026-06-25
SZ300331,苏大维格,eastmoney,1,BK1038,光学光电子,300331.SZ,myquant-strategy,2026-06-25
SZ300389,艾比森,eastmoney,1,BK1038,光学光电子,300389.SZ,myquant-strategy,2026-06-25
SZ300489,光智科技,eastmoney,1,BK1038,光学光电子,300489.SZ,myquant-strategy,2026-06-25
SZ300545,联得装备,eastmoney,1,BK1038,光学光电子,300545.SZ,myquant-strategy,2026-06-25
SZ300566,激智科技,eastmoney,1,BK1038,光学光电子,300566.SZ,myquant-strategy,2026-06-25
SZ300582,英飞特,eastmoney,1,BK1038,光学光电子,300582.SZ,myquant-strategy,2026-06-25
SZ300632,光莆股份,eastmoney,1,BK1038,光学光电子,300632.SZ,myquant-strategy,2026-06-25
SZ300650,太龙股份,eastmoney,1,BK1038,光学光电子,300650.SZ,myquant-strategy,2026-06-25
SZ300691,联合光电,eastmoney,1,BK1038,光学光电子,300691.SZ,myquant-strategy,2026-06-25
SZ300701,森霸传感,eastmoney,1,BK1038,光学光电子,300701.SZ,myquant-strategy,2026-06-25
SZ300708,聚灿光电,eastmoney,1,BK1038,光学光电子,300708.SZ,myquant-strategy,2026-06-25
SZ300752,隆利科技,eastmoney,1,BK1038,光学光电子,300752.SZ,myquant-strategy,2026-06-25
SZ300790,宇瞳光学,eastmoney,1,BK1038,光学光电子,300790.SZ,myquant-strategy,2026-06-25
SZ300808,久量股份,eastmoney,1,BK1038,光学光电子,300808.SZ,myquant-strategy,2026-06-25
SZ300889,爱克股份,eastmoney,1,BK1038,光学光电子,300889.SZ,myquant-strategy,2026-06-25
SZ300909,汇创达,eastmoney,1,BK1038,光学光电子,300909.SZ,myquant-strategy,2026-06-25
SZ300939,秋田微,eastmoney,1,BK1038,光学光电子,300939.SZ,myquant-strategy,2026-06-25
SZ300940,南极光,eastmoney,1,BK1038,光学光电子,300940.SZ,myquant-strategy,2026-06-25
SZ301045,天禄科技,eastmoney,1,BK1038,光学光电子,301045.SZ,myquant-strategy,2026-06-25
SZ301106,骏成科技,eastmoney,1,BK1038,光学光电子,301106.SZ,myquant-strategy,2026-06-25
SZ301183,东田微,eastmoney,1,BK1038,光学光电子,301183.SZ,myquant-strategy,2026-06-25
SZ301321,翰博高新,eastmoney,1,BK1038,光学光电子,301321.SZ,myquant-strategy,2026-06-25
SZ301379,天山电子,eastmoney,1,BK1038,光学光电子,301379.SZ,myquant-strategy,2026-06-25
SZ301421,波长光电,eastmoney,1,BK1038,光学光电子,301421.SZ,myquant-strategy,2026-06-25
SZ301479,弘景光电,eastmoney,1,BK1038,光学光电子,301479.SZ,myquant-strategy,2026-06-25
SZ920001,,eastmoney,1,BK1038,光学光电子,920001.SZ,myquant-strategy,2026-06-25
SH603002,宏昌电子,eastmoney,1,BK1039,电子化学品,603002.SH,myquant-strategy,2026-06-25
SH603078,江化微,eastmoney,1,BK1039,电子化学品,603078.SH,myquant-strategy,2026-06-25
SH603931,格林达,eastmoney,1,BK1039,电子化学品,603931.SH,myquant-strategy,2026-06-25
SH688019,安集科技,eastmoney,1,BK1039,电子化学品,688019.SH,myquant-strategy,2026-06-25
SH688106,金宏气体,eastmoney,1,BK1039,电子化学品,688106.SH,myquant-strategy,2026-06-25
SH688146,中船特气,eastmoney,1,BK1039,电子化学品,688146.SH,myquant-strategy,2026-06-25
SH688268,华特气体,eastmoney,1,BK1039,电子化学品,688268.SH,myquant-strategy,2026-06-25
SH688359,三孚新科,eastmoney,1,BK1039,电子化学品,688359.SH,myquant-strategy,2026-06-25
SH688545,兴福电子,eastmoney,1,BK1039,电子化学品,688545.SH,myquant-strategy,2026-06-25
SH688548,广钢气体,eastmoney,1,BK1039,电子化学品,688548.SH,myquant-strategy,2026-06-25
SH688549,中巨芯-U,eastmoney,1,BK1039,电子化学品,688549.SH,myquant-strategy,2026-06-25
SH688550,瑞联新材,eastmoney,1,BK1039,电子化学品,688550.SH,myquant-strategy,2026-06-25
SH688603,天承科技,eastmoney,1,BK1039,电子化学品,688603.SH,myquant-strategy,2026-06-25
SZ300054,鼎龙股份,eastmoney,1,BK1039,电子化学品,300054.SZ,myquant-strategy,2026-06-25
SZ300236,上海新阳,eastmoney,1,BK1039,电子化学品,300236.SZ,myquant-strategy,2026-06-25
SZ300346,南大光电,eastmoney,1,BK1039,电子化学品,300346.SZ,myquant-strategy,2026-06-25
SZ300398,飞凯材料,eastmoney,1,BK1039,电子化学品,300398.SZ,myquant-strategy,2026-06-25
SZ300429,强力新材,eastmoney,1,BK1039,电子化学品,300429.SZ,myquant-strategy,2026-06-25
SZ300481,濮阳惠成,eastmoney,1,BK1039,电子化学品,300481.SZ,myquant-strategy,2026-06-25
SZ300537,广信材料,eastmoney,1,BK1039,电子化学品,300537.SZ,myquant-strategy,2026-06-25
SZ300576,容大感光,eastmoney,1,BK1039,电子化学品,300576.SZ,myquant-strategy,2026-06-25
SZ300655,晶瑞电材,eastmoney,1,BK1039,电子化学品,300655.SZ,myquant-strategy,2026-06-25
SZ301630,同宇新材,eastmoney,1,BK1039,电子化学品,301630.SZ,myquant-strategy,2026-06-25
SH600080,金花股份,eastmoney,1,BK1040,中药,600080.SH,myquant-strategy,2026-06-25
SH600085,同仁堂,eastmoney,1,BK1040,中药,600085.SH,myquant-strategy,2026-06-25
SH600129,太极集团,eastmoney,1,BK1040,中药,600129.SH,myquant-strategy,2026-06-25
SH600222,太龙药业,eastmoney,1,BK1040,中药,600222.SH,myquant-strategy,2026-06-25
SH600252,中恒集团,eastmoney,1,BK1040,中药,600252.SH,myquant-strategy,2026-06-25
SH600285,羚锐制药,eastmoney,1,BK1040,中药,600285.SH,myquant-strategy,2026-06-25
SH600329,达仁堂,eastmoney,1,BK1040,中药,600329.SH,myquant-strategy,2026-06-25
SH600332,白云山,eastmoney,1,BK1040,中药,600332.SH,myquant-strategy,2026-06-25
SH600351,XD亚宝药,eastmoney,1,BK1040,中药,600351.SH,myquant-strategy,2026-06-25
SH600422,昆药集团,eastmoney,1,BK1040,中药,600422.SH,myquant-strategy,2026-06-25
SH600436,片仔癀,eastmoney,1,BK1040,中药,600436.SH,myquant-strategy,2026-06-25
SH600479,千金药业,eastmoney,1,BK1040,中药,600479.SH,myquant-strategy,2026-06-25
SH600518,康美药业,eastmoney,1,BK1040,中药,600518.SH,myquant-strategy,2026-06-25
SH600535,天士力,eastmoney,1,BK1040,中药,600535.SH,myquant-strategy,2026-06-25
SH600557,康缘药业,eastmoney,1,BK1040,中药,600557.SH,myquant-strategy,2026-06-25
SH600566,济川药业,eastmoney,1,BK1040,中药,600566.SH,myquant-strategy,2026-06-25
SH600572,康恩贝,eastmoney,1,BK1040,中药,600572.SH,myquant-strategy,2026-06-25
SH600594,益佰制药,eastmoney,1,BK1040,中药,600594.SH,myquant-strategy,2026-06-25
SH600671,天目药业,eastmoney,1,BK1040,中药,600671.SH,myquant-strategy,2026-06-25
SH600750,华润江中,eastmoney,1,BK1040,中药,600750.SH,myquant-strategy,2026-06-25
SH600771,广誉远,eastmoney,1,BK1040,中药,600771.SH,myquant-strategy,2026-06-25
SH600976,健民集团,eastmoney,1,BK1040,中药,600976.SH,myquant-strategy,2026-06-25
SH600993,马应龙,eastmoney,1,BK1040,中药,600993.SH,myquant-strategy,2026-06-25
SH603139,康惠股份,eastmoney,1,BK1040,中药,603139.SH,myquant-strategy,2026-06-25
SH603439,三力制药,eastmoney,1,BK1040,中药,603439.SH,myquant-strategy,2026-06-25
SH603567,珍宝岛,eastmoney,1,BK1040,中药,603567.SH,myquant-strategy,2026-06-25
SH603858,步长制药,eastmoney,1,BK1040,中药,603858.SH,myquant-strategy,2026-06-25
SH603896,寿仙谷,eastmoney,1,BK1040,中药,603896.SH,myquant-strategy,2026-06-25
SH603998,方盛制药,eastmoney,1,BK1040,中药,603998.SH,myquant-strategy,2026-06-25
SH605199,ST葫芦娃,eastmoney,1,BK1040,中药,605199.SH,myquant-strategy,2026-06-25
SZ300026,红日药业,eastmoney,1,BK1040,中药,300026.SZ,myquant-strategy,2026-06-25
SZ300039,上海凯宝,eastmoney,1,BK1040,中药,300039.SZ,myquant-strategy,2026-06-25
SZ300147,ST香雪,eastmoney,1,BK1040,中药,300147.SZ,myquant-strategy,2026-06-25
SZ300181,佐力药业,eastmoney,1,BK1040,中药,300181.SZ,myquant-strategy,2026-06-25
SZ300391,*ST长药,eastmoney,1,BK1040,中药,300391.SZ,myquant-strategy,2026-06-25
SZ300519,新光药业,eastmoney,1,BK1040,中药,300519.SZ,myquant-strategy,2026-06-25
SZ300534,陇神戎发,eastmoney,1,BK1040,中药,300534.SZ,myquant-strategy,2026-06-25
SZ300878,维康药业,eastmoney,1,BK1040,中药,300878.SZ,myquant-strategy,2026-06-25
SZ301111,粤万年青,eastmoney,1,BK1040,中药,301111.SZ,myquant-strategy,2026-06-25
SZ301331,恩威医药,eastmoney,1,BK1040,中药,301331.SZ,myquant-strategy,2026-06-25
SZ920266,,eastmoney,1,BK1040,中药,920266.SZ,myquant-strategy,2026-06-25
SZ920433,,eastmoney,1,BK1040,中药,920433.SZ,myquant-strategy,2026-06-25
SH600055,万东医疗,eastmoney,1,BK1041,医疗器械,600055.SH,myquant-strategy,2026-06-25
SH600529,山东药玻,eastmoney,1,BK1041,医疗器械,600529.SH,myquant-strategy,2026-06-25
SH600587,新华医疗,eastmoney,1,BK1041,医疗器械,600587.SH,myquant-strategy,2026-06-25
SH600807,济高发展,eastmoney,1,BK1041,医疗器械,600807.SH,myquant-strategy,2026-06-25
SH603014,威高血净,eastmoney,1,BK1041,医疗器械,603014.SH,myquant-strategy,2026-06-25
SH603205,健尔康,eastmoney,1,BK1041,医疗器械,603205.SH,myquant-strategy,2026-06-25
SH603301,振德医疗,eastmoney,1,BK1041,医疗器械,603301.SH,myquant-strategy,2026-06-25
SH603309,维力医疗,eastmoney,1,BK1041,医疗器械,603309.SH,myquant-strategy,2026-06-25
SH603387,基蛋生物,eastmoney,1,BK1041,医疗器械,603387.SH,myquant-strategy,2026-06-25
SH603658,安图生物,eastmoney,1,BK1041,医疗器械,603658.SH,myquant-strategy,2026-06-25
SH603718,海利生物,eastmoney,1,BK1041,医疗器械,603718.SH,myquant-strategy,2026-06-25
SH603880,南卫股份,eastmoney,1,BK1041,医疗器械,603880.SH,myquant-strategy,2026-06-25
SH603976,正川股份,eastmoney,1,BK1041,医疗器械,603976.SH,myquant-strategy,2026-06-25
SH603987,康德莱,eastmoney,1,BK1041,医疗器械,603987.SH,myquant-strategy,2026-06-25
SH605369,拱东医疗,eastmoney,1,BK1041,医疗器械,605369.SH,myquant-strategy,2026-06-25
SH688013,天臣医疗,eastmoney,1,BK1041,医疗器械,688013.SH,myquant-strategy,2026-06-25
SH688016,心脉医疗,eastmoney,1,BK1041,医疗器械,688016.SH,myquant-strategy,2026-06-25
SH688029,南微医学,eastmoney,1,BK1041,医疗器械,688029.SH,myquant-strategy,2026-06-25
SH688050,爱博医疗,eastmoney,1,BK1041,医疗器械,688050.SH,myquant-strategy,2026-06-25
SH688067,爱威科技,eastmoney,1,BK1041,医疗器械,688067.SH,myquant-strategy,2026-06-25
SH688068,热景生物,eastmoney,1,BK1041,医疗器械,688068.SH,myquant-strategy,2026-06-25
SH688075,安旭生物,eastmoney,1,BK1041,医疗器械,688075.SH,myquant-strategy,2026-06-25
SH688085,三友医疗,eastmoney,1,BK1041,医疗器械,688085.SH,myquant-strategy,2026-06-25
SH688105,诺唯赞,eastmoney,1,BK1041,医疗器械,688105.SH,myquant-strategy,2026-06-25
SH688108,赛诺医疗,eastmoney,1,BK1041,医疗器械,688108.SH,myquant-strategy,2026-06-25
SH688114,华大智造,eastmoney,1,BK1041,医疗器械,688114.SH,myquant-strategy,2026-06-25
SH688139,海尔生物,eastmoney,1,BK1041,医疗器械,688139.SH,myquant-strategy,2026-06-25
SH688161,威高骨科,eastmoney,1,BK1041,医疗器械,688161.SH,myquant-strategy,2026-06-25
SH688198,佰仁医疗,eastmoney,1,BK1041,医疗器械,688198.SH,myquant-strategy,2026-06-25
SH688212,澳华内镜,eastmoney,1,BK1041,医疗器械,688212.SH,myquant-strategy,2026-06-25
SH688217,睿昂基因,eastmoney,1,BK1041,医疗器械,688217.SH,myquant-strategy,2026-06-25
SH688236,春立医疗,eastmoney,1,BK1041,医疗器械,688236.SH,myquant-strategy,2026-06-25
SH688271,联影医疗,eastmoney,1,BK1041,医疗器械,688271.SH,myquant-strategy,2026-06-25
SH688273,麦澜德,eastmoney,1,BK1041,医疗器械,688273.SH,myquant-strategy,2026-06-25
SH688277,天智航-U,eastmoney,1,BK1041,医疗器械,688277.SH,myquant-strategy,2026-06-25
SH688289,圣湘生物,eastmoney,1,BK1041,医疗器械,688289.SH,myquant-strategy,2026-06-25
SH688298,东方生物,eastmoney,1,BK1041,医疗器械,688298.SH,myquant-strategy,2026-06-25
SH688301,奕瑞科技,eastmoney,1,BK1041,医疗器械,688301.SH,myquant-strategy,2026-06-25
SH688314,康拓医疗,eastmoney,1,BK1041,医疗器械,688314.SH,myquant-strategy,2026-06-25
SH688317,之江生物,eastmoney,1,BK1041,医疗器械,688317.SH,myquant-strategy,2026-06-25
SH688338,赛科希德,eastmoney,1,BK1041,医疗器械,688338.SH,myquant-strategy,2026-06-25
SH688351,微电生理,eastmoney,1,BK1041,医疗器械,688351.SH,myquant-strategy,2026-06-25
SH688358,祥生医疗,eastmoney,1,BK1041,医疗器械,688358.SH,myquant-strategy,2026-06-25
SH688366,昊海生科,eastmoney,1,BK1041,医疗器械,688366.SH,myquant-strategy,2026-06-25
SH688389,普门科技,eastmoney,1,BK1041,医疗器械,688389.SH,myquant-strategy,2026-06-25
SH688393,安必平,eastmoney,1,BK1041,医疗器械,688393.SH,myquant-strategy,2026-06-25
SH688399,硕世生物,eastmoney,1,BK1041,医疗器械,688399.SH,myquant-strategy,2026-06-25
SH688410,山外山,eastmoney,1,BK1041,医疗器械,688410.SH,myquant-strategy,2026-06-25
SH688468,科美诊断,eastmoney,1,BK1041,医疗器械,688468.SH,myquant-strategy,2026-06-25
SH688575,亚辉龙,eastmoney,1,BK1041,医疗器械,688575.SH,myquant-strategy,2026-06-25
SH688576,西山科技,eastmoney,1,BK1041,医疗器械,688576.SH,myquant-strategy,2026-06-25
SH688580,伟思医疗,eastmoney,1,BK1041,医疗器械,688580.SH,myquant-strategy,2026-06-25
SH688581,安杰思,eastmoney,1,BK1041,医疗器械,688581.SH,myquant-strategy,2026-06-25
SH688606,奥泰生物,eastmoney,1,BK1041,医疗器械,688606.SH,myquant-strategy,2026-06-25
SH688607,康众医疗,eastmoney,1,BK1041,医疗器械,688607.SH,myquant-strategy,2026-06-25
SH688613,奥精医疗,eastmoney,1,BK1041,医疗器械,688613.SH,myquant-strategy,2026-06-25
SH688617,惠泰医疗,eastmoney,1,BK1041,医疗器械,688617.SH,myquant-strategy,2026-06-25
SH688626,翔宇医疗,eastmoney,1,BK1041,医疗器械,688626.SH,myquant-strategy,2026-06-25
SH688656,浩欧博,eastmoney,1,BK1041,医疗器械,688656.SH,myquant-strategy,2026-06-25
SH688677,海泰新光,eastmoney,1,BK1041,医疗器械,688677.SH,myquant-strategy,2026-06-25
SH688767,博拓生物,eastmoney,1,BK1041,医疗器械,688767.SH,myquant-strategy,2026-06-25
SZ300003,乐普医疗,eastmoney,1,BK1041,医疗器械,300003.SZ,myquant-strategy,2026-06-25
SZ300030,阳普医疗,eastmoney,1,BK1041,医疗器械,300030.SZ,myquant-strategy,2026-06-25
SZ300049,福瑞医科,eastmoney,1,BK1041,医疗器械,300049.SZ,myquant-strategy,2026-06-25
SZ300171,东富龙,eastmoney,1,BK1041,医疗器械,300171.SZ,myquant-strategy,2026-06-25
SZ300206,理邦仪器,eastmoney,1,BK1041,医疗器械,300206.SZ,myquant-strategy,2026-06-25
SZ300238,冠昊生物,eastmoney,1,BK1041,医疗器械,300238.SZ,myquant-strategy,2026-06-25
SZ300246,宝莱特,eastmoney,1,BK1041,医疗器械,300246.SZ,myquant-strategy,2026-06-25
SZ300289,利德曼,eastmoney,1,BK1041,医疗器械,300289.SZ,myquant-strategy,2026-06-25
SZ300298,三诺生物,eastmoney,1,BK1041,医疗器械,300298.SZ,myquant-strategy,2026-06-25
SZ300314,戴维医疗,eastmoney,1,BK1041,医疗器械,300314.SZ,myquant-strategy,2026-06-25
SZ300318,博晖创新,eastmoney,1,BK1041,医疗器械,300318.SZ,myquant-strategy,2026-06-25
SZ300326,ST凯利,eastmoney,1,BK1041,医疗器械,300326.SZ,myquant-strategy,2026-06-25
SZ300358,楚天科技,eastmoney,1,BK1041,医疗器械,300358.SZ,myquant-strategy,2026-06-25
SZ300396,迪瑞医疗,eastmoney,1,BK1041,医疗器械,300396.SZ,myquant-strategy,2026-06-25
SZ300406,九强生物,eastmoney,1,BK1041,医疗器械,300406.SZ,myquant-strategy,2026-06-25
SZ300439,美康生物,eastmoney,1,BK1041,医疗器械,300439.SZ,myquant-strategy,2026-06-25
SZ300453,三鑫医疗,eastmoney,1,BK1041,医疗器械,300453.SZ,myquant-strategy,2026-06-25
SZ300463,迈克生物,eastmoney,1,BK1041,医疗器械,300463.SZ,myquant-strategy,2026-06-25
SZ300482,万孚生物,eastmoney,1,BK1041,医疗器械,300482.SZ,myquant-strategy,2026-06-25
SZ300529,健帆生物,eastmoney,1,BK1041,医疗器械,300529.SZ,myquant-strategy,2026-06-25
SZ300562,乐心医疗,eastmoney,1,BK1041,医疗器械,300562.SZ,myquant-strategy,2026-06-25
SZ300595,欧普康视,eastmoney,1,BK1041,医疗器械,300595.SZ,myquant-strategy,2026-06-25
SZ300633,开立医疗,eastmoney,1,BK1041,医疗器械,300633.SZ,myquant-strategy,2026-06-25
SZ300639,凯普生物,eastmoney,1,BK1041,医疗器械,300639.SZ,myquant-strategy,2026-06-25
SZ300642,透景生命,eastmoney,1,BK1041,医疗器械,300642.SZ,myquant-strategy,2026-06-25
SZ300653,正海生物,eastmoney,1,BK1041,医疗器械,300653.SZ,myquant-strategy,2026-06-25
SZ300676,华大基因,eastmoney,1,BK1041,医疗器械,300676.SZ,myquant-strategy,2026-06-25
SZ300677,英科医疗,eastmoney,1,BK1041,医疗器械,300677.SZ,myquant-strategy,2026-06-25
SZ300685,艾德生物,eastmoney,1,BK1041,医疗器械,300685.SZ,myquant-strategy,2026-06-25
SZ300753,爱朋医疗,eastmoney,1,BK1041,医疗器械,300753.SZ,myquant-strategy,2026-06-25
SZ300760,迈瑞医疗,eastmoney,1,BK1041,医疗器械,300760.SZ,myquant-strategy,2026-06-25
SZ300813,泰林生物,eastmoney,1,BK1041,医疗器械,300813.SZ,myquant-strategy,2026-06-25
SZ300832,新产业,eastmoney,1,BK1041,医疗器械,300832.SZ,myquant-strategy,2026-06-25
SZ300869,康泰医学,eastmoney,1,BK1041,医疗器械,300869.SZ,myquant-strategy,2026-06-25
SZ300981,中红医疗,eastmoney,1,BK1041,医疗器械,300981.SZ,myquant-strategy,2026-06-25
SZ301060,兰卫医学,eastmoney,1,BK1041,医疗器械,301060.SZ,myquant-strategy,2026-06-25
SZ301087,可孚医疗,eastmoney,1,BK1041,医疗器械,301087.SZ,myquant-strategy,2026-06-25
SZ301093,华兰股份,eastmoney,1,BK1041,医疗器械,301093.SZ,myquant-strategy,2026-06-25
SZ301097,天益医疗,eastmoney,1,BK1041,医疗器械,301097.SZ,myquant-strategy,2026-06-25
SZ301122,采纳股份,eastmoney,1,BK1041,医疗器械,301122.SZ,myquant-strategy,2026-06-25
SZ301234,五洲医疗,eastmoney,1,BK1041,医疗器械,301234.SZ,myquant-strategy,2026-06-25
SZ301290,东星医疗,eastmoney,1,BK1041,医疗器械,301290.SZ,myquant-strategy,2026-06-25
SZ301363,美好医疗,eastmoney,1,BK1041,医疗器械,301363.SZ,myquant-strategy,2026-06-25
SZ301367,瑞迈特,eastmoney,1,BK1041,医疗器械,301367.SZ,myquant-strategy,2026-06-25
SZ301515,港通医疗,eastmoney,1,BK1041,医疗器械,301515.SZ,myquant-strategy,2026-06-25
SZ301580,爱迪特,eastmoney,1,BK1041,医疗器械,301580.SZ,myquant-strategy,2026-06-25
SZ301602,超研股份,eastmoney,1,BK1041,医疗器械,301602.SZ,myquant-strategy,2026-06-25
SZ920199,,eastmoney,1,BK1041,医疗器械,920199.SZ,myquant-strategy,2026-06-25
SZ920278,,eastmoney,1,BK1041,医疗器械,920278.SZ,myquant-strategy,2026-06-25
SZ920300,,eastmoney,1,BK1041,医疗器械,920300.SZ,myquant-strategy,2026-06-25
SZ920925,,eastmoney,1,BK1041,医疗器械,920925.SZ,myquant-strategy,2026-06-25
SH600056,中国医药,eastmoney,1,BK1042,医药商业,600056.SH,myquant-strategy,2026-06-25
SH600272,开开实业,eastmoney,1,BK1042,医药商业,600272.SH,myquant-strategy,2026-06-25
SH600511,国药股份,eastmoney,1,BK1042,医药商业,600511.SH,myquant-strategy,2026-06-25
SH600713,南京医药,eastmoney,1,BK1042,医药商业,600713.SH,myquant-strategy,2026-06-25
SH600829,人民同泰,eastmoney,1,BK1042,医药商业,600829.SH,myquant-strategy,2026-06-25
SH600833,第一医药,eastmoney,1,BK1042,医药商业,600833.SH,myquant-strategy,2026-06-25
SH600998,九州通,eastmoney,1,BK1042,医药商业,600998.SH,myquant-strategy,2026-06-25
SH601607,上海医药,eastmoney,1,BK1042,医药商业,601607.SH,myquant-strategy,2026-06-25
SH603122,合富中国,eastmoney,1,BK1042,医药商业,603122.SH,myquant-strategy,2026-06-25
SH603233,大参林,eastmoney,1,BK1042,医药商业,603233.SH,myquant-strategy,2026-06-25
SH603368,柳药集团,eastmoney,1,BK1042,医药商业,603368.SH,myquant-strategy,2026-06-25
SH603716,塞力医疗,eastmoney,1,BK1042,医药商业,603716.SH,myquant-strategy,2026-06-25
SH603883,老百姓,eastmoney,1,BK1042,医药商业,603883.SH,myquant-strategy,2026-06-25
SH603939,益丰药房,eastmoney,1,BK1042,医药商业,603939.SH,myquant-strategy,2026-06-25
SH605266,健之佳,eastmoney,1,BK1042,医药商业,605266.SH,myquant-strategy,2026-06-25
SZ300937,药易购,eastmoney,1,BK1042,医药商业,300937.SZ,myquant-strategy,2026-06-25
SZ301015,百洋医药,eastmoney,1,BK1042,医药商业,301015.SZ,myquant-strategy,2026-06-25
SZ301017,漱玉平民,eastmoney,1,BK1042,医药商业,301017.SZ,myquant-strategy,2026-06-25
SZ301126,达嘉维康,eastmoney,1,BK1042,医药商业,301126.SZ,myquant-strategy,2026-06-25
SZ301263,泰恩康,eastmoney,1,BK1042,医药商业,301263.SZ,myquant-strategy,2026-06-25
SZ301408,华人健康,eastmoney,1,BK1042,医药商业,301408.SZ,myquant-strategy,2026-06-25
SZ301584,建发致新,eastmoney,1,BK1042,医药商业,301584.SZ,myquant-strategy,2026-06-25
SZ900943,,eastmoney,1,BK1042,医药商业,900943.SZ,myquant-strategy,2026-06-25
SH600662,外服控股,eastmoney,1,BK1043,专业服务,600662.SH,myquant-strategy,2026-06-25
SH600861,北京人力,eastmoney,1,BK1043,专业服务,600861.SH,myquant-strategy,2026-06-25
SH603060,国检集团,eastmoney,1,BK1043,专业服务,603060.SH,myquant-strategy,2026-06-25
SH603183,建研院,eastmoney,1,BK1043,专业服务,603183.SH,myquant-strategy,2026-06-25
SH603373,安邦护卫,eastmoney,1,BK1043,专业服务,603373.SH,myquant-strategy,2026-06-25
SH603698,航天工程,eastmoney,1,BK1043,专业服务,603698.SH,myquant-strategy,2026-06-25
SH603776,永安行,eastmoney,1,BK1043,专业服务,603776.SH,myquant-strategy,2026-06-25
SH688133,泰坦科技,eastmoney,1,BK1043,专业服务,688133.SH,myquant-strategy,2026-06-25
SH688293,奥浦迈,eastmoney,1,BK1043,专业服务,688293.SH,myquant-strategy,2026-06-25
SH688334,西高院,eastmoney,1,BK1043,专业服务,688334.SH,myquant-strategy,2026-06-25
SH688757,胜科纳米,eastmoney,1,BK1043,专业服务,688757.SH,myquant-strategy,2026-06-25
SZ300012,华测检测,eastmoney,1,BK1043,专业服务,300012.SZ,myquant-strategy,2026-06-25
SZ300215,电科院,eastmoney,1,BK1043,专业服务,300215.SZ,myquant-strategy,2026-06-25
SZ300384,三联虹普,eastmoney,1,BK1043,专业服务,300384.SZ,myquant-strategy,2026-06-25
SZ300416,苏试试验,eastmoney,1,BK1043,专业服务,300416.SZ,myquant-strategy,2026-06-25
SZ300572,安车检测,eastmoney,1,BK1043,专业服务,300572.SZ,myquant-strategy,2026-06-25
SZ300662,科锐国际,eastmoney,1,BK1043,专业服务,300662.SZ,myquant-strategy,2026-06-25
SZ300797,钢研纳克,eastmoney,1,BK1043,专业服务,300797.SZ,myquant-strategy,2026-06-25
SZ300887,谱尼测试,eastmoney,1,BK1043,专业服务,300887.SZ,myquant-strategy,2026-06-25
SZ300938,信测标准,eastmoney,1,BK1043,专业服务,300938.SZ,myquant-strategy,2026-06-25
SZ300947,德必集团,eastmoney,1,BK1043,专业服务,300947.SZ,myquant-strategy,2026-06-25
SZ300962,中金辐照,eastmoney,1,BK1043,专业服务,300962.SZ,myquant-strategy,2026-06-25
SZ301115,联检科技,eastmoney,1,BK1043,专业服务,301115.SZ,myquant-strategy,2026-06-25
SZ301169,零点有数,eastmoney,1,BK1043,专业服务,301169.SZ,myquant-strategy,2026-06-25
SZ301228,实朴检测,eastmoney,1,BK1043,专业服务,301228.SZ,myquant-strategy,2026-06-25
SZ301289,国缆检测,eastmoney,1,BK1043,专业服务,301289.SZ,myquant-strategy,2026-06-25
SZ301306,西测测试,eastmoney,1,BK1043,专业服务,301306.SZ,myquant-strategy,2026-06-25
SZ301508,中机认检,eastmoney,1,BK1043,专业服务,301508.SZ,myquant-strategy,2026-06-25
SZ301632,广东建科,eastmoney,1,BK1043,专业服务,301632.SZ,myquant-strategy,2026-06-25
SZ920039,,eastmoney,1,BK1043,专业服务,920039.SZ,myquant-strategy,2026-06-25
SZ920099,,eastmoney,1,BK1043,专业服务,920099.SZ,myquant-strategy,2026-06-25
SZ920122,,eastmoney,1,BK1043,专业服务,920122.SZ,myquant-strategy,2026-06-25
SZ920208,,eastmoney,1,BK1043,专业服务,920208.SZ,myquant-strategy,2026-06-25
SZ920753,,eastmoney,1,BK1043,专业服务,920753.SZ,myquant-strategy,2026-06-25
SH600161,天坛生物,eastmoney,1,BK1044,生物制品,600161.SH,myquant-strategy,2026-06-25
SH600211,西藏药业,eastmoney,1,BK1044,生物制品,600211.SH,myquant-strategy,2026-06-25
SH600223,福瑞达,eastmoney,1,BK1044,生物制品,600223.SH,myquant-strategy,2026-06-25
SH600645,中源协和,eastmoney,1,BK1044,生物制品,600645.SH,myquant-strategy,2026-06-25
SH600867,通化东宝,eastmoney,1,BK1044,生物制品,600867.SH,myquant-strategy,2026-06-25
SH603087,甘李药业,eastmoney,1,BK1044,生物制品,603087.SH,myquant-strategy,2026-06-25
SH603392,万泰生物,eastmoney,1,BK1044,生物制品,603392.SH,myquant-strategy,2026-06-25
SH603590,康辰药业,eastmoney,1,BK1044,生物制品,603590.SH,myquant-strategy,2026-06-25
SH688046,药康生物,eastmoney,1,BK1044,生物制品,688046.SH,myquant-strategy,2026-06-25
SH688062,迈威生物-U,eastmoney,1,BK1044,生物制品,688062.SH,myquant-strategy,2026-06-25
SH688073,毕得医药,eastmoney,1,BK1044,生物制品,688073.SH,myquant-strategy,2026-06-25
SH688136,科兴制药,eastmoney,1,BK1044,生物制品,688136.SH,myquant-strategy,2026-06-25
SH688137,近岸蛋白,eastmoney,1,BK1044,生物制品,688137.SH,myquant-strategy,2026-06-25
SH688163,赛伦生物,eastmoney,1,BK1044,生物制品,688163.SH,myquant-strategy,2026-06-25
SH688176,亚虹医药-U,eastmoney,1,BK1044,生物制品,688176.SH,myquant-strategy,2026-06-25
SH688177,百奥泰,eastmoney,1,BK1044,生物制品,688177.SH,myquant-strategy,2026-06-25
SH688180,君实生物-U,eastmoney,1,BK1044,生物制品,688180.SH,myquant-strategy,2026-06-25
SH688185,康希诺,eastmoney,1,BK1044,生物制品,688185.SH,myquant-strategy,2026-06-25
SH688193,仁度生物,eastmoney,1,BK1044,生物制品,688193.SH,myquant-strategy,2026-06-25
SH688197,首药控股-U,eastmoney,1,BK1044,生物制品,688197.SH,myquant-strategy,2026-06-25
SH688235,百济神州-U,eastmoney,1,BK1044,生物制品,688235.SH,myquant-strategy,2026-06-25
SH688253,英诺特,eastmoney,1,BK1044,生物制品,688253.SH,myquant-strategy,2026-06-25
SH688265,南模生物,eastmoney,1,BK1044,生物制品,688265.SH,myquant-strategy,2026-06-25
SH688276,百克生物,eastmoney,1,BK1044,生物制品,688276.SH,myquant-strategy,2026-06-25
SH688278,特宝生物,eastmoney,1,BK1044,生物制品,688278.SH,myquant-strategy,2026-06-25
SH688302,海创药业-U,eastmoney,1,BK1044,生物制品,688302.SH,myquant-strategy,2026-06-25
SH688319,欧林生物,eastmoney,1,BK1044,生物制品,688319.SH,myquant-strategy,2026-06-25
SH688331,荣昌生物,eastmoney,1,BK1044,生物制品,688331.SH,myquant-strategy,2026-06-25
SH688336,三生国健,eastmoney,1,BK1044,生物制品,688336.SH,myquant-strategy,2026-06-25
SH688373,盟科药业-U,eastmoney,1,BK1044,生物制品,688373.SH,myquant-strategy,2026-06-25
SH688382,益方生物-U,eastmoney,1,BK1044,生物制品,688382.SH,myquant-strategy,2026-06-25
SH688426,康为世纪,eastmoney,1,BK1044,生物制品,688426.SH,myquant-strategy,2026-06-25
SH688428,诺诚健华-U,eastmoney,1,BK1044,生物制品,688428.SH,myquant-strategy,2026-06-25
SH688443,智翔金泰-U,eastmoney,1,BK1044,生物制品,688443.SH,myquant-strategy,2026-06-25
SH688488,艾迪药业,eastmoney,1,BK1044,生物制品,688488.SH,myquant-strategy,2026-06-25
SH688506,百利天恒,eastmoney,1,BK1044,生物制品,688506.SH,myquant-strategy,2026-06-25
SH688520,神州细胞,eastmoney,1,BK1044,生物制品,688520.SH,myquant-strategy,2026-06-25
SH688687,凯因科技,eastmoney,1,BK1044,生物制品,688687.SH,myquant-strategy,2026-06-25
SH688710,益诺思,eastmoney,1,BK1044,生物制品,688710.SH,myquant-strategy,2026-06-25
SH688739,成大生物,eastmoney,1,BK1044,生物制品,688739.SH,myquant-strategy,2026-06-25
SH688759,必贝特-U,eastmoney,1,BK1044,生物制品,688759.SH,myquant-strategy,2026-06-25
SH688765,禾元生物-U,eastmoney,1,BK1044,生物制品,688765.SH,myquant-strategy,2026-06-25
SZ300009,安科生物,eastmoney,1,BK1044,生物制品,300009.SZ,myquant-strategy,2026-06-25
SZ300122,智飞生物,eastmoney,1,BK1044,生物制品,300122.SZ,myquant-strategy,2026-06-25
SZ300142,沃森生物,eastmoney,1,BK1044,生物制品,300142.SZ,myquant-strategy,2026-06-25
SZ300204,舒泰神,eastmoney,1,BK1044,生物制品,300204.SZ,myquant-strategy,2026-06-25
SZ300239,东宝生物,eastmoney,1,BK1044,生物制品,300239.SZ,myquant-strategy,2026-06-25
SZ300294,博雅生物,eastmoney,1,BK1044,生物制品,300294.SZ,myquant-strategy,2026-06-25
SZ300357,我武生物,eastmoney,1,BK1044,生物制品,300357.SZ,myquant-strategy,2026-06-25
SZ300485,赛升药业,eastmoney,1,BK1044,生物制品,300485.SZ,myquant-strategy,2026-06-25
SZ300601,康泰生物,eastmoney,1,BK1044,生物制品,300601.SZ,myquant-strategy,2026-06-25
SZ300683,海特生物,eastmoney,1,BK1044,生物制品,300683.SZ,myquant-strategy,2026-06-25
SZ300841,康华生物,eastmoney,1,BK1044,生物制品,300841.SZ,myquant-strategy,2026-06-25
SZ301047,义翘神州,eastmoney,1,BK1044,生物制品,301047.SZ,myquant-strategy,2026-06-25
SZ301166,优宁维,eastmoney,1,BK1044,生物制品,301166.SZ,myquant-strategy,2026-06-25
SZ301207,华兰疫苗,eastmoney,1,BK1044,生物制品,301207.SZ,myquant-strategy,2026-06-25
SZ301230,泓博医药,eastmoney,1,BK1044,生物制品,301230.SZ,myquant-strategy,2026-06-25
SZ301301,川宁生物,eastmoney,1,BK1044,生物制品,301301.SZ,myquant-strategy,2026-06-25
SZ301393,昊帆生物,eastmoney,1,BK1044,生物制品,301393.SZ,myquant-strategy,2026-06-25
SZ301509,金凯生科,eastmoney,1,BK1044,生物制品,301509.SZ,myquant-strategy,2026-06-25
SZ920047,,eastmoney,1,BK1044,生物制品,920047.SZ,myquant-strategy,2026-06-25
SZ920230,,eastmoney,1,BK1044,生物制品,920230.SZ,myquant-strategy,2026-06-25
SZ920344,,eastmoney,1,BK1044,生物制品,920344.SZ,myquant-strategy,2026-06-25
SZ920575,,eastmoney,1,BK1044,生物制品,920575.SZ,myquant-strategy,2026-06-25
SZ920729,,eastmoney,1,BK1044,生物制品,920729.SZ,myquant-strategy,2026-06-25
SZ920982,,eastmoney,1,BK1044,生物制品,920982.SZ,myquant-strategy,2026-06-25
SH600239,云南城投,eastmoney,1,BK1045,房地产服务,600239.SH,myquant-strategy,2026-06-25
SH600604,市北高新,eastmoney,1,BK1045,房地产服务,600604.SH,myquant-strategy,2026-06-25
SH600605,汇通能源,eastmoney,1,BK1045,房地产服务,600605.SH,myquant-strategy,2026-06-25
SH600658,电子城,eastmoney,1,BK1045,房地产服务,600658.SH,myquant-strategy,2026-06-25
SH600684,珠江股份,eastmoney,1,BK1045,房地产服务,600684.SH,myquant-strategy,2026-06-25
SH601588,北辰实业,eastmoney,1,BK1045,房地产服务,601588.SH,myquant-strategy,2026-06-25
SH603506,南都物业,eastmoney,1,BK1045,房地产服务,603506.SH,myquant-strategy,2026-06-25
SH603682,锦和商管,eastmoney,1,BK1045,房地产服务,603682.SH,myquant-strategy,2026-06-25
SZ300917,特发服务,eastmoney,1,BK1045,房地产服务,300917.SZ,myquant-strategy,2026-06-25
SH600633,浙数文化,eastmoney,1,BK1046,游戏,600633.SH,myquant-strategy,2026-06-25
SH600715,文投控股,eastmoney,1,BK1046,游戏,600715.SH,myquant-strategy,2026-06-25
SH600892,*ST大晟,eastmoney,1,BK1046,游戏,600892.SH,myquant-strategy,2026-06-25
SH603258,电魂网络,eastmoney,1,BK1046,游戏,603258.SH,myquant-strategy,2026-06-25
SH603444,吉比特,eastmoney,1,BK1046,游戏,603444.SH,myquant-strategy,2026-06-25
SZ300002,神州泰岳,eastmoney,1,BK1046,游戏,300002.SZ,myquant-strategy,2026-06-25
SZ300031,宝通科技,eastmoney,1,BK1046,游戏,300031.SZ,myquant-strategy,2026-06-25
SZ300043,星辉娱乐,eastmoney,1,BK1046,游戏,300043.SZ,myquant-strategy,2026-06-25
SZ300052,ST中青宝,eastmoney,1,BK1046,游戏,300052.SZ,myquant-strategy,2026-06-25
SZ300113,顺网科技,eastmoney,1,BK1046,游戏,300113.SZ,myquant-strategy,2026-06-25
SZ300299,富春股份,eastmoney,1,BK1046,游戏,300299.SZ,myquant-strategy,2026-06-25
SZ300315,掌趣科技,eastmoney,1,BK1046,游戏,300315.SZ,myquant-strategy,2026-06-25
SZ300459,汤姆猫,eastmoney,1,BK1046,游戏,300459.SZ,myquant-strategy,2026-06-25
SZ300467,迅游科技,eastmoney,1,BK1046,游戏,300467.SZ,myquant-strategy,2026-06-25
SZ300494,盛天网络,eastmoney,1,BK1046,游戏,300494.SZ,myquant-strategy,2026-06-25
SZ300533,冰川网络,eastmoney,1,BK1046,游戏,300533.SZ,myquant-strategy,2026-06-25
