symbol,name,exchange,board,baostock_code,trade_status,source,snapshot_date
SH600000,浦发银行,SH,mainboard,sh.600000,1,myquant-strategy,2026-06-25
SH600004,白云机场,SH,mainboard,sh.600004,1,myquant-strategy,2026-06-25
SH600006,东风股份,SH,mainboard,sh.600006,1,myquant-strategy,2026-06-25
SH600007,中国国贸,SH,mainboard,sh.600007,1,myquant-strategy,2026-06-25
SH600008,首创环保,SH,mainboard,sh.600008,1,myquant-strategy,2026-06-25
SH600009,上海机场,SH,mainboard,sh.600009,1,myquant-strategy,2026-06-25
SH600010,包钢股份,SH,mainboard,sh.600010,1,myquant-strategy,2026-06-25
SH600011,华能国际,SH,mainboard,sh.600011,1,myquant-strategy,2026-06-25
SH600012,皖通高速,SH,mainboard,sh.600012,1,myquant-strategy,2026-06-25
SH600015,华夏银行,SH,mainboard,sh.600015,1,myquant-strategy,2026-06-25
SH600016,民生银行,SH,mainboard,sh.600016,1,myquant-strategy,2026-06-25
SH600017,日照港,SH,mainboard,sh.600017,1,myquant-strategy,2026-06-25
SH600018,上港集团,SH,mainboard,sh.600018,1,myquant-strategy,2026-06-25
SH600019,宝钢股份,SH,mainboard,sh.600019,1,myquant-strategy,2026-06-25
SH600020,中原高速,SH,mainboard,sh.600020,1,myquant-strategy,2026-06-25
SH600021,上海电力,SH,mainboard,sh.600021,1,myquant-strategy,2026-06-25
SH600022,山东钢铁,SH,mainboard,sh.600022,1,myquant-strategy,2026-06-25
SH600023,浙能电力,SH,mainboard,sh.600023,1,myquant-strategy,2026-06-25
SH600025,华能水电,SH,mainboard,sh.600025,1,myquant-strategy,2026-06-25
SH600026,中远海能,SH,mainboard,sh.600026,1,myquant-strategy,2026-06-25
SH600027,华电国际,SH,mainboard,sh.600027,1,myquant-strategy,2026-06-25
SH600028,中国石化,SH,mainboard,sh.600028,1,myquant-strategy,2026-06-25
SH600029,南方航空,SH,mainboard,sh.600029,1,myquant-strategy,2026-06-25
SH600030,中信证券,SH,mainboard,sh.600030,1,myquant-strategy,2026-06-25
SH600031,三一重工,SH,mainboard,sh.600031,1,myquant-strategy,2026-06-25
SH600032,浙江新能,SH,mainboard,sh.600032,1,myquant-strategy,2026-06-25
SH600033,福建高速,SH,mainboard,sh.600033,1,myquant-strategy,2026-06-25
SH600035,楚天高速,SH,mainboard,sh.600035,1,myquant-strategy,2026-06-25
SH600036,招商银行,SH,mainboard,sh.600036,1,myquant-strategy,2026-06-25
SH600037,歌华有线,SH,mainboard,sh.600037,1,myquant-strategy,2026-06-25
SH600038,中直股份,SH,mainboard,sh.600038,1,myquant-strategy,2026-06-25
SH600039,四川路桥,SH,mainboard,sh.600039,1,myquant-strategy,2026-06-25
SH600048,保利发展,SH,mainboard,sh.600048,1,myquant-strategy,2026-06-25
SH600050,中国联通,SH,mainboard,sh.600050,1,myquant-strategy,2026-06-25
SH600051,宁波联合,SH,mainboard,sh.600051,1,myquant-strategy,2026-06-25
SH600052,东望时代,SH,mainboard,sh.600052,1,myquant-strategy,2026-06-25
SH600053,九鼎投资,SH,mainboard,sh.600053,1,myquant-strategy,2026-06-25
SH600054,黄山旅游,SH,mainboard,sh.600054,1,myquant-strategy,2026-06-25
SH600055,万东医疗,SH,mainboard,sh.600055,1,myquant-strategy,2026-06-25
SH600056,中国医药,SH,mainboard,sh.600056,1,myquant-strategy,2026-06-25
SH600057,厦门象屿,SH,mainboard,sh.600057,1,myquant-strategy,2026-06-25
SH600058,五矿发展,SH,mainboard,sh.600058,1,myquant-strategy,2026-06-25
SH600059,古越龙山,SH,mainboard,sh.600059,1,myquant-strategy,2026-06-25
SH600060,海信视像,SH,mainboard,sh.600060,1,myquant-strategy,2026-06-25
SH600061,国投资本,SH,mainboard,sh.600061,1,myquant-strategy,2026-06-25
SH600062,华润双鹤,SH,mainboard,sh.600062,1,myquant-strategy,2026-06-25
SH600063,皖维高新,SH,mainboard,sh.600063,1,myquant-strategy,2026-06-25
SH600064,南京高科,SH,mainboard,sh.600064,1,myquant-strategy,2026-06-25
SH600066,宇通客车,SH,mainboard,sh.600066,1,myquant-strategy,2026-06-25
SH600067,冠城新材,SH,mainboard,sh.600067,1,myquant-strategy,2026-06-25
SH600071,凤凰光学,SH,mainboard,sh.600071,1,myquant-strategy,2026-06-25
SH600072,中船科技,SH,mainboard,sh.600072,1,myquant-strategy,2026-06-25
SH600073,光明肉业,SH,mainboard,sh.600073,1,myquant-strategy,2026-06-25
SH600075,新疆天业,SH,mainboard,sh.600075,1,myquant-strategy,2026-06-25
SH600076,康欣新材,SH,mainboard,sh.600076,1,myquant-strategy,2026-06-25
SH600078,澄星股份,SH,mainboard,sh.600078,1,myquant-strategy,2026-06-25
SH600079,ST人福,SH,mainboard,sh.600079,1,myquant-strategy,2026-06-25
SH600080,金花股份,SH,mainboard,sh.600080,1,myquant-strategy,2026-06-25
SH600081,东风科技,SH,mainboard,sh.600081,1,myquant-strategy,2026-06-25
SH600082,海泰发展,SH,mainboard,sh.600082,1,myquant-strategy,2026-06-25
SH600084,中信尼雅,SH,mainboard,sh.600084,1,myquant-strategy,2026-06-25
SH600085,同仁堂,SH,mainboard,sh.600085,1,myquant-strategy,2026-06-25
SH600088,中视传媒,SH,mainboard,sh.600088,1,myquant-strategy,2026-06-25
SH600089,特变电工,SH,mainboard,sh.600089,1,myquant-strategy,2026-06-25
SH600094,大名城,SH,mainboard,sh.600094,1,myquant-strategy,2026-06-25
SH600095,湘财股份,SH,mainboard,sh.600095,1,myquant-strategy,2026-06-25
SH600096,云天化,SH,mainboard,sh.600096,1,myquant-strategy,2026-06-25
SH600097,开创国际,SH,mainboard,sh.600097,1,myquant-strategy,2026-06-25
SH600098,广州发展,SH,mainboard,sh.600098,1,myquant-strategy,2026-06-25
SH600099,林海股份,SH,mainboard,sh.600099,1,myquant-strategy,2026-06-25
SH600100,同方股份,SH,mainboard,sh.600100,1,myquant-strategy,2026-06-25
SH600101,明星电力,SH,mainboard,sh.600101,1,myquant-strategy,2026-06-25
SH600103,青山纸业,SH,mainboard,sh.600103,1,myquant-strategy,2026-06-25
SH600104,上汽集团,SH,mainboard,sh.600104,1,myquant-strategy,2026-06-25
SH600105,永鼎股份,SH,mainboard,sh.600105,1,myquant-strategy,2026-06-25
SH600106,重庆路桥,SH,mainboard,sh.600106,1,myquant-strategy,2026-06-25
SH600107,ST尔雅,SH,mainboard,sh.600107,1,myquant-strategy,2026-06-25
SH600108,亚盛集团,SH,mainboard,sh.600108,1,myquant-strategy,2026-06-25
SH600109,国金证券,SH,mainboard,sh.600109,1,myquant-strategy,2026-06-25
SH600110,诺德股份,SH,mainboard,sh.600110,1,myquant-strategy,2026-06-25
SH600111,北方稀土,SH,mainboard,sh.600111,1,myquant-strategy,2026-06-25
SH600113,浙江东日,SH,mainboard,sh.600113,1,myquant-strategy,2026-06-25
SH600114,东睦股份,SH,mainboard,sh.600114,1,myquant-strategy,2026-06-25
SH600115,中国东航,SH,mainboard,sh.600115,1,myquant-strategy,2026-06-25
SH600116,三峡水利,SH,mainboard,sh.600116,1,myquant-strategy,2026-06-25
SH600117,西宁特钢,SH,mainboard,sh.600117,1,myquant-strategy,2026-06-25
SH600118,中国卫星,SH,mainboard,sh.600118,1,myquant-strategy,2026-06-25
SH600119,长江投资,SH,mainboard,sh.600119,1,myquant-strategy,2026-06-25
SH600120,浙江东方,SH,mainboard,sh.600120,1,myquant-strategy,2026-06-25
SH600121,郑州煤电,SH,mainboard,sh.600121,1,myquant-strategy,2026-06-25
SH600123,兰花科创,SH,mainboard,sh.600123,1,myquant-strategy,2026-06-25
SH600125,铁龙物流,SH,mainboard,sh.600125,1,myquant-strategy,2026-06-25
SH600126,杭钢股份,SH,mainboard,sh.600126,1,myquant-strategy,2026-06-25
SH600127,金健米业,SH,mainboard,sh.600127,1,myquant-strategy,2026-06-25
SH600128,苏豪弘业,SH,mainboard,sh.600128,1,myquant-strategy,2026-06-25
SH600129,太极集团,SH,mainboard,sh.600129,1,myquant-strategy,2026-06-25
SH600130,*ST波导,SH,mainboard,sh.600130,1,myquant-strategy,2026-06-25
SH600131,国网信通,SH,mainboard,sh.600131,1,myquant-strategy,2026-06-25
SH600132,重庆啤酒,SH,mainboard,sh.600132,1,myquant-strategy,2026-06-25
SH600133,东湖高新,SH,mainboard,sh.600133,1,myquant-strategy,2026-06-25
SH600135,乐凯胶片,SH,mainboard,sh.600135,1,myquant-strategy,2026-06-25
SH600136,ST明诚,SH,mainboard,sh.600136,1,myquant-strategy,2026-06-25
SH600137,浪莎股份,SH,mainboard,sh.600137,1,myquant-strategy,2026-06-25
SH600138,中青旅,SH,mainboard,sh.600138,1,myquant-strategy,2026-06-25
SH600141,兴发集团,SH,mainboard,sh.600141,1,myquant-strategy,2026-06-25
SH600143,金发科技,SH,mainboard,sh.600143,1,myquant-strategy,2026-06-25
SH600148,长春一东,SH,mainboard,sh.600148,1,myquant-strategy,2026-06-25
SH600149,廊坊发展,SH,mainboard,sh.600149,1,myquant-strategy,2026-06-25
SH600150,中国船舶,SH,mainboard,sh.600150,1,myquant-strategy,2026-06-25
SH600151,航天机电,SH,mainboard,sh.600151,1,myquant-strategy,2026-06-25
SH600152,维科技术,SH,mainboard,sh.600152,1,myquant-strategy,2026-06-25
SH600153,建发股份,SH,mainboard,sh.600153,1,myquant-strategy,2026-06-25
SH600155,华创云信,SH,mainboard,sh.600155,1,myquant-strategy,2026-06-25
SH600156,华升股份,SH,mainboard,sh.600156,1,myquant-strategy,2026-06-25
SH600157,永泰能源,SH,mainboard,sh.600157,1,myquant-strategy,2026-06-25
SH600158,中体产业,SH,mainboard,sh.600158,1,myquant-strategy,2026-06-25
SH600159,大龙地产,SH,mainboard,sh.600159,1,myquant-strategy,2026-06-25
SH600160,巨化股份,SH,mainboard,sh.600160,1,myquant-strategy,2026-06-25
SH600161,天坛生物,SH,mainboard,sh.600161,1,myquant-strategy,2026-06-25
SH600162,香江控股,SH,mainboard,sh.600162,1,myquant-strategy,2026-06-25
SH600163,中闽能源,SH,mainboard,sh.600163,1,myquant-strategy,2026-06-25
SH600165,ST宁科,SH,mainboard,sh.600165,1,myquant-strategy,2026-06-25
SH600166,福田汽车,SH,mainboard,sh.600166,1,myquant-strategy,2026-06-25
SH600167,联美控股,SH,mainboard,sh.600167,1,myquant-strategy,2026-06-25
SH600168,武汉控股,SH,mainboard,sh.600168,1,myquant-strategy,2026-06-25
SH600169,ST太重,SH,mainboard,sh.600169,1,myquant-strategy,2026-06-25
SH600170,上海建工,SH,mainboard,sh.600170,1,myquant-strategy,2026-06-25
SH600171,上海贝岭,SH,mainboard,sh.600171,1,myquant-strategy,2026-06-25
SH600172,黄河旋风,SH,mainboard,sh.600172,1,myquant-strategy,2026-06-25
SH600173,卧龙新能,SH,mainboard,sh.600173,1,myquant-strategy,2026-06-25
SH600176,中国巨石,SH,mainboard,sh.600176,1,myquant-strategy,2026-06-25
SH600177,雅戈尔,SH,mainboard,sh.600177,1,myquant-strategy,2026-06-25
SH600178,东安动力,SH,mainboard,sh.600178,1,myquant-strategy,2026-06-25
SH600179,安通控股,SH,mainboard,sh.600179,1,myquant-strategy,2026-06-25
SH600180,瑞茂通,SH,mainboard,sh.600180,1,myquant-strategy,2026-06-25
SH600182,S佳通,SH,mainboard,sh.600182,1,myquant-strategy,2026-06-25
SH600183,生益科技,SH,mainboard,sh.600183,1,myquant-strategy,2026-06-25
SH600184,光电股份,SH,mainboard,sh.600184,1,myquant-strategy,2026-06-25
SH600185,珠免集团,SH,mainboard,sh.600185,1,myquant-strategy,2026-06-25
SH600186,莲花控股,SH,mainboard,sh.600186,1,myquant-strategy,2026-06-25
SH600187,国中水务,SH,mainboard,sh.600187,1,myquant-strategy,2026-06-25
SH600188,兖矿能源,SH,mainboard,sh.600188,1,myquant-strategy,2026-06-25
SH600189,泉阳泉,SH,mainboard,sh.600189,1,myquant-strategy,2026-06-25
SH600191,华资实业,SH,mainboard,sh.600191,1,myquant-strategy,2026-06-25
SH600192,长城电工,SH,mainboard,sh.600192,1,myquant-strategy,2026-06-25
SH600193,*ST创兴,SH,mainboard,sh.600193,1,myquant-strategy,2026-06-25
SH600195,中牧股份,SH,mainboard,sh.600195,1,myquant-strategy,2026-06-25
SH600196,复星医药,SH,mainboard,sh.600196,1,myquant-strategy,2026-06-25
SH600197,伊力特,SH,mainboard,sh.600197,1,myquant-strategy,2026-06-25
SH600198,大唐电信,SH,mainboard,sh.600198,1,myquant-strategy,2026-06-25
SH600199,金种子酒,SH,mainboard,sh.600199,1,myquant-strategy,2026-06-25
SH600201,生物股份,SH,mainboard,sh.600201,1,myquant-strategy,2026-06-25
SH600202,哈空调,SH,mainboard,sh.600202,1,myquant-strategy,2026-06-25
SH600203,福日电子,SH,mainboard,sh.600203,1,myquant-strategy,2026-06-25
SH600206,有研新材,SH,mainboard,sh.600206,1,myquant-strategy,2026-06-25
SH600207,安彩高科,SH,mainboard,sh.600207,1,myquant-strategy,2026-06-25
SH600208,衢州发展,SH,mainboard,sh.600208,1,myquant-strategy,2026-06-25
SH600210,紫江企业,SH,mainboard,sh.600210,1,myquant-strategy,2026-06-25
SH600211,西藏药业,SH,mainboard,sh.600211,1,myquant-strategy,2026-06-25
SH600212,绿能慧充,SH,mainboard,sh.600212,1,myquant-strategy,2026-06-25
SH600215,派斯林,SH,mainboard,sh.600215,1,myquant-strategy,2026-06-25
SH600216,浙江医药,SH,mainboard,sh.600216,1,myquant-strategy,2026-06-25
SH600217,中再资环,SH,mainboard,sh.600217,1,myquant-strategy,2026-06-25
SH600218,全柴动力,SH,mainboard,sh.600218,1,myquant-strategy,2026-06-25
SH600219,南山铝业,SH,mainboard,sh.600219,1,myquant-strategy,2026-06-25
SH600221,海航控股,SH,mainboard,sh.600221,1,myquant-strategy,2026-06-25
SH600222,太龙药业,SH,mainboard,sh.600222,1,myquant-strategy,2026-06-25
SH600223,福瑞达,SH,mainboard,sh.600223,1,myquant-strategy,2026-06-25
SH600226,亨通股份,SH,mainboard,sh.600226,1,myquant-strategy,2026-06-25
SH600227,赤天化,SH,mainboard,sh.600227,1,myquant-strategy,2026-06-25
SH600228,*ST返利,SH,mainboard,sh.600228,1,myquant-strategy,2026-06-25
SH600229,城市传媒,SH,mainboard,sh.600229,1,myquant-strategy,2026-06-25
SH600230,沧州大化,SH,mainboard,sh.600230,1,myquant-strategy,2026-06-25
SH600231,凌钢股份,SH,mainboard,sh.600231,1,myquant-strategy,2026-06-25
SH600232,金鹰股份,SH,mainboard,sh.600232,1,myquant-strategy,2026-06-25
SH600233,圆通速递,SH,mainboard,sh.600233,1,myquant-strategy,2026-06-25
SH600234,科新发展,SH,mainboard,sh.600234,1,myquant-strategy,2026-06-25
SH600235,民丰特纸,SH,mainboard,sh.600235,1,myquant-strategy,2026-06-25
SH600236,桂冠电力,SH,mainboard,sh.600236,1,myquant-strategy,2026-06-25
SH600237,铜峰电子,SH,mainboard,sh.600237,1,myquant-strategy,2026-06-25
SH600238,*ST椰岛,SH,mainboard,sh.600238,1,myquant-strategy,2026-06-25
SH600239,云南城投,SH,mainboard,sh.600239,1,myquant-strategy,2026-06-25
SH600241,时代万恒,SH,mainboard,sh.600241,1,myquant-strategy,2026-06-25
SH600243,*ST海华,SH,mainboard,sh.600243,1,myquant-strategy,2026-06-25
SH600246,万通发展,SH,mainboard,sh.600246,1,myquant-strategy,2026-06-25
SH600248,陕建股份,SH,mainboard,sh.600248,1,myquant-strategy,2026-06-25
SH600249,两面针,SH,mainboard,sh.600249,1,myquant-strategy,2026-06-25
SH600250,南京商旅,SH,mainboard,sh.600250,1,myquant-strategy,2026-06-25
SH600251,冠农股份,SH,mainboard,sh.600251,1,myquant-strategy,2026-06-25
SH600252,中恒集团,SH,mainboard,sh.600252,1,myquant-strategy,2026-06-25
SH600255,鑫科材料,SH,mainboard,sh.600255,1,myquant-strategy,2026-06-25
SH600256,广汇能源,SH,mainboard,sh.600256,1,myquant-strategy,2026-06-25
SH600257,大湖股份,SH,mainboard,sh.600257,1,myquant-strategy,2026-06-25
SH600258,首旅酒店,SH,mainboard,sh.600258,1,myquant-strategy,2026-06-25
SH600259,中稀有色,SH,mainboard,sh.600259,1,myquant-strategy,2026-06-25
SH600261,阳光照明,SH,mainboard,sh.600261,1,myquant-strategy,2026-06-25
SH600262,北方股份,SH,mainboard,sh.600262,1,myquant-strategy,2026-06-25
SH600265,ST景谷,SH,mainboard,sh.600265,1,myquant-strategy,2026-06-25
SH600266,城建发展,SH,mainboard,sh.600266,1,myquant-strategy,2026-06-25
SH600267,海正药业,SH,mainboard,sh.600267,1,myquant-strategy,2026-06-25
SH600268,国电南自,SH,mainboard,sh.600268,1,myquant-strategy,2026-06-25
SH600269,赣粤高速,SH,mainboard,sh.600269,1,myquant-strategy,2026-06-25
SH600271,航天信息,SH,mainboard,sh.600271,1,myquant-strategy,2026-06-25
SH600272,开开实业,SH,mainboard,sh.600272,1,myquant-strategy,2026-06-25
SH600273,嘉化能源,SH,mainboard,sh.600273,1,myquant-strategy,2026-06-25
SH600276,恒瑞医药,SH,mainboard,sh.600276,1,myquant-strategy,2026-06-25
SH600278,东方创业,SH,mainboard,sh.600278,1,myquant-strategy,2026-06-25
SH600279,重庆港,SH,mainboard,sh.600279,1,myquant-strategy,2026-06-25
SH600280,中央商场,SH,mainboard,sh.600280,1,myquant-strategy,2026-06-25
SH600281,华阳新材,SH,mainboard,sh.600281,1,myquant-strategy,2026-06-25
SH600282,南钢股份,SH,mainboard,sh.600282,1,myquant-strategy,2026-06-25
SH600283,钱江水利,SH,mainboard,sh.600283,1,myquant-strategy,2026-06-25
SH600284,浦东建设,SH,mainboard,sh.600284,1,myquant-strategy,2026-06-25
SH600285,羚锐制药,SH,mainboard,sh.600285,1,myquant-strategy,2026-06-25
SH600287,苏豪时尚,SH,mainboard,sh.600287,1,myquant-strategy,2026-06-25
SH600288,大恒科技,SH,mainboard,sh.600288,1,myquant-strategy,2026-06-25
SH600289,ST信通,SH,mainboard,sh.600289,1,myquant-strategy,2026-06-25
SH600292,电投水电,SH,mainboard,sh.600292,1,myquant-strategy,2026-06-25
SH600293,三峡新材,SH,mainboard,sh.600293,1,myquant-strategy,2026-06-25
SH600295,鄂尔多斯,SH,mainboard,sh.600295,1,myquant-strategy,2026-06-25
SH600298,安琪酵母,SH,mainboard,sh.600298,1,myquant-strategy,2026-06-25
SH600299,安迪苏,SH,mainboard,sh.600299,1,myquant-strategy,2026-06-25
SH600300,维维股份,SH,mainboard,sh.600300,1,myquant-strategy,2026-06-25
SH600301,华锡有色,SH,mainboard,sh.600301,1,myquant-strategy,2026-06-25
SH600302,标准股份,SH,mainboard,sh.600302,1,myquant-strategy,2026-06-25
SH600303,曙光股份,SH,mainboard,sh.600303,1,myquant-strategy,2026-06-25
SH600305,恒顺醋业,SH,mainboard,sh.600305,1,myquant-strategy,2026-06-25
SH600307,酒钢宏兴,SH,mainboard,sh.600307,1,myquant-strategy,2026-06-25
SH600308,华泰股份,SH,mainboard,sh.600308,1,myquant-strategy,2026-06-25
SH600309,万华化学,SH,mainboard,sh.600309,1,myquant-strategy,2026-06-25
SH600310,广西能源,SH,mainboard,sh.600310,1,myquant-strategy,2026-06-25
SH600312,平高电气,SH,mainboard,sh.600312,1,myquant-strategy,2026-06-25
SH600313,农发种业,SH,mainboard,sh.600313,1,myquant-strategy,2026-06-25
SH600315,上海家化,SH,mainboard,sh.600315,1,myquant-strategy,2026-06-25
SH600316,洪都航空,SH,mainboard,sh.600316,1,myquant-strategy,2026-06-25
SH600318,新力金融,SH,mainboard,sh.600318,1,myquant-strategy,2026-06-25
SH600319,亚星化学,SH,mainboard,sh.600319,1,myquant-strategy,2026-06-25
SH600320,振华重工,SH,mainboard,sh.600320,1,myquant-strategy,2026-06-25
SH600322,津投城开,SH,mainboard,sh.600322,1,myquant-strategy,2026-06-25
SH600323,瀚蓝环境,SH,mainboard,sh.600323,1,myquant-strategy,2026-06-25
SH600325,华发股份,SH,mainboard,sh.600325,1,myquant-strategy,2026-06-25
SH600326,西藏天路,SH,mainboard,sh.600326,1,myquant-strategy,2026-06-25
SH600327,大东方,SH,mainboard,sh.600327,1,myquant-strategy,2026-06-25
SH600328,中盐化工,SH,mainboard,sh.600328,1,myquant-strategy,2026-06-25
SH600329,达仁堂,SH,mainboard,sh.600329,1,myquant-strategy,2026-06-25
SH600330,天通股份,SH,mainboard,sh.600330,1,myquant-strategy,2026-06-25
SH600331,宏达股份,SH,mainboard,sh.600331,1,myquant-strategy,2026-06-25
SH600332,白云山,SH,mainboard,sh.600332,1,myquant-strategy,2026-06-25
SH600333,长春燃气,SH,mainboard,sh.600333,1,myquant-strategy,2026-06-25
SH600335,国机汽车,SH,mainboard,sh.600335,1,myquant-strategy,2026-06-25
SH600336,澳柯玛,SH,mainboard,sh.600336,1,myquant-strategy,2026-06-25
SH600337,美克家居,SH,mainboard,sh.600337,1,myquant-strategy,2026-06-25
SH600338,西藏珠峰,SH,mainboard,sh.600338,1,myquant-strategy,2026-06-25
SH600339,中油工程,SH,mainboard,sh.600339,1,myquant-strategy,2026-06-25
SH600340,华夏幸福,SH,mainboard,sh.600340,1,myquant-strategy,2026-06-25
SH600343,航天动力,SH,mainboard,sh.600343,1,myquant-strategy,2026-06-25
SH600345,长江通信,SH,mainboard,sh.600345,1,myquant-strategy,2026-06-25
SH600346,恒力石化,SH,mainboard,sh.600346,1,myquant-strategy,2026-06-25
SH600348,华阳股份,SH,mainboard,sh.600348,1,myquant-strategy,2026-06-25
SH600350,山东高速,SH,mainboard,sh.600350,1,myquant-strategy,2026-06-25
SH600351,亚宝药业,SH,mainboard,sh.600351,1,myquant-strategy,2026-06-25
SH600352,浙江龙盛,SH,mainboard,sh.600352,1,myquant-strategy,2026-06-25
SH600353,旭光电子,SH,mainboard,sh.600353,1,myquant-strategy,2026-06-25
SH600354,敦煌种业,SH,mainboard,sh.600354,1,myquant-strategy,2026-06-25
SH600355,*ST精伦,SH,mainboard,sh.600355,1,myquant-strategy,2026-06-25
SH600356,恒丰纸业,SH,mainboard,sh.600356,1,myquant-strategy,2026-06-25
SH600358,ST联合,SH,mainboard,sh.600358,1,myquant-strategy,2026-06-25
SH600359,新农开发,SH,mainboard,sh.600359,1,myquant-strategy,2026-06-25
SH600360,*ST华微,SH,mainboard,sh.600360,1,myquant-strategy,2026-06-25
SH600361,创新新材,SH,mainboard,sh.600361,1,myquant-strategy,2026-06-25
SH600362,江西铜业,SH,mainboard,sh.600362,1,myquant-strategy,2026-06-25
SH600363,联创光电,SH,mainboard,sh.600363,1,myquant-strategy,2026-06-25
SH600365,ST通葡,SH,mainboard,sh.600365,1,myquant-strategy,2026-06-25
SH600366,宁波韵升,SH,mainboard,sh.600366,1,myquant-strategy,2026-06-25
SH600367,红星发展,SH,mainboard,sh.600367,1,myquant-strategy,2026-06-25
SH600368,五洲交通,SH,mainboard,sh.600368,1,myquant-strategy,2026-06-25
SH600369,西南证券,SH,mainboard,sh.600369,1,myquant-strategy,2026-06-25
SH600370,三房巷,SH,mainboard,sh.600370,1,myquant-strategy,2026-06-25
SH600371,万向德农,SH,mainboard,sh.600371,1,myquant-strategy,2026-06-25
SH600372,中航机载,SH,mainboard,sh.600372,1,myquant-strategy,2026-06-25
SH600373,中文传媒,SH,mainboard,sh.600373,1,myquant-strategy,2026-06-25
SH600375,汉马科技,SH,mainboard,sh.600375,1,myquant-strategy,2026-06-25
SH600376,首开股份,SH,mainboard,sh.600376,1,myquant-strategy,2026-06-25
SH600377,宁沪高速,SH,mainboard,sh.600377,1,myquant-strategy,2026-06-25
SH600378,昊华科技,SH,mainboard,sh.600378,1,myquant-strategy,2026-06-25
SH600379,宝光股份,SH,mainboard,sh.600379,1,myquant-strategy,2026-06-25
SH600380,健康元,SH,mainboard,sh.600380,1,myquant-strategy,2026-06-25
SH600381,*ST春天,SH,mainboard,sh.600381,1,myquant-strategy,2026-06-25
SH600382,广东明珠,SH,mainboard,sh.600382,1,myquant-strategy,2026-06-25
SH600383,金地集团,SH,mainboard,sh.600383,1,myquant-strategy,2026-06-25
SH600386,北巴传媒,SH,mainboard,sh.600386,1,myquant-strategy,2026-06-25
SH600388,龙净环保,SH,mainboard,sh.600388,1,myquant-strategy,2026-06-25
SH600389,江山股份,SH,mainboard,sh.600389,1,myquant-strategy,2026-06-25
SH600390,五矿资本,SH,mainboard,sh.600390,1,myquant-strategy,2026-06-25
SH600391,航发科技,SH,mainboard,sh.600391,1,myquant-strategy,2026-06-25
SH600392,盛和资源,SH,mainboard,sh.600392,1,myquant-strategy,2026-06-25
SH600395,盘江股份,SH,mainboard,sh.600395,1,myquant-strategy,2026-06-25
SH600396,华电辽能,SH,mainboard,sh.600396,1,myquant-strategy,2026-06-25
SH600397,江钨装备,SH,mainboard,sh.600397,1,myquant-strategy,2026-06-25
SH600398,海澜之家,SH,mainboard,sh.600398,1,myquant-strategy,2026-06-25
SH600399,抚顺特钢,SH,mainboard,sh.600399,1,myquant-strategy,2026-06-25
SH600400,红豆股份,SH,mainboard,sh.600400,1,myquant-strategy,2026-06-25
SH600403,大有能源,SH,mainboard,sh.600403,1,myquant-strategy,2026-06-25
SH600405,动力源,SH,mainboard,sh.600405,1,myquant-strategy,2026-06-25
SH600406,国电南瑞,SH,mainboard,sh.600406,1,myquant-strategy,2026-06-25
SH600408,安泰集团,SH,mainboard,sh.600408,1,myquant-strategy,2026-06-25
SH600409,三友化工,SH,mainboard,sh.600409,1,myquant-strategy,2026-06-25
SH600410,华胜天成,SH,mainboard,sh.600410,1,myquant-strategy,2026-06-25
SH600415,小商品城,SH,mainboard,sh.600415,1,myquant-strategy,2026-06-25
SH600416,湘电股份,SH,mainboard,sh.600416,1,myquant-strategy,2026-06-25
SH600418,江淮汽车,SH,mainboard,sh.600418,1,myquant-strategy,2026-06-25
SH600419,天润乳业,SH,mainboard,sh.600419,1,myquant-strategy,2026-06-25
SH600420,国药现代,SH,mainboard,sh.600420,1,myquant-strategy,2026-06-25
SH600421,*ST华嵘,SH,mainboard,sh.600421,1,myquant-strategy,2026-06-25
SH600422,昆药集团,SH,mainboard,sh.600422,1,myquant-strategy,2026-06-25
SH600423,柳化股份,SH,mainboard,sh.600423,1,myquant-strategy,2026-06-25
SH600425,青松建化,SH,mainboard,sh.600425,1,myquant-strategy,2026-06-25
SH600426,华鲁恒升,SH,mainboard,sh.600426,1,myquant-strategy,2026-06-25
SH600428,中远海特,SH,mainboard,sh.600428,1,myquant-strategy,2026-06-25
SH600429,三元股份,SH,mainboard,sh.600429,1,myquant-strategy,2026-06-25
SH600433,冠豪高新,SH,mainboard,sh.600433,1,myquant-strategy,2026-06-25
SH600435,北方导航,SH,mainboard,sh.600435,1,myquant-strategy,2026-06-25
SH600436,片仔癀,SH,mainboard,sh.600436,1,myquant-strategy,2026-06-25
SH600438,通威股份,SH,mainboard,sh.600438,0,myquant-strategy,2026-06-25
SH600439,瑞贝卡,SH,mainboard,sh.600439,1,myquant-strategy,2026-06-25
SH600444,国机通用,SH,mainboard,sh.600444,1,myquant-strategy,2026-06-25
SH600446,金证股份,SH,mainboard,sh.600446,1,myquant-strategy,2026-06-25
SH600448,华纺股份,SH,mainboard,sh.600448,1,myquant-strategy,2026-06-25
SH600449,宁夏建材,SH,mainboard,sh.600449,1,myquant-strategy,2026-06-25
SH600452,涪陵电力,SH,mainboard,sh.600452,1,myquant-strategy,2026-06-25
SH600455,博通股份,SH,mainboard,sh.600455,1,myquant-strategy,2026-06-25
SH600456,宝钛股份,SH,mainboard,sh.600456,1,myquant-strategy,2026-06-25
SH600458,时代新材,SH,mainboard,sh.600458,1,myquant-strategy,2026-06-25
SH600459,贵研铂业,SH,mainboard,sh.600459,1,myquant-strategy,2026-06-25
SH600460,士兰微,SH,mainboard,sh.600460,1,myquant-strategy,2026-06-25
SH600461,洪城环境,SH,mainboard,sh.600461,1,myquant-strategy,2026-06-25
SH600463,空港股份,SH,mainboard,sh.600463,1,myquant-strategy,2026-06-25
SH600467,好当家,SH,mainboard,sh.600467,1,myquant-strategy,2026-06-25
SH600468,百利电气,SH,mainboard,sh.600468,1,myquant-strategy,2026-06-25
SH600469,风神股份,SH,mainboard,sh.600469,1,myquant-strategy,2026-06-25
SH600470,六国化工,SH,mainboard,sh.600470,1,myquant-strategy,2026-06-25
SH600475,华光环能,SH,mainboard,sh.600475,1,myquant-strategy,2026-06-25
SH600476,湘邮科技,SH,mainboard,sh.600476,1,myquant-strategy,2026-06-25
SH600477,杭萧钢构,SH,mainboard,sh.600477,1,myquant-strategy,2026-06-25
SH600478,科力远,SH,mainboard,sh.600478,1,myquant-strategy,2026-06-25
SH600479,千金药业,SH,mainboard,sh.600479,1,myquant-strategy,2026-06-25
SH600480,凌云股份,SH,mainboard,sh.600480,1,myquant-strategy,2026-06-25
SH600481,双良节能,SH,mainboard,sh.600481,1,myquant-strategy,2026-06-25
SH600482,中国动力,SH,mainboard,sh.600482,1,myquant-strategy,2026-06-25
SH600483,福能股份,SH,mainboard,sh.600483,1,myquant-strategy,2026-06-25
SH600486,扬农化工,SH,mainboard,sh.600486,1,myquant-strategy,2026-06-25
SH600487,亨通光电,SH,mainboard,sh.600487,1,myquant-strategy,2026-06-25
SH600488,津药药业,SH,mainboard,sh.600488,1,myquant-strategy,2026-06-25
SH600489,中金黄金,SH,mainboard,sh.600489,1,myquant-strategy,2026-06-25
SH600490,鹏欣资源,SH,mainboard,sh.600490,1,myquant-strategy,2026-06-25
SH600491,龙元建设,SH,mainboard,sh.600491,1,myquant-strategy,2026-06-25
SH600493,凤竹纺织,SH,mainboard,sh.600493,1,myquant-strategy,2026-06-25
SH600495,晋西车轴,SH,mainboard,sh.600495,1,myquant-strategy,2026-06-25
SH600496,精工钢构,SH,mainboard,sh.600496,1,myquant-strategy,2026-06-25
SH600497,驰宏锌锗,SH,mainboard,sh.600497,1,myquant-strategy,2026-06-25
SH600498,烽火通信,SH,mainboard,sh.600498,1,myquant-strategy,2026-06-25
SH600499,科达制造,SH,mainboard,sh.600499,1,myquant-strategy,2026-06-25
SH600500,中化国际,SH,mainboard,sh.600500,1,myquant-strategy,2026-06-25
SH600501,航天晨光,SH,mainboard,sh.600501,1,myquant-strategy,2026-06-25
SH600502,安徽建工,SH,mainboard,sh.600502,1,myquant-strategy,2026-06-25
SH600503,华丽家族,SH,mainboard,sh.600503,1,myquant-strategy,2026-06-25
SH600505,西昌电力,SH,mainboard,sh.600505,1,myquant-strategy,2026-06-25
SH600506,统一股份,SH,mainboard,sh.600506,1,myquant-strategy,2026-06-25
SH600507,方大特钢,SH,mainboard,sh.600507,1,myquant-strategy,2026-06-25
SH600508,上海能源,SH,mainboard,sh.600508,1,myquant-strategy,2026-06-25
SH600509,天富能源,SH,mainboard,sh.600509,1,myquant-strategy,2026-06-25
SH600510,黑牡丹,SH,mainboard,sh.600510,1,myquant-strategy,2026-06-25
SH600511,国药股份,SH,mainboard,sh.600511,1,myquant-strategy,2026-06-25
SH600512,腾达建设,SH,mainboard,sh.600512,1,myquant-strategy,2026-06-25
SH600513,联环药业,SH,mainboard,sh.600513,1,myquant-strategy,2026-06-25
SH600515,海南机场,SH,mainboard,sh.600515,1,myquant-strategy,2026-06-25
SH600516,方大炭素,SH,mainboard,sh.600516,1,myquant-strategy,2026-06-25
SH600517,国网英大,SH,mainboard,sh.600517,1,myquant-strategy,2026-06-25
SH600518,康美药业,SH,mainboard,sh.600518,1,myquant-strategy,2026-06-25
SH600519,贵州茅台,SH,mainboard,sh.600519,1,myquant-strategy,2026-06-25
SH600520,三佳科技,SH,mainboard,sh.600520,1,myquant-strategy,2026-06-25
SH600521,华海药业,SH,mainboard,sh.600521,1,myquant-strategy,2026-06-25
SH600522,中天科技,SH,mainboard,sh.600522,1,myquant-strategy,2026-06-25
SH600523,贵航股份,SH,mainboard,sh.600523,1,myquant-strategy,2026-06-25
SH600525,ST长园,SH,mainboard,sh.600525,1,myquant-strategy,2026-06-25
SH600526,菲达环保,SH,mainboard,sh.600526,1,myquant-strategy,2026-06-25
SH600527,江南高纤,SH,mainboard,sh.600527,1,myquant-strategy,2026-06-25
SH600528,中铁工业,SH,mainboard,sh.600528,1,myquant-strategy,2026-06-25
SH600529,山东药玻,SH,mainboard,sh.600529,1,myquant-strategy,2026-06-25
SH600530,交大昂立,SH,mainboard,sh.600530,1,myquant-strategy,2026-06-25
SH600531,豫光金铅,SH,mainboard,sh.600531,1,myquant-strategy,2026-06-25
SH600533,栖霞建设,SH,mainboard,sh.600533,1,myquant-strategy,2026-06-25
SH600535,天士力,SH,mainboard,sh.600535,1,myquant-strategy,2026-06-25
SH600536,中国软件,SH,mainboard,sh.600536,1,myquant-strategy,2026-06-25
SH600537,亿晶光电,SH,mainboard,sh.600537,1,myquant-strategy,2026-06-25
SH600538,国发股份,SH,mainboard,sh.600538,1,myquant-strategy,2026-06-25
SH600539,狮头股份,SH,mainboard,sh.600539,1,myquant-strategy,2026-06-25
SH600540,新赛股份,SH,mainboard,sh.600540,1,myquant-strategy,2026-06-25
SH600543,莫高股份,SH,mainboard,sh.600543,1,myquant-strategy,2026-06-25
SH600545,卓郎智能,SH,mainboard,sh.600545,1,myquant-strategy,2026-06-25
SH600546,山煤国际,SH,mainboard,sh.600546,1,myquant-strategy,2026-06-25
SH600547,山东黄金,SH,mainboard,sh.600547,1,myquant-strategy,2026-06-25
SH600548,深高速,SH,mainboard,sh.600548,1,myquant-strategy,2026-06-25
SH600549,厦门钨业,SH,mainboard,sh.600549,1,myquant-strategy,2026-06-25
SH600550,保变电气,SH,mainboard,sh.600550,1,myquant-strategy,2026-06-25
SH600551,时代出版,SH,mainboard,sh.600551,1,myquant-strategy,2026-06-25
SH600552,凯盛科技,SH,mainboard,sh.600552,1,myquant-strategy,2026-06-25
SH600556,天下秀,SH,mainboard,sh.600556,1,myquant-strategy,2026-06-25
SH600557,康缘药业,SH,mainboard,sh.600557,1,myquant-strategy,2026-06-25
SH600558,大西洋,SH,mainboard,sh.600558,1,myquant-strategy,2026-06-25
SH600559,老白干酒,SH,mainboard,sh.600559,1,myquant-strategy,2026-06-25
SH600560,金自天正,SH,mainboard,sh.600560,1,myquant-strategy,2026-06-25
SH600561,江西长运,SH,mainboard,sh.600561,1,myquant-strategy,2026-06-25
SH600562,国睿科技,SH,mainboard,sh.600562,1,myquant-strategy,2026-06-25
SH600563,法拉电子,SH,mainboard,sh.600563,1,myquant-strategy,2026-06-25
SH600566,济川药业,SH,mainboard,sh.600566,1,myquant-strategy,2026-06-25
SH600567,山鹰国际,SH,mainboard,sh.600567,1,myquant-strategy,2026-06-25
SH600568,ST中珠,SH,mainboard,sh.600568,1,myquant-strategy,2026-06-25
SH600569,安阳钢铁,SH,mainboard,sh.600569,1,myquant-strategy,2026-06-25
SH600570,恒生电子,SH,mainboard,sh.600570,1,myquant-strategy,2026-06-25
SH600571,信雅达,SH,mainboard,sh.600571,1,myquant-strategy,2026-06-25
SH600572,康恩贝,SH,mainboard,sh.600572,1,myquant-strategy,2026-06-25
SH600573,惠泉啤酒,SH,mainboard,sh.600573,1,myquant-strategy,2026-06-25
SH600575,淮河能源,SH,mainboard,sh.600575,1,myquant-strategy,2026-06-25
SH600576,祥源文旅,SH,mainboard,sh.600576,1,myquant-strategy,2026-06-25
SH600577,精达股份,SH,mainboard,sh.600577,1,myquant-strategy,2026-06-25
SH600578,京能电力,SH,mainboard,sh.600578,1,myquant-strategy,2026-06-25
SH600579,中化装备,SH,mainboard,sh.600579,1,myquant-strategy,2026-06-25
SH600580,卧龙电驱,SH,mainboard,sh.600580,1,myquant-strategy,2026-06-25
SH600581,八一钢铁,SH,mainboard,sh.600581,1,myquant-strategy,2026-06-25
SH600582,天地科技,SH,mainboard,sh.600582,1,myquant-strategy,2026-06-25
SH600583,海油工程,SH,mainboard,sh.600583,1,myquant-strategy,2026-06-25
SH600584,长电科技,SH,mainboard,sh.600584,1,myquant-strategy,2026-06-25
SH600585,海螺水泥,SH,mainboard,sh.600585,1,myquant-strategy,2026-06-25
SH600586,金晶科技,SH,mainboard,sh.600586,1,myquant-strategy,2026-06-25
SH600587,新华医疗,SH,mainboard,sh.600587,1,myquant-strategy,2026-06-25
SH600588,用友网络,SH,mainboard,sh.600588,1,myquant-strategy,2026-06-25
SH600589,大位科技,SH,mainboard,sh.600589,1,myquant-strategy,2026-06-25
SH600590,泰豪科技,SH,mainboard,sh.600590,1,myquant-strategy,2026-06-25
SH600592,龙溪股份,SH,mainboard,sh.600592,1,myquant-strategy,2026-06-25
SH600593,大连圣亚,SH,mainboard,sh.600593,1,myquant-strategy,2026-06-25
SH600594,益佰制药,SH,mainboard,sh.600594,1,myquant-strategy,2026-06-25
SH600595,中孚实业,SH,mainboard,sh.600595,1,myquant-strategy,2026-06-25
SH600596,新安股份,SH,mainboard,sh.600596,1,myquant-strategy,2026-06-25
SH600597,光明乳业,SH,mainboard,sh.600597,1,myquant-strategy,2026-06-25
SH600598,北大荒,SH,mainboard,sh.600598,1,myquant-strategy,2026-06-25
SH600599,*ST熊猫,SH,mainboard,sh.600599,1,myquant-strategy,2026-06-25
SH600600,青岛啤酒,SH,mainboard,sh.600600,1,myquant-strategy,2026-06-25
SH600601,方正科技,SH,mainboard,sh.600601,1,myquant-strategy,2026-06-25
SH600602,云赛智联,SH,mainboard,sh.600602,1,myquant-strategy,2026-06-25
SH600603,广汇物流,SH,mainboard,sh.600603,1,myquant-strategy,2026-06-25
SH600604,市北高新,SH,mainboard,sh.600604,1,myquant-strategy,2026-06-25
SH600605,汇通能源,SH,mainboard,sh.600605,1,myquant-strategy,2026-06-25
SH600606,绿地控股,SH,mainboard,sh.600606,1,myquant-strategy,2026-06-25
SH600608,*ST沪科,SH,mainboard,sh.600608,1,myquant-strategy,2026-06-25
SH600609,金杯汽车,SH,mainboard,sh.600609,1,myquant-strategy,2026-06-25
SH600610,中毅达,SH,mainboard,sh.600610,1,myquant-strategy,2026-06-25
SH600611,大众交通,SH,mainboard,sh.600611,1,myquant-strategy,2026-06-25
SH600612,老凤祥,SH,mainboard,sh.600612,1,myquant-strategy,2026-06-25
SH600613,神奇制药,SH,mainboard,sh.600613,1,myquant-strategy,2026-06-25
SH600615,鑫源智造,SH,mainboard,sh.600615,1,myquant-strategy,2026-06-25
SH600616,金枫酒业,SH,mainboard,sh.600616,1,myquant-strategy,2026-06-25
SH600617,国新能源,SH,mainboard,sh.600617,1,myquant-strategy,2026-06-25
SH600618,氯碱化工,SH,mainboard,sh.600618,1,myquant-strategy,2026-06-25
SH600619,海立股份,SH,mainboard,sh.600619,1,myquant-strategy,2026-06-25
SH600620,天宸股份,SH,mainboard,sh.600620,1,myquant-strategy,2026-06-25
SH600621,华鑫股份,SH,mainboard,sh.600621,1,myquant-strategy,2026-06-25
SH600622,光大嘉宝,SH,mainboard,sh.600622,1,myquant-strategy,2026-06-25
SH600623,华谊集团,SH,mainboard,sh.600623,1,myquant-strategy,2026-06-25
SH600624,ST复华,SH,mainboard,sh.600624,1,myquant-strategy,2026-06-25
SH600626,申达股份,SH,mainboard,sh.600626,1,myquant-strategy,2026-06-25
SH600628,新世界,SH,mainboard,sh.600628,1,myquant-strategy,2026-06-25
SH600629,华建集团,SH,mainboard,sh.600629,1,myquant-strategy,2026-06-25
SH600630,龙头股份,SH,mainboard,sh.600630,1,myquant-strategy,2026-06-25
SH600633,浙数文化,SH,mainboard,sh.600633,1,myquant-strategy,2026-06-25
SH600635,大众公用,SH,mainboard,sh.600635,1,myquant-strategy,2026-06-25
SH600636,*ST国化,SH,mainboard,sh.600636,1,myquant-strategy,2026-06-25
SH600637,东方明珠,SH,mainboard,sh.600637,1,myquant-strategy,2026-06-25
SH600638,新黄浦,SH,mainboard,sh.600638,1,myquant-strategy,2026-06-25
SH600639,浦东金桥,SH,mainboard,sh.600639,1,myquant-strategy,2026-06-25
SH600640,国脉文化,SH,mainboard,sh.600640,1,myquant-strategy,2026-06-25
SH600641,先导基电,SH,mainboard,sh.600641,1,myquant-strategy,2026-06-25
SH600642,申能股份,SH,mainboard,sh.600642,1,myquant-strategy,2026-06-25
SH600643,爱建集团,SH,mainboard,sh.600643,1,myquant-strategy,2026-06-25
SH600644,乐山电力,SH,mainboard,sh.600644,1,myquant-strategy,2026-06-25
SH600645,中源协和,SH,mainboard,sh.600645,1,myquant-strategy,2026-06-25
SH600648,外高桥,SH,mainboard,sh.600648,1,myquant-strategy,2026-06-25
SH600649,城投控股,SH,mainboard,sh.600649,1,myquant-strategy,2026-06-25
SH600650,锦江在线,SH,mainboard,sh.600650,1,myquant-strategy,2026-06-25
SH600651,飞乐音响,SH,mainboard,sh.600651,1,myquant-strategy,2026-06-25
SH600653,申华控股,SH,mainboard,sh.600653,1,myquant-strategy,2026-06-25
SH600654,中安科,SH,mainboard,sh.600654,1,myquant-strategy,2026-06-25
SH600655,豫园股份,SH,mainboard,sh.600655,1,myquant-strategy,2026-06-25
SH600657,信达地产,SH,mainboard,sh.600657,1,myquant-strategy,2026-06-25
SH600658,电子城,SH,mainboard,sh.600658,1,myquant-strategy,2026-06-25
SH600660,福耀玻璃,SH,mainboard,sh.600660,1,myquant-strategy,2026-06-25
SH600661,昂立教育,SH,mainboard,sh.600661,1,myquant-strategy,2026-06-25
SH600662,外服控股,SH,mainboard,sh.600662,1,myquant-strategy,2026-06-25
SH600663,陆家嘴,SH,mainboard,sh.600663,1,myquant-strategy,2026-06-25
SH600664,哈药股份,SH,mainboard,sh.600664,1,myquant-strategy,2026-06-25
SH600665,天地源,SH,mainboard,sh.600665,1,myquant-strategy,2026-06-25
SH600666,奥瑞德,SH,mainboard,sh.600666,1,myquant-strategy,2026-06-25
SH600667,太极实业,SH,mainboard,sh.600667,1,myquant-strategy,2026-06-25
SH600668,尖峰集团,SH,mainboard,sh.600668,1,myquant-strategy,2026-06-25
SH600671,天目药业,SH,mainboard,sh.600671,1,myquant-strategy,2026-06-25
SH600673,东阳光,SH,mainboard,sh.600673,0,myquant-strategy,2026-06-25
SH600674,川投能源,SH,mainboard,sh.600674,1,myquant-strategy,2026-06-25
SH600675,中华企业,SH,mainboard,sh.600675,1,myquant-strategy,2026-06-25
SH600676,交运股份,SH,mainboard,sh.600676,1,myquant-strategy,2026-06-25
SH600678,四川金顶,SH,mainboard,sh.600678,1,myquant-strategy,2026-06-25
SH600679,上海凤凰,SH,mainboard,sh.600679,1,myquant-strategy,2026-06-25
SH600681,百川能源,SH,mainboard,sh.600681,1,myquant-strategy,2026-06-25
SH600682,南京新百,SH,mainboard,sh.600682,1,myquant-strategy,2026-06-25
SH600683,京投发展,SH,mainboard,sh.600683,1,myquant-strategy,2026-06-25
SH600684,珠江股份,SH,mainboard,sh.600684,1,myquant-strategy,2026-06-25
SH600685,中船防务,SH,mainboard,sh.600685,1,myquant-strategy,2026-06-25
SH600686,金龙汽车,SH,mainboard,sh.600686,1,myquant-strategy,2026-06-25
SH600688,上海石化,SH,mainboard,sh.600688,1,myquant-strategy,2026-06-25
SH600689,上海三毛,SH,mainboard,sh.600689,1,myquant-strategy,2026-06-25
SH600690,海尔智家,SH,mainboard,sh.600690,1,myquant-strategy,2026-06-25
SH600691,潞化科技,SH,mainboard,sh.600691,1,myquant-strategy,2026-06-25
SH600692,亚通股份,SH,mainboard,sh.600692,1,myquant-strategy,2026-06-25
SH600693,东百集团,SH,mainboard,sh.600693,1,myquant-strategy,2026-06-25
SH600694,大商股份,SH,mainboard,sh.600694,1,myquant-strategy,2026-06-25
SH600696,*ST岩石,SH,mainboard,sh.600696,1,myquant-strategy,2026-06-25
SH600697,欧亚集团,SH,mainboard,sh.600697,1,myquant-strategy,2026-06-25
SH600698,湖南天雁,SH,mainboard,sh.600698,1,myquant-strategy,2026-06-25
SH600699,均胜电子,SH,mainboard,sh.600699,1,myquant-strategy,2026-06-25
SH600702,舍得酒业,SH,mainboard,sh.600702,1,myquant-strategy,2026-06-25
SH600703,三安光电,SH,mainboard,sh.600703,1,myquant-strategy,2026-06-25
SH600704,物产中大,SH,mainboard,sh.600704,1,myquant-strategy,2026-06-25
SH600706,曲江文旅,SH,mainboard,sh.600706,1,myquant-strategy,2026-06-25
SH600707,彩虹股份,SH,mainboard,sh.600707,1,myquant-strategy,2026-06-25
SH600708,光明地产,SH,mainboard,sh.600708,1,myquant-strategy,2026-06-25
SH600710,苏美达,SH,mainboard,sh.600710,1,myquant-strategy,2026-06-25
SH600711,盛屯矿业,SH,mainboard,sh.600711,1,myquant-strategy,2026-06-25
SH600712,南宁百货,SH,mainboard,sh.600712,1,myquant-strategy,2026-06-25
SH600713,南京医药,SH,mainboard,sh.600713,1,myquant-strategy,2026-06-25
SH600714,金瑞矿业,SH,mainboard,sh.600714,1,myquant-strategy,2026-06-25
SH600715,文投控股,SH,mainboard,sh.600715,1,myquant-strategy,2026-06-25
SH600716,凤凰股份,SH,mainboard,sh.600716,1,myquant-strategy,2026-06-25
SH600717,天津港,SH,mainboard,sh.600717,1,myquant-strategy,2026-06-25
SH600718,东软集团,SH,mainboard,sh.600718,1,myquant-strategy,2026-06-25
SH600719,大连热电,SH,mainboard,sh.600719,1,myquant-strategy,2026-06-25
SH600720,中交设计,SH,mainboard,sh.600720,1,myquant-strategy,2026-06-25
SH600721,百花医药,SH,mainboard,sh.600721,1,myquant-strategy,2026-06-25
SH600722,金牛化工,SH,mainboard,sh.600722,1,myquant-strategy,2026-06-25
SH600724,宁波富达,SH,mainboard,sh.600724,1,myquant-strategy,2026-06-25
SH600725,云维股份,SH,mainboard,sh.600725,1,myquant-strategy,2026-06-25
SH600726,华电能源,SH,mainboard,sh.600726,1,myquant-strategy,2026-06-25
SH600727,鲁北化工,SH,mainboard,sh.600727,1,myquant-strategy,2026-06-25
SH600728,佳都科技,SH,mainboard,sh.600728,1,myquant-strategy,2026-06-25
SH600729,重庆百货,SH,mainboard,sh.600729,1,myquant-strategy,2026-06-25
SH600730,中国高科,SH,mainboard,sh.600730,1,myquant-strategy,2026-06-25
SH600731,湖南海利,SH,mainboard,sh.600731,1,myquant-strategy,2026-06-25
SH600732,爱旭股份,SH,mainboard,sh.600732,1,myquant-strategy,2026-06-25
SH600733,北汽蓝谷,SH,mainboard,sh.600733,1,myquant-strategy,2026-06-25
SH600734,实达集团,SH,mainboard,sh.600734,1,myquant-strategy,2026-06-25
SH600735,ST新华锦,SH,mainboard,sh.600735,0,myquant-strategy,2026-06-25
SH600736,苏州高新,SH,mainboard,sh.600736,1,myquant-strategy,2026-06-25
SH600737,中粮糖业,SH,mainboard,sh.600737,1,myquant-strategy,2026-06-25
SH600738,丽尚国潮,SH,mainboard,sh.600738,1,myquant-strategy,2026-06-25
SH600739,辽宁成大,SH,mainboard,sh.600739,1,myquant-strategy,2026-06-25
SH600740,山西焦化,SH,mainboard,sh.600740,1,myquant-strategy,2026-06-25
SH600741,华域汽车,SH,mainboard,sh.600741,1,myquant-strategy,2026-06-25
SH600742,富维股份,SH,mainboard,sh.600742,1,myquant-strategy,2026-06-25
SH600743,华远控股,SH,mainboard,sh.600743,1,myquant-strategy,2026-06-25
SH600744,华银电力,SH,mainboard,sh.600744,1,myquant-strategy,2026-06-25
SH600745,闻泰科技,SH,mainboard,sh.600745,1,myquant-strategy,2026-06-25
SH600746,江苏索普,SH,mainboard,sh.600746,1,myquant-strategy,2026-06-25
SH600748,上实发展,SH,mainboard,sh.600748,1,myquant-strategy,2026-06-25
SH600749,西藏旅游,SH,mainboard,sh.600749,1,myquant-strategy,2026-06-25
SH600750,华润江中,SH,mainboard,sh.600750,1,myquant-strategy,2026-06-25
SH600751,海航科技,SH,mainboard,sh.600751,1,myquant-strategy,2026-06-25
SH600753,*ST海钦,SH,mainboard,sh.600753,1,myquant-strategy,2026-06-25
SH600754,锦江酒店,SH,mainboard,sh.600754,1,myquant-strategy,2026-06-25
SH600755,厦门国贸,SH,mainboard,sh.600755,1,myquant-strategy,2026-06-25
SH600756,浪潮软件,SH,mainboard,sh.600756,1,myquant-strategy,2026-06-25
SH600757,长江传媒,SH,mainboard,sh.600757,1,myquant-strategy,2026-06-25
SH600758,辽宁能源,SH,mainboard,sh.600758,1,myquant-strategy,2026-06-25
SH600759,洲际油气,SH,mainboard,sh.600759,1,myquant-strategy,2026-06-25
SH600760,中航沈飞,SH,mainboard,sh.600760,1,myquant-strategy,2026-06-25
SH600761,安徽合力,SH,mainboard,sh.600761,1,myquant-strategy,2026-06-25
SH600763,通策医疗,SH,mainboard,sh.600763,1,myquant-strategy,2026-06-25
SH600764,中国海防,SH,mainboard,sh.600764,1,myquant-strategy,2026-06-25
SH600765,中航重机,SH,mainboard,sh.600765,1,myquant-strategy,2026-06-25
SH600768,宁波富邦,SH,mainboard,sh.600768,1,myquant-strategy,2026-06-25
SH600769,祥龙电业,SH,mainboard,sh.600769,1,myquant-strategy,2026-06-25
SH600770,综艺股份,SH,mainboard,sh.600770,1,myquant-strategy,2026-06-25
SH600771,广誉远,SH,mainboard,sh.600771,1,myquant-strategy,2026-06-25
SH600773,西藏城投,SH,mainboard,sh.600773,1,myquant-strategy,2026-06-25
SH600774,汉商集团,SH,mainboard,sh.600774,1,myquant-strategy,2026-06-25
SH600775,南京熊猫,SH,mainboard,sh.600775,1,myquant-strategy,2026-06-25
SH600776,东方通信,SH,mainboard,sh.600776,1,myquant-strategy,2026-06-25
SH600777,*ST新潮,SH,mainboard,sh.600777,1,myquant-strategy,2026-06-25
SH600778,友好集团,SH,mainboard,sh.600778,1,myquant-strategy,2026-06-25
SH600779,水井坊,SH,mainboard,sh.600779,1,myquant-strategy,2026-06-25
SH600780,通宝能源,SH,mainboard,sh.600780,1,myquant-strategy,2026-06-25
SH600782,新钢股份,SH,mainboard,sh.600782,1,myquant-strategy,2026-06-25
SH600783,鲁信创投,SH,mainboard,sh.600783,1,myquant-strategy,2026-06-25
SH600784,鲁银投资,SH,mainboard,sh.600784,1,myquant-strategy,2026-06-25
SH600785,新华百货,SH,mainboard,sh.600785,1,myquant-strategy,2026-06-25
SH600787,中储股份,SH,mainboard,sh.600787,1,myquant-strategy,2026-06-25
SH600789,鲁抗医药,SH,mainboard,sh.600789,1,myquant-strategy,2026-06-25
SH600790,轻纺城,SH,mainboard,sh.600790,1,myquant-strategy,2026-06-25
SH600791,京能置业,SH,mainboard,sh.600791,1,myquant-strategy,2026-06-25
SH600792,云煤能源,SH,mainboard,sh.600792,1,myquant-strategy,2026-06-25
SH600793,宜宾纸业,SH,mainboard,sh.600793,1,myquant-strategy,2026-06-25
SH600794,保税科技,SH,mainboard,sh.600794,1,myquant-strategy,2026-06-25
SH600795,国电电力,SH,mainboard,sh.600795,1,myquant-strategy,2026-06-25
SH600796,钱江生化,SH,mainboard,sh.600796,1,myquant-strategy,2026-06-25
SH600797,浙大网新,SH,mainboard,sh.600797,1,myquant-strategy,2026-06-25
SH600798,宁波海运,SH,mainboard,sh.600798,1,myquant-strategy,2026-06-25
SH600800,渤海化学,SH,mainboard,sh.600800,1,myquant-strategy,2026-06-25
SH600801,华新建材,SH,mainboard,sh.600801,1,myquant-strategy,2026-06-25
SH600802,福建水泥,SH,mainboard,sh.600802,1,myquant-strategy,2026-06-25
SH600803,新奥股份,SH,mainboard,sh.600803,1,myquant-strategy,2026-06-25
SH600805,悦达投资,SH,mainboard,sh.600805,1,myquant-strategy,2026-06-25
SH600807,济高发展,SH,mainboard,sh.600807,1,myquant-strategy,2026-06-25
SH600808,马钢股份,SH,mainboard,sh.600808,1,myquant-strategy,2026-06-25
SH600809,山西汾酒,SH,mainboard,sh.600809,1,myquant-strategy,2026-06-25
SH600810,神马股份,SH,mainboard,sh.600810,1,myquant-strategy,2026-06-25
SH600812,华北制药,SH,mainboard,sh.600812,1,myquant-strategy,2026-06-25
SH600814,杭州解百,SH,mainboard,sh.600814,1,myquant-strategy,2026-06-25
SH600815,厦工股份,SH,mainboard,sh.600815,1,myquant-strategy,2026-06-25
SH600816,建元信托,SH,mainboard,sh.600816,1,myquant-strategy,2026-06-25
SH600817,宇通重工,SH,mainboard,sh.600817,1,myquant-strategy,2026-06-25
SH600818,中路股份,SH,mainboard,sh.600818,1,myquant-strategy,2026-06-25
SH600819,耀皮玻璃,SH,mainboard,sh.600819,1,myquant-strategy,2026-06-25
SH600820,隧道股份,SH,mainboard,sh.600820,1,myquant-strategy,2026-06-25
SH600821,金开新能,SH,mainboard,sh.600821,1,myquant-strategy,2026-06-25
SH600822,上海物贸,SH,mainboard,sh.600822,1,myquant-strategy,2026-06-25
SH600824,益民集团,SH,mainboard,sh.600824,1,myquant-strategy,2026-06-25
SH600825,新华传媒,SH,mainboard,sh.600825,1,myquant-strategy,2026-06-25
SH600826,兰生股份,SH,mainboard,sh.600826,1,myquant-strategy,2026-06-25
SH600827,百联股份,SH,mainboard,sh.600827,1,myquant-strategy,2026-06-25
SH600828,茂业商业,SH,mainboard,sh.600828,1,myquant-strategy,2026-06-25
SH600829,人民同泰,SH,mainboard,sh.600829,1,myquant-strategy,2026-06-25
SH600830,香溢融通,SH,mainboard,sh.600830,1,myquant-strategy,2026-06-25
SH600831,广电网络,SH,mainboard,sh.600831,1,myquant-strategy,2026-06-25
SH600833,第一医药,SH,mainboard,sh.600833,1,myquant-strategy,2026-06-25
SH600834,申通地铁,SH,mainboard,sh.600834,1,myquant-strategy,2026-06-25
SH600835,上海机电,SH,mainboard,sh.600835,1,myquant-strategy,2026-06-25
SH600838,上海九百,SH,mainboard,sh.600838,1,myquant-strategy,2026-06-25
SH600839,四川长虹,SH,mainboard,sh.600839,1,myquant-strategy,2026-06-25
SH600841,动力新科,SH,mainboard,sh.600841,1,myquant-strategy,2026-06-25
SH600843,上工申贝,SH,mainboard,sh.600843,1,myquant-strategy,2026-06-25
SH600844,金煤科技,SH,mainboard,sh.600844,1,myquant-strategy,2026-06-25
SH600845,宝信软件,SH,mainboard,sh.600845,1,myquant-strategy,2026-06-25
SH600846,同济科技,SH,mainboard,sh.600846,1,myquant-strategy,2026-06-25
SH600847,万里股份,SH,mainboard,sh.600847,1,myquant-strategy,2026-06-25
SH600848,上海临港,SH,mainboard,sh.600848,1,myquant-strategy,2026-06-25
SH600850,电科数字,SH,mainboard,sh.600850,1,myquant-strategy,2026-06-25
SH600851,海欣股份,SH,mainboard,sh.600851,1,myquant-strategy,2026-06-25
SH600853,龙建股份,SH,mainboard,sh.600853,1,myquant-strategy,2026-06-25
SH600854,春兰股份,SH,mainboard,sh.600854,1,myquant-strategy,2026-06-25
SH600855,航天长峰,SH,mainboard,sh.600855,1,myquant-strategy,2026-06-25
SH600857,宁波中百,SH,mainboard,sh.600857,1,myquant-strategy,2026-06-25
SH600858,银座股份,SH,mainboard,sh.600858,1,myquant-strategy,2026-06-25
SH600859,王府井,SH,mainboard,sh.600859,1,myquant-strategy,2026-06-25
SH600860,京城股份,SH,mainboard,sh.600860,1,myquant-strategy,2026-06-25
SH600861,北京人力,SH,mainboard,sh.600861,1,myquant-strategy,2026-06-25
SH600862,中航高科,SH,mainboard,sh.600862,1,myquant-strategy,2026-06-25
SH600863,内蒙华电,SH,mainboard,sh.600863,1,myquant-strategy,2026-06-25
SH600864,哈投股份,SH,mainboard,sh.600864,1,myquant-strategy,2026-06-25
SH600865,百大集团,SH,mainboard,sh.600865,1,myquant-strategy,2026-06-25
SH600866,星湖科技,SH,mainboard,sh.600866,1,myquant-strategy,2026-06-25
SH600867,通化东宝,SH,mainboard,sh.600867,1,myquant-strategy,2026-06-25
SH600868,梅雁吉祥,SH,mainboard,sh.600868,1,myquant-strategy,2026-06-25
SH600869,远东股份,SH,mainboard,sh.600869,1,myquant-strategy,2026-06-25
SH600871,石化油服,SH,mainboard,sh.600871,1,myquant-strategy,2026-06-25
SH600872,中炬高新,SH,mainboard,sh.600872,1,myquant-strategy,2026-06-25
SH600873,梅花生物,SH,mainboard,sh.600873,1,myquant-strategy,2026-06-25
SH600874,创业环保,SH,mainboard,sh.600874,1,myquant-strategy,2026-06-25
SH600875,东方电气,SH,mainboard,sh.600875,1,myquant-strategy,2026-06-25
SH600876,凯盛新能,SH,mainboard,sh.600876,1,myquant-strategy,2026-06-25
SH600877,电科芯片,SH,mainboard,sh.600877,1,myquant-strategy,2026-06-25
SH600879,航天电子,SH,mainboard,sh.600879,1,myquant-strategy,2026-06-25
SH600880,博瑞传播,SH,mainboard,sh.600880,1,myquant-strategy,2026-06-25
SH600881,亚泰集团,SH,mainboard,sh.600881,1,myquant-strategy,2026-06-25
SH600882,妙可蓝多,SH,mainboard,sh.600882,1,myquant-strategy,2026-06-25
SH600883,博闻科技,SH,mainboard,sh.600883,1,myquant-strategy,2026-06-25
SH600884,杉杉股份,SH,mainboard,sh.600884,1,myquant-strategy,2026-06-25
SH600885,宏发股份,SH,mainboard,sh.600885,1,myquant-strategy,2026-06-25
SH600886,国投电力,SH,mainboard,sh.600886,1,myquant-strategy,2026-06-25
SH600887,伊利股份,SH,mainboard,sh.600887,1,myquant-strategy,2026-06-25
SH600888,新疆众和,SH,mainboard,sh.600888,1,myquant-strategy,2026-06-25
SH600889,南京化纤,SH,mainboard,sh.600889,1,myquant-strategy,2026-06-25
SH600892,*ST大晟,SH,mainboard,sh.600892,1,myquant-strategy,2026-06-25
SH600893,航发动力,SH,mainboard,sh.600893,1,myquant-strategy,2026-06-25
SH600894,广日股份,SH,mainboard,sh.600894,1,myquant-strategy,2026-06-25
SH600895,张江高科,SH,mainboard,sh.600895,1,myquant-strategy,2026-06-25
SH600897,厦门空港,SH,mainboard,sh.600897,1,myquant-strategy,2026-06-25
SH600900,长江电力,SH,mainboard,sh.600900,1,myquant-strategy,2026-06-25
SH600901,江苏金租,SH,mainboard,sh.600901,1,myquant-strategy,2026-06-25
SH600903,贵州燃气,SH,mainboard,sh.600903,1,myquant-strategy,2026-06-25
SH600905,三峡能源,SH,mainboard,sh.600905,1,myquant-strategy,2026-06-25
SH600906,财达证券,SH,mainboard,sh.600906,1,myquant-strategy,2026-06-25
SH600908,无锡银行,SH,mainboard,sh.600908,1,myquant-strategy,2026-06-25
SH600909,华安证券,SH,mainboard,sh.600909,1,myquant-strategy,2026-06-25
SH600916,中国黄金,SH,mainboard,sh.600916,1,myquant-strategy,2026-06-25
SH600917,重庆燃气,SH,mainboard,sh.600917,1,myquant-strategy,2026-06-25
SH600918,中泰证券,SH,mainboard,sh.600918,1,myquant-strategy,2026-06-25
SH600919,江苏银行,SH,mainboard,sh.600919,1,myquant-strategy,2026-06-25
SH600925,苏能股份,SH,mainboard,sh.600925,1,myquant-strategy,2026-06-25
SH600926,杭州银行,SH,mainboard,sh.600926,1,myquant-strategy,2026-06-25
SH600927,永安期货,SH,mainboard,sh.600927,1,myquant-strategy,2026-06-25
SH600928,西安银行,SH,mainboard,sh.600928,1,myquant-strategy,2026-06-25
SH600929,雪天盐业,SH,mainboard,sh.600929,1,myquant-strategy,2026-06-25
SH600930,华电新能,SH,mainboard,sh.600930,1,myquant-strategy,2026-06-25
SH600933,爱柯迪,SH,mainboard,sh.600933,1,myquant-strategy,2026-06-25
SH600935,华塑股份,SH,mainboard,sh.600935,1,myquant-strategy,2026-06-25
SH600936,北投科技,SH,mainboard,sh.600936,1,myquant-strategy,2026-06-25
SH600938,中国海油,SH,mainboard,sh.600938,1,myquant-strategy,2026-06-25
SH600939,重庆建工,SH,mainboard,sh.600939,1,myquant-strategy,2026-06-25
SH600941,中国移动,SH,mainboard,sh.600941,1,myquant-strategy,2026-06-25
SH600955,维远股份,SH,mainboard,sh.600955,1,myquant-strategy,2026-06-25
SH600956,新天绿能,SH,mainboard,sh.600956,1,myquant-strategy,2026-06-25
SH600958,东方证券,SH,mainboard,sh.600958,1,myquant-strategy,2026-06-25
SH600959,江苏有线,SH,mainboard,sh.600959,1,myquant-strategy,2026-06-25
SH600960,渤海汽车,SH,mainboard,sh.600960,1,myquant-strategy,2026-06-25
SH600961,株冶集团,SH,mainboard,sh.600961,1,myquant-strategy,2026-06-25
SH600962,国投中鲁,SH,mainboard,sh.600962,1,myquant-strategy,2026-06-25
SH600963,岳阳林纸,SH,mainboard,sh.600963,1,myquant-strategy,2026-06-25
SH600965,福成股份,SH,mainboard,sh.600965,1,myquant-strategy,2026-06-25
SH600966,博汇纸业,SH,mainboard,sh.600966,1,myquant-strategy,2026-06-25
SH600967,内蒙一机,SH,mainboard,sh.600967,1,myquant-strategy,2026-06-25
SH600968,海油发展,SH,mainboard,sh.600968,1,myquant-strategy,2026-06-25
SH600969,郴电国际,SH,mainboard,sh.600969,1,myquant-strategy,2026-06-25
SH600970,中材国际,SH,mainboard,sh.600970,1,myquant-strategy,2026-06-25
SH600971,恒源煤电,SH,mainboard,sh.600971,1,myquant-strategy,2026-06-25
SH600973,宝胜股份,SH,mainboard,sh.600973,1,myquant-strategy,2026-06-25
SH600975,新五丰,SH,mainboard,sh.600975,1,myquant-strategy,2026-06-25
SH600976,健民集团,SH,mainboard,sh.600976,1,myquant-strategy,2026-06-25
SH600977,中国电影,SH,mainboard,sh.600977,1,myquant-strategy,2026-06-25
SH600979,广安爱众,SH,mainboard,sh.600979,1,myquant-strategy,2026-06-25
SH600980,北矿科技,SH,mainboard,sh.600980,1,myquant-strategy,2026-06-25
SH600981,苏豪汇鸿,SH,mainboard,sh.600981,1,myquant-strategy,2026-06-25
SH600982,宁波能源,SH,mainboard,sh.600982,1,myquant-strategy,2026-06-25
SH600983,惠而浦,SH,mainboard,sh.600983,1,myquant-strategy,2026-06-25
SH600984,建设机械,SH,mainboard,sh.600984,1,myquant-strategy,2026-06-25
SH600985,淮北矿业,SH,mainboard,sh.600985,1,myquant-strategy,2026-06-25
SH600986,浙文互联,SH,mainboard,sh.600986,1,myquant-strategy,2026-06-25
SH600987,航民股份,SH,mainboard,sh.600987,1,myquant-strategy,2026-06-25
SH600988,赤峰黄金,SH,mainboard,sh.600988,1,myquant-strategy,2026-06-25
SH600989,宝丰能源,SH,mainboard,sh.600989,1,myquant-strategy,2026-06-25
SH600990,四创电子,SH,mainboard,sh.600990,1,myquant-strategy,2026-06-25
SH600992,贵绳股份,SH,mainboard,sh.600992,1,myquant-strategy,2026-06-25
SH600993,马应龙,SH,mainboard,sh.600993,1,myquant-strategy,2026-06-25
SH600995,南网储能,SH,mainboard,sh.600995,1,myquant-strategy,2026-06-25
SH600996,贵广网络,SH,mainboard,sh.600996,1,myquant-strategy,2026-06-25
SH600997,开滦股份,SH,mainboard,sh.600997,1,myquant-strategy,2026-06-25
SH600998,九州通,SH,mainboard,sh.600998,1,myquant-strategy,2026-06-25
SH600999,招商证券,SH,mainboard,sh.600999,1,myquant-strategy,2026-06-25
SH601000,唐山港,SH,mainboard,sh.601000,1,myquant-strategy,2026-06-25
SH601001,晋控煤业,SH,mainboard,sh.601001,1,myquant-strategy,2026-06-25
SH601002,晋亿实业,SH,mainboard,sh.601002,1,myquant-strategy,2026-06-25
SH601003,柳钢股份,SH,mainboard,sh.601003,1,myquant-strategy,2026-06-25
SH601005,重庆钢铁,SH,mainboard,sh.601005,1,myquant-strategy,2026-06-25
SH601006,大秦铁路,SH,mainboard,sh.601006,1,myquant-strategy,2026-06-25
SH601007,金陵饭店,SH,mainboard,sh.601007,1,myquant-strategy,2026-06-25
SH601008,连云港,SH,mainboard,sh.601008,1,myquant-strategy,2026-06-25
SH601009,南京银行,SH,mainboard,sh.601009,1,myquant-strategy,2026-06-25
SH601010,文峰股份,SH,mainboard,sh.601010,1,myquant-strategy,2026-06-25
SH601011,宝泰隆,SH,mainboard,sh.601011,1,myquant-strategy,2026-06-25
SH601012,隆基绿能,SH,mainboard,sh.601012,1,myquant-strategy,2026-06-25
SH601015,陕西黑猫,SH,mainboard,sh.601015,1,myquant-strategy,2026-06-25
SH601016,节能风电,SH,mainboard,sh.601016,1,myquant-strategy,2026-06-25
SH601018,宁波港,SH,mainboard,sh.601018,1,myquant-strategy,2026-06-25
SH601019,山东出版,SH,mainboard,sh.601019,1,myquant-strategy,2026-06-25
SH601020,华钰矿业,SH,mainboard,sh.601020,1,myquant-strategy,2026-06-25
SH601021,春秋航空,SH,mainboard,sh.601021,1,myquant-strategy,2026-06-25
SH601022,宁波远洋,SH,mainboard,sh.601022,1,myquant-strategy,2026-06-25
SH601026,道生天合,SH,mainboard,sh.601026,1,myquant-strategy,2026-06-25
SH601033,永兴股份,SH,mainboard,sh.601033,1,myquant-strategy,2026-06-25
SH601038,一拖股份,SH,mainboard,sh.601038,1,myquant-strategy,2026-06-25
SH601058,赛轮轮胎,SH,mainboard,sh.601058,1,myquant-strategy,2026-06-25
SH601059,信达证券,SH,mainboard,sh.601059,1,myquant-strategy,2026-06-25
SH601061,中信金属,SH,mainboard,sh.601061,1,myquant-strategy,2026-06-25
SH601065,江盐集团,SH,mainboard,sh.601065,1,myquant-strategy,2026-06-25
SH601066,中信建投,SH,mainboard,sh.601066,1,myquant-strategy,2026-06-25
SH601068,中铝国际,SH,mainboard,sh.601068,1,myquant-strategy,2026-06-25
SH601069,西部黄金,SH,mainboard,sh.601069,1,myquant-strategy,2026-06-25
SH601077,渝农商行,SH,mainboard,sh.601077,1,myquant-strategy,2026-06-25
SH601083,锦江航运,SH,mainboard,sh.601083,1,myquant-strategy,2026-06-25
SH601086,国芳集团,SH,mainboard,sh.601086,1,myquant-strategy,2026-06-25
SH601088,中国神华,SH,mainboard,sh.601088,1,myquant-strategy,2026-06-25
SH601089,福元医药,SH,mainboard,sh.601089,1,myquant-strategy,2026-06-25
SH601096,宏盛华源,SH,mainboard,sh.601096,1,myquant-strategy,2026-06-25
SH601098,中南传媒,SH,mainboard,sh.601098,1,myquant-strategy,2026-06-25
SH601099,太平洋,SH,mainboard,sh.601099,1,myquant-strategy,2026-06-25
SH601100,恒立液压,SH,mainboard,sh.601100,1,myquant-strategy,2026-06-25
SH601101,昊华能源,SH,mainboard,sh.601101,1,myquant-strategy,2026-06-25
SH601106,中国一重,SH,mainboard,sh.601106,1,myquant-strategy,2026-06-25
SH601107,四川成渝,SH,mainboard,sh.601107,1,myquant-strategy,2026-06-25
SH601108,财通证券,SH,mainboard,sh.601108,1,myquant-strategy,2026-06-25
SH601111,中国国航,SH,mainboard,sh.601111,1,myquant-strategy,2026-06-25
SH601112,振石股份,SH,mainboard,sh.601112,1,myquant-strategy,2026-06-25
SH601113,华鼎股份,SH,mainboard,sh.601113,1,myquant-strategy,2026-06-25
SH601116,三江购物,SH,mainboard,sh.601116,1,myquant-strategy,2026-06-25
SH601117,中国化学,SH,mainboard,sh.601117,1,myquant-strategy,2026-06-25
SH601118,海南橡胶,SH,mainboard,sh.601118,1,myquant-strategy,2026-06-25
SH601121,宝地矿业,SH,mainboard,sh.601121,1,myquant-strategy,2026-06-25
SH601126,四方股份,SH,mainboard,sh.601126,1,myquant-strategy,2026-06-25
SH601127,赛力斯,SH,mainboard,sh.601127,1,myquant-strategy,2026-06-25
SH601128,常熟银行,SH,mainboard,sh.601128,1,myquant-strategy,2026-06-25
SH601133,柏诚股份,SH,mainboard,sh.601133,1,myquant-strategy,2026-06-25
SH601136,首创证券,SH,mainboard,sh.601136,1,myquant-strategy,2026-06-25
SH601137,博威合金,SH,mainboard,sh.601137,1,myquant-strategy,2026-06-25
SH601138,工业富联,SH,mainboard,sh.601138,1,myquant-strategy,2026-06-25
SH601139,深圳燃气,SH,mainboard,sh.601139,1,myquant-strategy,2026-06-25
SH601155,新城控股,SH,mainboard,sh.601155,1,myquant-strategy,2026-06-25
SH601156,东航物流,SH,mainboard,sh.601156,1,myquant-strategy,2026-06-25
SH601158,重庆水务,SH,mainboard,sh.601158,1,myquant-strategy,2026-06-25
SH601162,天风证券,SH,mainboard,sh.601162,1,myquant-strategy,2026-06-25
SH601163,三角轮胎,SH,mainboard,sh.601163,1,myquant-strategy,2026-06-25
SH601166,兴业银行,SH,mainboard,sh.601166,1,myquant-strategy,2026-06-25
SH601168,西部矿业,SH,mainboard,sh.601168,1,myquant-strategy,2026-06-25
SH601169,北京银行,SH,mainboard,sh.601169,1,myquant-strategy,2026-06-25
SH601177,杭齿前进,SH,mainboard,sh.601177,1,myquant-strategy,2026-06-25
SH601179,中国西电,SH,mainboard,sh.601179,1,myquant-strategy,2026-06-25
SH601186,中国铁建,SH,mainboard,sh.601186,1,myquant-strategy,2026-06-25
SH601187,厦门银行,SH,mainboard,sh.601187,1,myquant-strategy,2026-06-25
SH601188,龙江交通,SH,mainboard,sh.601188,1,myquant-strategy,2026-06-25
SH601198,东兴证券,SH,mainboard,sh.601198,1,myquant-strategy,2026-06-25
SH601199,江南水务,SH,mainboard,sh.601199,1,myquant-strategy,2026-06-25
SH601200,上海环境,SH,mainboard,sh.601200,1,myquant-strategy,2026-06-25
SH601208,东材科技,SH,mainboard,sh.601208,1,myquant-strategy,2026-06-25
SH601211,国泰海通,SH,mainboard,sh.601211,1,myquant-strategy,2026-06-25
SH601212,白银有色,SH,mainboard,sh.601212,1,myquant-strategy,2026-06-25
SH601216,君正集团,SH,mainboard,sh.601216,1,myquant-strategy,2026-06-25
SH601218,吉鑫科技,SH,mainboard,sh.601218,1,myquant-strategy,2026-06-25
SH601222,林洋能源,SH,mainboard,sh.601222,1,myquant-strategy,2026-06-25
SH601225,陕西煤业,SH,mainboard,sh.601225,1,myquant-strategy,2026-06-25
SH601226,华电科工,SH,mainboard,sh.601226,1,myquant-strategy,2026-06-25
SH601228,广州港,SH,mainboard,sh.601228,1,myquant-strategy,2026-06-25
SH601229,上海银行,SH,mainboard,sh.601229,1,myquant-strategy,2026-06-25
SH601231,环旭电子,SH,mainboard,sh.601231,1,myquant-strategy,2026-06-25
SH601233,桐昆股份,SH,mainboard,sh.601233,1,myquant-strategy,2026-06-25
SH601236,红塔证券,SH,mainboard,sh.601236,1,myquant-strategy,2026-06-25
SH601238,广汽集团,SH,mainboard,sh.601238,1,myquant-strategy,2026-06-25
SH601279,英利汽车,SH,mainboard,sh.601279,1,myquant-strategy,2026-06-25
SH601288,农业银行,SH,mainboard,sh.601288,1,myquant-strategy,2026-06-25
SH601298,青岛港,SH,mainboard,sh.601298,1,myquant-strategy,2026-06-25
SH601311,骆驼股份,SH,mainboard,sh.601311,1,myquant-strategy,2026-06-25
SH601318,中国平安,SH,mainboard,sh.601318,1,myquant-strategy,2026-06-25
SH601319,中国人保,SH,mainboard,sh.601319,1,myquant-strategy,2026-06-25
SH601326,秦港股份,SH,mainboard,sh.601326,1,myquant-strategy,2026-06-25
SH601328,交通银行,SH,mainboard,sh.601328,1,myquant-strategy,2026-06-25
SH601330,绿色动力,SH,mainboard,sh.601330,1,myquant-strategy,2026-06-25
SH601333,广深铁路,SH,mainboard,sh.601333,1,myquant-strategy,2026-06-25
SH601336,新华保险,SH,mainboard,sh.601336,1,myquant-strategy,2026-06-25
SH601339,百隆东方,SH,mainboard,sh.601339,1,myquant-strategy,2026-06-25
SH601360,三六零,SH,mainboard,sh.601360,1,myquant-strategy,2026-06-25
SH601366,利群股份,SH,mainboard,sh.601366,1,myquant-strategy,2026-06-25
SH601368,绿城水务,SH,mainboard,sh.601368,1,myquant-strategy,2026-06-25
SH601369,陕鼓动力,SH,mainboard,sh.601369,1,myquant-strategy,2026-06-25
SH601375,中原证券,SH,mainboard,sh.601375,1,myquant-strategy,2026-06-25
SH601377,兴业证券,SH,mainboard,sh.601377,1,myquant-strategy,2026-06-25
SH601388,怡球资源,SH,mainboard,sh.601388,1,myquant-strategy,2026-06-25
SH601390,中国中铁,SH,mainboard,sh.601390,1,myquant-strategy,2026-06-25
SH601398,工商银行,SH,mainboard,sh.601398,1,myquant-strategy,2026-06-25
SH601399,国机重装,SH,mainboard,sh.601399,1,myquant-strategy,2026-06-25
SH601456,国联民生,SH,mainboard,sh.601456,1,myquant-strategy,2026-06-25
SH601500,通用股份,SH,mainboard,sh.601500,1,myquant-strategy,2026-06-25
SH601512,中新集团,SH,mainboard,sh.601512,1,myquant-strategy,2026-06-25
SH601515,衢州东峰,SH,mainboard,sh.601515,1,myquant-strategy,2026-06-25
SH601518,吉林高速,SH,mainboard,sh.601518,1,myquant-strategy,2026-06-25
SH601519,大智慧,SH,mainboard,sh.601519,1,myquant-strategy,2026-06-25
SH601528,瑞丰银行,SH,mainboard,sh.601528,1,myquant-strategy,2026-06-25
SH601555,东吴证券,SH,mainboard,sh.601555,0,myquant-strategy,2026-06-25
SH601566,九牧王,SH,mainboard,sh.601566,1,myquant-strategy,2026-06-25
SH601567,三星医疗,SH,mainboard,sh.601567,1,myquant-strategy,2026-06-25
SH601568,北元集团,SH,mainboard,sh.601568,1,myquant-strategy,2026-06-25
SH601577,长沙银行,SH,mainboard,sh.601577,1,myquant-strategy,2026-06-25
SH601579,会稽山,SH,mainboard,sh.601579,1,myquant-strategy,2026-06-25
SH601588,北辰实业,SH,mainboard,sh.601588,1,myquant-strategy,2026-06-25
SH601595,上海电影,SH,mainboard,sh.601595,1,myquant-strategy,2026-06-25
SH601598,中国外运,SH,mainboard,sh.601598,1,myquant-strategy,2026-06-25
SH601599,浙文影业,SH,mainboard,sh.601599,1,myquant-strategy,2026-06-25
SH601600,中国铝业,SH,mainboard,sh.601600,1,myquant-strategy,2026-06-25
SH601601,中国太保,SH,mainboard,sh.601601,1,myquant-strategy,2026-06-25
SH601606,长城军工,SH,mainboard,sh.601606,1,myquant-strategy,2026-06-25
SH601607,上海医药,SH,mainboard,sh.601607,1,myquant-strategy,2026-06-25
SH601608,中信重工,SH,mainboard,sh.601608,1,myquant-strategy,2026-06-25
SH601609,金田股份,SH,mainboard,sh.601609,1,myquant-strategy,2026-06-25
SH601611,中国核建,SH,mainboard,sh.601611,1,myquant-strategy,2026-06-25
SH601615,明阳智能,SH,mainboard,sh.601615,1,myquant-strategy,2026-06-25
SH601616,广电电气,SH,mainboard,sh.601616,1,myquant-strategy,2026-06-25
SH601618,中国中冶,SH,mainboard,sh.601618,1,myquant-strategy,2026-06-25
SH601619,嘉泽新能,SH,mainboard,sh.601619,1,myquant-strategy,2026-06-25
SH601628,中国人寿,SH,mainboard,sh.601628,1,myquant-strategy,2026-06-25
SH601633,长城汽车,SH,mainboard,sh.601633,1,myquant-strategy,2026-06-25
SH601636,旗滨集团,SH,mainboard,sh.601636,1,myquant-strategy,2026-06-25
SH601658,邮储银行,SH,mainboard,sh.601658,1,myquant-strategy,2026-06-25
SH601665,齐鲁银行,SH,mainboard,sh.601665,1,myquant-strategy,2026-06-25
SH601666,平煤股份,SH,mainboard,sh.601666,1,myquant-strategy,2026-06-25
SH601668,中国建筑,SH,mainboard,sh.601668,1,myquant-strategy,2026-06-25
SH601669,中国电建,SH,mainboard,sh.601669,1,myquant-strategy,2026-06-25
SH601677,明泰铝业,SH,mainboard,sh.601677,1,myquant-strategy,2026-06-25
SH601678,滨化股份,SH,mainboard,sh.601678,1,myquant-strategy,2026-06-25
SH601686,友发集团,SH,mainboard,sh.601686,1,myquant-strategy,2026-06-25
SH601688,华泰证券,SH,mainboard,sh.601688,1,myquant-strategy,2026-06-25
SH601689,拓普集团,SH,mainboard,sh.601689,1,myquant-strategy,2026-06-25
SH601696,中银证券,SH,mainboard,sh.601696,1,myquant-strategy,2026-06-25
SH601698,中国卫通,SH,mainboard,sh.601698,1,myquant-strategy,2026-06-25
SH601699,潞安环能,SH,mainboard,sh.601699,1,myquant-strategy,2026-06-25
SH601700,风范股份,SH,mainboard,sh.601700,1,myquant-strategy,2026-06-25
SH601702,华峰铝业,SH,mainboard,sh.601702,1,myquant-strategy,2026-06-25
SH601717,中创智领,SH,mainboard,sh.601717,1,myquant-strategy,2026-06-25
SH601718,际华集团,SH,mainboard,sh.601718,1,myquant-strategy,2026-06-25
SH601727,上海电气,SH,mainboard,sh.601727,1,myquant-strategy,2026-06-25
SH601728,中国电信,SH,mainboard,sh.601728,1,myquant-strategy,2026-06-25
SH601766,中国中车,SH,mainboard,sh.601766,1,myquant-strategy,2026-06-25
SH601777,千里科技,SH,mainboard,sh.601777,1,myquant-strategy,2026-06-25
SH601778,晶科科技,SH,mainboard,sh.601778,1,myquant-strategy,2026-06-25
SH601788,光大证券,SH,mainboard,sh.601788,1,myquant-strategy,2026-06-25
SH601789,宁波建工,SH,mainboard,sh.601789,1,myquant-strategy,2026-06-25
SH601798,蓝科高新,SH,mainboard,sh.601798,1,myquant-strategy,2026-06-25
SH601799,星宇股份,SH,mainboard,sh.601799,1,myquant-strategy,2026-06-25
SH601800,中国交建,SH,mainboard,sh.601800,1,myquant-strategy,2026-06-25
SH601801,皖新传媒,SH,mainboard,sh.601801,1,myquant-strategy,2026-06-25
SH601808,中海油服,SH,mainboard,sh.601808,1,myquant-strategy,2026-06-25
SH601811,新华文轩,SH,mainboard,sh.601811,1,myquant-strategy,2026-06-25
SH601816,京沪高铁,SH,mainboard,sh.601816,1,myquant-strategy,2026-06-25
SH601818,光大银行,SH,mainboard,sh.601818,1,myquant-strategy,2026-06-25
SH601825,沪农商行,SH,mainboard,sh.601825,1,myquant-strategy,2026-06-25
SH601827,三峰环境,SH,mainboard,sh.601827,1,myquant-strategy,2026-06-25
SH601828,美凯龙,SH,mainboard,sh.601828,1,myquant-strategy,2026-06-25
SH601838,成都银行,SH,mainboard,sh.601838,1,myquant-strategy,2026-06-25
SH601857,中国石油,SH,mainboard,sh.601857,1,myquant-strategy,2026-06-25
SH601858,中国科传,SH,mainboard,sh.601858,1,myquant-strategy,2026-06-25
SH601860,紫金银行,SH,mainboard,sh.601860,1,myquant-strategy,2026-06-25
SH601865,福莱特,SH,mainboard,sh.601865,1,myquant-strategy,2026-06-25
SH601866,中远海发,SH,mainboard,sh.601866,1,myquant-strategy,2026-06-25
SH601868,中国能建,SH,mainboard,sh.601868,1,myquant-strategy,2026-06-25
SH601869,长飞光纤,SH,mainboard,sh.601869,1,myquant-strategy,2026-06-25
SH601872,招商轮船,SH,mainboard,sh.601872,1,myquant-strategy,2026-06-25
SH601877,正泰电器,SH,mainboard,sh.601877,1,myquant-strategy,2026-06-25
SH601878,浙商证券,SH,mainboard,sh.601878,1,myquant-strategy,2026-06-25
SH601880,辽港股份,SH,mainboard,sh.601880,1,myquant-strategy,2026-06-25
SH601881,中国银河,SH,mainboard,sh.601881,1,myquant-strategy,2026-06-25
SH601882,海天精工,SH,mainboard,sh.601882,1,myquant-strategy,2026-06-25
SH601886,江河集团,SH,mainboard,sh.601886,1,myquant-strategy,2026-06-25
SH601888,中国中免,SH,mainboard,sh.601888,1,myquant-strategy,2026-06-25
SH601890,亚星锚链,SH,mainboard,sh.601890,1,myquant-strategy,2026-06-25
SH601898,中煤能源,SH,mainboard,sh.601898,1,myquant-strategy,2026-06-25
SH601899,紫金矿业,SH,mainboard,sh.601899,1,myquant-strategy,2026-06-25
SH601900,南方传媒,SH,mainboard,sh.601900,1,myquant-strategy,2026-06-25
SH601901,方正证券,SH,mainboard,sh.601901,1,myquant-strategy,2026-06-25
SH601908,京运通,SH,mainboard,sh.601908,1,myquant-strategy,2026-06-25
SH601916,浙商银行,SH,mainboard,sh.601916,1,myquant-strategy,2026-06-25
SH601918,新集能源,SH,mainboard,sh.601918,1,myquant-strategy,2026-06-25
SH601919,中远海控,SH,mainboard,sh.601919,1,myquant-strategy,2026-06-25
SH601921,浙版传媒,SH,mainboard,sh.601921,1,myquant-strategy,2026-06-25
SH601928,凤凰传媒,SH,mainboard,sh.601928,1,myquant-strategy,2026-06-25
SH601929,吉视传媒,SH,mainboard,sh.601929,1,myquant-strategy,2026-06-25
SH601933,永辉超市,SH,mainboard,sh.601933,1,myquant-strategy,2026-06-25
SH601939,建设银行,SH,mainboard,sh.601939,1,myquant-strategy,2026-06-25
SH601949,中国出版,SH,mainboard,sh.601949,1,myquant-strategy,2026-06-25
SH601952,苏垦农发,SH,mainboard,sh.601952,1,myquant-strategy,2026-06-25
SH601956,东贝集团,SH,mainboard,sh.601956,1,myquant-strategy,2026-06-25
SH601958,金钼股份,SH,mainboard,sh.601958,1,myquant-strategy,2026-06-25
SH601963,重庆银行,SH,mainboard,sh.601963,1,myquant-strategy,2026-06-25
SH601965,中国汽研,SH,mainboard,sh.601965,1,myquant-strategy,2026-06-25
SH601966,玲珑轮胎,SH,mainboard,sh.601966,1,myquant-strategy,2026-06-25
SH601968,宝钢包装,SH,mainboard,sh.601968,1,myquant-strategy,2026-06-25
SH601969,海南矿业,SH,mainboard,sh.601969,1,myquant-strategy,2026-06-25
SH601975,招商南油,SH,mainboard,sh.601975,1,myquant-strategy,2026-06-25
SH601985,中国核电,SH,mainboard,sh.601985,1,myquant-strategy,2026-06-25
SH601988,中国银行,SH,mainboard,sh.601988,1,myquant-strategy,2026-06-25
SH601990,南京证券,SH,mainboard,sh.601990,1,myquant-strategy,2026-06-25
SH601991,大唐发电,SH,mainboard,sh.601991,1,myquant-strategy,2026-06-25
SH601992,金隅集团,SH,mainboard,sh.601992,1,myquant-strategy,2026-06-25
SH601995,中金公司,SH,mainboard,sh.601995,1,myquant-strategy,2026-06-25
SH601996,丰林集团,SH,mainboard,sh.601996,1,myquant-strategy,2026-06-25
SH601997,贵阳银行,SH,mainboard,sh.601997,1,myquant-strategy,2026-06-25
SH601998,中信银行,SH,mainboard,sh.601998,1,myquant-strategy,2026-06-25
SH601999,出版传媒,SH,mainboard,sh.601999,1,myquant-strategy,2026-06-25
SH603000,人民网,SH,mainboard,sh.603000,1,myquant-strategy,2026-06-25
SH603001,奥康国际,SH,mainboard,sh.603001,1,myquant-strategy,2026-06-25
SH603002,宏昌电子,SH,mainboard,sh.603002,1,myquant-strategy,2026-06-25
SH603004,鼎龙科技,SH,mainboard,sh.603004,1,myquant-strategy,2026-06-25
SH603005,晶方科技,SH,mainboard,sh.603005,1,myquant-strategy,2026-06-25
SH603006,联明股份,SH,mainboard,sh.603006,1,myquant-strategy,2026-06-25
SH603007,*ST花王,SH,mainboard,sh.603007,1,myquant-strategy,2026-06-25
SH603008,喜临门,SH,mainboard,sh.603008,1,myquant-strategy,2026-06-25
SH603009,北特科技,SH,mainboard,sh.603009,1,myquant-strategy,2026-06-25
SH603010,万盛股份,SH,mainboard,sh.603010,1,myquant-strategy,2026-06-25
SH603011,合锻智能,SH,mainboard,sh.603011,1,myquant-strategy,2026-06-25
SH603012,创力集团,SH,mainboard,sh.603012,1,myquant-strategy,2026-06-25
SH603013,亚普股份,SH,mainboard,sh.603013,1,myquant-strategy,2026-06-25
SH603014,威高血净,SH,mainboard,sh.603014,1,myquant-strategy,2026-06-25
SH603015,弘讯科技,SH,mainboard,sh.603015,1,myquant-strategy,2026-06-25
SH603016,新宏泰,SH,mainboard,sh.603016,1,myquant-strategy,2026-06-25
SH603017,中衡设计,SH,mainboard,sh.603017,1,myquant-strategy,2026-06-25
SH603018,华设集团,SH,mainboard,sh.603018,1,myquant-strategy,2026-06-25
SH603019,中科曙光,SH,mainboard,sh.603019,1,myquant-strategy,2026-06-25
SH603020,爱普股份,SH,mainboard,sh.603020,1,myquant-strategy,2026-06-25
SH603021,ST华鹏,SH,mainboard,sh.603021,1,myquant-strategy,2026-06-25
SH603022,新通联,SH,mainboard,sh.603022,1,myquant-strategy,2026-06-25
SH603023,威帝股份,SH,mainboard,sh.603023,1,myquant-strategy,2026-06-25
SH603025,大豪科技,SH,mainboard,sh.603025,1,myquant-strategy,2026-06-25
SH603026,石大胜华,SH,mainboard,sh.603026,1,myquant-strategy,2026-06-25
SH603027,千禾味业,SH,mainboard,sh.603027,1,myquant-strategy,2026-06-25
SH603028,赛福天,SH,mainboard,sh.603028,1,myquant-strategy,2026-06-25
SH603029,天鹅股份,SH,mainboard,sh.603029,1,myquant-strategy,2026-06-25
SH603030,全筑股份,SH,mainboard,sh.603030,1,myquant-strategy,2026-06-25
SH603031,安孚科技,SH,mainboard,sh.603031,1,myquant-strategy,2026-06-25
SH603032,德新科技,SH,mainboard,sh.603032,1,myquant-strategy,2026-06-25
SH603033,三维股份,SH,mainboard,sh.603033,1,myquant-strategy,2026-06-25
SH603035,常熟汽饰,SH,mainboard,sh.603035,1,myquant-strategy,2026-06-25
SH603036,如通股份,SH,mainboard,sh.603036,1,myquant-strategy,2026-06-25
SH603037,凯众股份,SH,mainboard,sh.603037,1,myquant-strategy,2026-06-25
SH603038,华立股份,SH,mainboard,sh.603038,1,myquant-strategy,2026-06-25
SH603039,泛微网络,SH,mainboard,sh.603039,1,myquant-strategy,2026-06-25
SH603040,新坐标,SH,mainboard,sh.603040,1,myquant-strategy,2026-06-25
SH603041,美思德,SH,mainboard,sh.603041,1,myquant-strategy,2026-06-25
SH603042,华脉科技,SH,mainboard,sh.603042,1,myquant-strategy,2026-06-25
SH603043,广州酒家,SH,mainboard,sh.603043,1,myquant-strategy,2026-06-25
SH603045,福达合金,SH,mainboard,sh.603045,1,myquant-strategy,2026-06-25
SH603048,浙江黎明,SH,mainboard,sh.603048,1,myquant-strategy,2026-06-25
SH603049,中策橡胶,SH,mainboard,sh.603049,1,myquant-strategy,2026-06-25
SH603050,科林电气,SH,mainboard,sh.603050,1,myquant-strategy,2026-06-25
SH603051,鹿山新材,SH,mainboard,sh.603051,1,myquant-strategy,2026-06-25
SH603052,可川科技,SH,mainboard,sh.603052,1,myquant-strategy,2026-06-25
SH603053,成都燃气,SH,mainboard,sh.603053,1,myquant-strategy,2026-06-25
SH603055,台华新材,SH,mainboard,sh.603055,1,myquant-strategy,2026-06-25
SH603056,德邦股份,SH,mainboard,sh.603056,0,myquant-strategy,2026-06-25
SH603057,紫燕食品,SH,mainboard,sh.603057,1,myquant-strategy,2026-06-25
SH603058,永吉股份,SH,mainboard,sh.603058,1,myquant-strategy,2026-06-25
SH603059,倍加洁,SH,mainboard,sh.603059,1,myquant-strategy,2026-06-25
SH603060,国检集团,SH,mainboard,sh.603060,1,myquant-strategy,2026-06-25
SH603061,金海通,SH,mainboard,sh.603061,1,myquant-strategy,2026-06-25
SH603062,麦加芯彩,SH,mainboard,sh.603062,1,myquant-strategy,2026-06-25
SH603063,禾望电气,SH,mainboard,sh.603063,1,myquant-strategy,2026-06-25
SH603065,宿迁联盛,SH,mainboard,sh.603065,1,myquant-strategy,2026-06-25
SH603066,音飞储存,SH,mainboard,sh.603066,1,myquant-strategy,2026-06-25
SH603067,振华股份,SH,mainboard,sh.603067,1,myquant-strategy,2026-06-25
SH603068,博通集成,SH,mainboard,sh.603068,1,myquant-strategy,2026-06-25
SH603069,海汽集团,SH,mainboard,sh.603069,1,myquant-strategy,2026-06-25
SH603070,万控智造,SH,mainboard,sh.603070,1,myquant-strategy,2026-06-25
SH603071,物产环能,SH,mainboard,sh.603071,1,myquant-strategy,2026-06-25
SH603072,天和磁材,SH,mainboard,sh.603072,1,myquant-strategy,2026-06-25
SH603073,彩蝶实业,SH,mainboard,sh.603073,1,myquant-strategy,2026-06-25
SH603075,热威股份,SH,mainboard,sh.603075,1,myquant-strategy,2026-06-25
SH603076,乐惠国际,SH,mainboard,sh.603076,1,myquant-strategy,2026-06-25
SH603077,和邦生物,SH,mainboard,sh.603077,1,myquant-strategy,2026-06-25
SH603078,江化微,SH,mainboard,sh.603078,1,myquant-strategy,2026-06-25
SH603079,圣达生物,SH,mainboard,sh.603079,1,myquant-strategy,2026-06-25
SH603080,新疆火炬,SH,mainboard,sh.603080,1,myquant-strategy,2026-06-25
SH603081,大丰实业,SH,mainboard,sh.603081,1,myquant-strategy,2026-06-25
SH603082,北自科技,SH,mainboard,sh.603082,1,myquant-strategy,2026-06-25
SH603083,剑桥科技,SH,mainboard,sh.603083,1,myquant-strategy,2026-06-25
SH603085,天成自控,SH,mainboard,sh.603085,1,myquant-strategy,2026-06-25
SH603086,先达股份,SH,mainboard,sh.603086,1,myquant-strategy,2026-06-25
SH603087,甘李药业,SH,mainboard,sh.603087,1,myquant-strategy,2026-06-25
SH603088,宁波精达,SH,mainboard,sh.603088,1,myquant-strategy,2026-06-25
SH603089,正裕工业,SH,mainboard,sh.603089,1,myquant-strategy,2026-06-25
SH603090,宏盛股份,SH,mainboard,sh.603090,1,myquant-strategy,2026-06-25
SH603091,众鑫股份,SH,mainboard,sh.603091,1,myquant-strategy,2026-06-25
SH603092,德力佳,SH,mainboard,sh.603092,1,myquant-strategy,2026-06-25
SH603093,南华期货,SH,mainboard,sh.603093,1,myquant-strategy,2026-06-25
SH603095,越剑智能,SH,mainboard,sh.603095,1,myquant-strategy,2026-06-25
SH603096,新经典,SH,mainboard,sh.603096,1,myquant-strategy,2026-06-25
SH603097,江苏华辰,SH,mainboard,sh.603097,1,myquant-strategy,2026-06-25
SH603098,森特股份,SH,mainboard,sh.603098,1,myquant-strategy,2026-06-25
SH603099,长白山,SH,mainboard,sh.603099,1,myquant-strategy,2026-06-25
SH603100,川仪股份,SH,mainboard,sh.603100,1,myquant-strategy,2026-06-25
SH603101,汇嘉时代,SH,mainboard,sh.603101,1,myquant-strategy,2026-06-25
SH603102,百合股份,SH,mainboard,sh.603102,1,myquant-strategy,2026-06-25
SH603103,横店影视,SH,mainboard,sh.603103,1,myquant-strategy,2026-06-25
SH603105,芯能科技,SH,mainboard,sh.603105,1,myquant-strategy,2026-06-25
SH603106,恒银科技,SH,mainboard,sh.603106,1,myquant-strategy,2026-06-25
SH603107,上海汽配,SH,mainboard,sh.603107,1,myquant-strategy,2026-06-25
SH603108,润达医疗,SH,mainboard,sh.603108,1,myquant-strategy,2026-06-25
SH603109,神驰机电,SH,mainboard,sh.603109,1,myquant-strategy,2026-06-25
SH603110,东方材料,SH,mainboard,sh.603110,1,myquant-strategy,2026-06-25
SH603111,康尼机电,SH,mainboard,sh.603111,1,myquant-strategy,2026-06-25
SH603112,华翔股份,SH,mainboard,sh.603112,1,myquant-strategy,2026-06-25
SH603113,金能科技,SH,mainboard,sh.603113,1,myquant-strategy,2026-06-25
SH603115,海星股份,SH,mainboard,sh.603115,1,myquant-strategy,2026-06-25
SH603116,红蜻蜓,SH,mainboard,sh.603116,1,myquant-strategy,2026-06-25
SH603117,万林物流,SH,mainboard,sh.603117,1,myquant-strategy,2026-06-25
SH603118,共进股份,SH,mainboard,sh.603118,1,myquant-strategy,2026-06-25
SH603119,浙江荣泰,SH,mainboard,sh.603119,1,myquant-strategy,2026-06-25
SH603120,肯特催化,SH,mainboard,sh.603120,1,myquant-strategy,2026-06-25
SH603121,华培动力,SH,mainboard,sh.603121,0,myquant-strategy,2026-06-25
SH603122,合富中国,SH,mainboard,sh.603122,1,myquant-strategy,2026-06-25
SH603123,翠微股份,SH,mainboard,sh.603123,1,myquant-strategy,2026-06-25
SH603124,江南新材,SH,mainboard,sh.603124,1,myquant-strategy,2026-06-25
SH603125,常青科技,SH,mainboard,sh.603125,1,myquant-strategy,2026-06-25
SH603126,中材节能,SH,mainboard,sh.603126,1,myquant-strategy,2026-06-25
SH603127,昭衍新药,SH,mainboard,sh.603127,1,myquant-strategy,2026-06-25
SH603128,华贸物流,SH,mainboard,sh.603128,1,myquant-strategy,2026-06-25
SH603129,春风动力,SH,mainboard,sh.603129,1,myquant-strategy,2026-06-25
SH603130,云中马,SH,mainboard,sh.603130,1,myquant-strategy,2026-06-25
SH603131,上海沪工,SH,mainboard,sh.603131,1,myquant-strategy,2026-06-25
SH603132,金徽股份,SH,mainboard,sh.603132,1,myquant-strategy,2026-06-25
SH603135,中重科技,SH,mainboard,sh.603135,1,myquant-strategy,2026-06-25
SH603136,天目湖,SH,mainboard,sh.603136,1,myquant-strategy,2026-06-25
SH603137,恒尚节能,SH,mainboard,sh.603137,1,myquant-strategy,2026-06-25
SH603138,海量数据,SH,mainboard,sh.603138,1,myquant-strategy,2026-06-25
SH603139,康惠股份,SH,mainboard,sh.603139,1,myquant-strategy,2026-06-25
SH603150,万朗磁塑,SH,mainboard,sh.603150,1,myquant-strategy,2026-06-25
SH603151,邦基科技,SH,mainboard,sh.603151,1,myquant-strategy,2026-06-25
SH603153,上海建科,SH,mainboard,sh.603153,1,myquant-strategy,2026-06-25
SH603155,新亚强,SH,mainboard,sh.603155,1,myquant-strategy,2026-06-25
SH603156,养元饮品,SH,mainboard,sh.603156,1,myquant-strategy,2026-06-25
SH603158,腾龙股份,SH,mainboard,sh.603158,1,myquant-strategy,2026-06-25
SH603159,上海亚虹,SH,mainboard,sh.603159,1,myquant-strategy,2026-06-25
SH603160,汇顶科技,SH,mainboard,sh.603160,1,myquant-strategy,2026-06-25
SH603161,科华控股,SH,mainboard,sh.603161,1,myquant-strategy,2026-06-25
SH603162,海通发展,SH,mainboard,sh.603162,1,myquant-strategy,2026-06-25
SH603163,圣晖集成,SH,mainboard,sh.603163,1,myquant-strategy,2026-06-25
SH603165,荣晟环保,SH,mainboard,sh.603165,1,myquant-strategy,2026-06-25
SH603166,福达股份,SH,mainboard,sh.603166,1,myquant-strategy,2026-06-25
SH603167,渤海轮渡,SH,mainboard,sh.603167,1,myquant-strategy,2026-06-25
SH603168,莎普爱思,SH,mainboard,sh.603168,1,myquant-strategy,2026-06-25
SH603169,兰石重装,SH,mainboard,sh.603169,1,myquant-strategy,2026-06-25
SH603170,宝立食品,SH,mainboard,sh.603170,1,myquant-strategy,2026-06-25
SH603171,税友股份,SH,mainboard,sh.603171,1,myquant-strategy,2026-06-25
SH603172,万丰股份,SH,mainboard,sh.603172,1,myquant-strategy,2026-06-25
SH603173,福斯达,SH,mainboard,sh.603173,1,myquant-strategy,2026-06-25
SH603175,超颖电子,SH,mainboard,sh.603175,1,myquant-strategy,2026-06-25
SH603176,汇通集团,SH,mainboard,sh.603176,1,myquant-strategy,2026-06-25
SH603177,德创环保,SH,mainboard,sh.603177,1,myquant-strategy,2026-06-25
SH603178,圣龙股份,SH,mainboard,sh.603178,1,myquant-strategy,2026-06-25
SH603179,新泉股份,SH,mainboard,sh.603179,1,myquant-strategy,2026-06-25
SH603180,金牌家居,SH,mainboard,sh.603180,1,myquant-strategy,2026-06-25
SH603181,皇马科技,SH,mainboard,sh.603181,1,myquant-strategy,2026-06-25
SH603182,嘉华股份,SH,mainboard,sh.603182,1,myquant-strategy,2026-06-25
SH603183,建研院,SH,mainboard,sh.603183,1,myquant-strategy,2026-06-25
SH603185,弘元绿能,SH,mainboard,sh.603185,1,myquant-strategy,2026-06-25
SH603186,华正新材,SH,mainboard,sh.603186,1,myquant-strategy,2026-06-25
SH603187,海容冷链,SH,mainboard,sh.603187,1,myquant-strategy,2026-06-25
SH603188,亚邦股份,SH,mainboard,sh.603188,1,myquant-strategy,2026-06-25
SH603189,网达软件,SH,mainboard,sh.603189,1,myquant-strategy,2026-06-25
SH603190,亚通精工,SH,mainboard,sh.603190,1,myquant-strategy,2026-06-25
SH603191,望变电气,SH,mainboard,sh.603191,1,myquant-strategy,2026-06-25
SH603192,汇得科技,SH,mainboard,sh.603192,1,myquant-strategy,2026-06-25
SH603193,润本股份,SH,mainboard,sh.603193,1,myquant-strategy,2026-06-25
SH603194,中力股份,SH,mainboard,sh.603194,1,myquant-strategy,2026-06-25
SH603195,公牛集团,SH,mainboard,sh.603195,1,myquant-strategy,2026-06-25
SH603196,日播时尚,SH,mainboard,sh.603196,1,myquant-strategy,2026-06-25
SH603197,保隆科技,SH,mainboard,sh.603197,1,myquant-strategy,2026-06-25
SH603198,迎驾贡酒,SH,mainboard,sh.603198,1,myquant-strategy,2026-06-25
SH603199,九华旅游,SH,mainboard,sh.603199,1,myquant-strategy,2026-06-25
SH603200,上海洗霸,SH,mainboard,sh.603200,1,myquant-strategy,2026-06-25
SH603201,常润股份,SH,mainboard,sh.603201,1,myquant-strategy,2026-06-25
SH603202,天有为,SH,mainboard,sh.603202,1,myquant-strategy,2026-06-25
SH603203,快克智能,SH,mainboard,sh.603203,1,myquant-strategy,2026-06-25
SH603205,健尔康,SH,mainboard,sh.603205,1,myquant-strategy,2026-06-25
SH603206,嘉环科技,SH,mainboard,sh.603206,1,myquant-strategy,2026-06-25
SH603207,小方制药,SH,mainboard,sh.603207,1,myquant-strategy,2026-06-25
SH603208,江山欧派,SH,mainboard,sh.603208,1,myquant-strategy,2026-06-25
SH603209,兴通股份,SH,mainboard,sh.603209,1,myquant-strategy,2026-06-25
SH603210,泰鸿万立,SH,mainboard,sh.603210,1,myquant-strategy,2026-06-25
SH603211,晋拓股份,SH,mainboard,sh.603211,1,myquant-strategy,2026-06-25
SH603212,赛伍技术,SH,mainboard,sh.603212,1,myquant-strategy,2026-06-25
SH603213,镇洋发展,SH,mainboard,sh.603213,1,myquant-strategy,2026-06-25
SH603214,爱婴室,SH,mainboard,sh.603214,1,myquant-strategy,2026-06-25
SH603215,比依股份,SH,mainboard,sh.603215,1,myquant-strategy,2026-06-25
SH603216,梦天家居,SH,mainboard,sh.603216,1,myquant-strategy,2026-06-25
SH603217,元利科技,SH,mainboard,sh.603217,1,myquant-strategy,2026-06-25
SH603218,日月股份,SH,mainboard,sh.603218,1,myquant-strategy,2026-06-25
SH603219,富佳股份,SH,mainboard,sh.603219,1,myquant-strategy,2026-06-25
SH603220,中贝通信,SH,mainboard,sh.603220,1,myquant-strategy,2026-06-25
SH603221,爱丽家居,SH,mainboard,sh.603221,1,myquant-strategy,2026-06-25
SH603222,济民健康,SH,mainboard,sh.603222,1,myquant-strategy,2026-06-25
SH603223,恒通股份,SH,mainboard,sh.603223,1,myquant-strategy,2026-06-25
SH603225,新凤鸣,SH,mainboard,sh.603225,1,myquant-strategy,2026-06-25
SH603226,菲林格尔,SH,mainboard,sh.603226,1,myquant-strategy,2026-06-25
SH603227,雪峰科技,SH,mainboard,sh.603227,1,myquant-strategy,2026-06-25
SH603228,景旺电子,SH,mainboard,sh.603228,1,myquant-strategy,2026-06-25
SH603229,奥翔药业,SH,mainboard,sh.603229,1,myquant-strategy,2026-06-25
SH603230,内蒙新华,SH,mainboard,sh.603230,1,myquant-strategy,2026-06-25
SH603231,索宝蛋白,SH,mainboard,sh.603231,1,myquant-strategy,2026-06-25
SH603232,格尔软件,SH,mainboard,sh.603232,1,myquant-strategy,2026-06-25
SH603233,大参林,SH,mainboard,sh.603233,1,myquant-strategy,2026-06-25
SH603235,天新药业,SH,mainboard,sh.603235,1,myquant-strategy,2026-06-25
SH603236,移远通信,SH,mainboard,sh.603236,1,myquant-strategy,2026-06-25
SH603237,五芳斋,SH,mainboard,sh.603237,1,myquant-strategy,2026-06-25
SH603238,诺邦股份,SH,mainboard,sh.603238,1,myquant-strategy,2026-06-25
SH603239,浙江仙通,SH,mainboard,sh.603239,1,myquant-strategy,2026-06-25
SH603248,锡华科技,SH,mainboard,sh.603248,1,myquant-strategy,2026-06-25
SH603255,鼎际得,SH,mainboard,sh.603255,1,myquant-strategy,2026-06-25
SH603256,宏和科技,SH,mainboard,sh.603256,1,myquant-strategy,2026-06-25
SH603257,中国瑞林,SH,mainboard,sh.603257,1,myquant-strategy,2026-06-25
SH603258,电魂网络,SH,mainboard,sh.603258,1,myquant-strategy,2026-06-25
SH603259,药明康德,SH,mainboard,sh.603259,1,myquant-strategy,2026-06-25
SH603260,合盛硅业,SH,mainboard,sh.603260,1,myquant-strategy,2026-06-25
SH603261,*ST立航,SH,mainboard,sh.603261,1,myquant-strategy,2026-06-25
SH603262,技源集团,SH,mainboard,sh.603262,1,myquant-strategy,2026-06-25
SH603266,天龙股份,SH,mainboard,sh.603266,1,myquant-strategy,2026-06-25
SH603267,鸿远电子,SH,mainboard,sh.603267,1,myquant-strategy,2026-06-25
SH603268,*ST松发,SH,mainboard,sh.603268,1,myquant-strategy,2026-06-25
SH603269,海鸥股份,SH,mainboard,sh.603269,1,myquant-strategy,2026-06-25
SH603270,金帝股份,SH,mainboard,sh.603270,1,myquant-strategy,2026-06-25
SH603271,永杰新材,SH,mainboard,sh.603271,1,myquant-strategy,2026-06-25
SH603272,联翔股份,SH,mainboard,sh.603272,1,myquant-strategy,2026-06-25
SH603273,天元智能,SH,mainboard,sh.603273,1,myquant-strategy,2026-06-25
SH603275,众辰科技,SH,mainboard,sh.603275,1,myquant-strategy,2026-06-25
SH603276,恒兴新材,SH,mainboard,sh.603276,1,myquant-strategy,2026-06-25
SH603277,银都股份,SH,mainboard,sh.603277,1,myquant-strategy,2026-06-25
SH603278,大业股份,SH,mainboard,sh.603278,1,myquant-strategy,2026-06-25
SH603279,景津装备,SH,mainboard,sh.603279,1,myquant-strategy,2026-06-25
SH603280,南方路机,SH,mainboard,sh.603280,1,myquant-strategy,2026-06-25
SH603281,江瀚新材,SH,mainboard,sh.603281,1,myquant-strategy,2026-06-25
SH603282,亚光股份,SH,mainboard,sh.603282,1,myquant-strategy,2026-06-25
SH603283,赛腾股份,SH,mainboard,sh.603283,1,myquant-strategy,2026-06-25
SH603284,林平发展,SH,mainboard,sh.603284,1,myquant-strategy,2026-06-25
SH603285,键邦股份,SH,mainboard,sh.603285,1,myquant-strategy,2026-06-25
SH603286,日盈电子,SH,mainboard,sh.603286,1,myquant-strategy,2026-06-25
SH603288,海天味业,SH,mainboard,sh.603288,1,myquant-strategy,2026-06-25
SH603289,泰瑞机器,SH,mainboard,sh.603289,1,myquant-strategy,2026-06-25
SH603290,斯达半导,SH,mainboard,sh.603290,1,myquant-strategy,2026-06-25
SH603291,联合水务,SH,mainboard,sh.603291,1,myquant-strategy,2026-06-25
SH603296,华勤技术,SH,mainboard,sh.603296,1,myquant-strategy,2026-06-25
SH603297,永新光学,SH,mainboard,sh.603297,1,myquant-strategy,2026-06-25
SH603298,杭叉集团,SH,mainboard,sh.603298,1,myquant-strategy,2026-06-25
SH603299,苏盐井神,SH,mainboard,sh.603299,1,myquant-strategy,2026-06-25
SH603300,海南华铁,SH,mainboard,sh.603300,1,myquant-strategy,2026-06-25
SH603301,振德医疗,SH,mainboard,sh.603301,1,myquant-strategy,2026-06-25
SH603303,得邦照明,SH,mainboard,sh.603303,1,myquant-strategy,2026-06-25
SH603305,旭升集团,SH,mainboard,sh.603305,1,myquant-strategy,2026-06-25
SH603306,华懋科技,SH,mainboard,sh.603306,1,myquant-strategy,2026-06-25
SH603307,扬州金泉,SH,mainboard,sh.603307,1,myquant-strategy,2026-06-25
SH603308,应流股份,SH,mainboard,sh.603308,1,myquant-strategy,2026-06-25
SH603309,维力医疗,SH,mainboard,sh.603309,1,myquant-strategy,2026-06-25
SH603310,巍华新材,SH,mainboard,sh.603310,1,myquant-strategy,2026-06-25
SH603311,金海高科,SH,mainboard,sh.603311,1,myquant-strategy,2026-06-25
SH603312,西典新能,SH,mainboard,sh.603312,1,myquant-strategy,2026-06-25
SH603313,梦百合,SH,mainboard,sh.603313,1,myquant-strategy,2026-06-25
SH603315,福鞍股份,SH,mainboard,sh.603315,1,myquant-strategy,2026-06-25
SH603316,诚邦股份,SH,mainboard,sh.603316,1,myquant-strategy,2026-06-25
SH603317,天味食品,SH,mainboard,sh.603317,1,myquant-strategy,2026-06-25
SH603318,水发燃气,SH,mainboard,sh.603318,1,myquant-strategy,2026-06-25
SH603319,美湖股份,SH,mainboard,sh.603319,1,myquant-strategy,2026-06-25
SH603320,迪贝电气,SH,mainboard,sh.603320,1,myquant-strategy,2026-06-25
SH603321,梅轮电梯,SH,mainboard,sh.603321,1,myquant-strategy,2026-06-25
SH603322,超讯通信,SH,mainboard,sh.603322,1,myquant-strategy,2026-06-25
SH603323,苏农银行,SH,mainboard,sh.603323,1,myquant-strategy,2026-06-25
SH603324,盛剑科技,SH,mainboard,sh.603324,1,myquant-strategy,2026-06-25
SH603325,博隆技术,SH,mainboard,sh.603325,1,myquant-strategy,2026-06-25
SH603326,我乐家居,SH,mainboard,sh.603326,1,myquant-strategy,2026-06-25
SH603327,福蓉科技,SH,mainboard,sh.603327,1,myquant-strategy,2026-06-25
SH603328,依顿电子,SH,mainboard,sh.603328,1,myquant-strategy,2026-06-25
SH603329,上海雅仕,SH,mainboard,sh.603329,1,myquant-strategy,2026-06-25
SH603330,天洋新材,SH,mainboard,sh.603330,1,myquant-strategy,2026-06-25
SH603331,百达精工,SH,mainboard,sh.603331,1,myquant-strategy,2026-06-25
SH603332,苏州龙杰,SH,mainboard,sh.603332,1,myquant-strategy,2026-06-25
SH603333,尚纬股份,SH,mainboard,sh.603333,1,myquant-strategy,2026-06-25
SH603334,丰倍生物,SH,mainboard,sh.603334,1,myquant-strategy,2026-06-25
SH603335,迪生力,SH,mainboard,sh.603335,1,myquant-strategy,2026-06-25
SH603336,宏辉果蔬,SH,mainboard,sh.603336,1,myquant-strategy,2026-06-25
SH603337,杰克科技,SH,mainboard,sh.603337,1,myquant-strategy,2026-06-25
SH603338,浙江鼎力,SH,mainboard,sh.603338,1,myquant-strategy,2026-06-25
SH603339,四方科技,SH,mainboard,sh.603339,1,myquant-strategy,2026-06-25
SH603341,龙旗科技,SH,mainboard,sh.603341,1,myquant-strategy,2026-06-25
SH603344,星德胜,SH,mainboard,sh.603344,1,myquant-strategy,2026-06-25
SH603345,安井食品,SH,mainboard,sh.603345,1,myquant-strategy,2026-06-25
SH603348,文灿股份,SH,mainboard,sh.603348,1,myquant-strategy,2026-06-25
SH603350,安乃达,SH,mainboard,sh.603350,1,myquant-strategy,2026-06-25
SH603351,威尔药业,SH,mainboard,sh.603351,1,myquant-strategy,2026-06-25
SH603352,至信股份,SH,mainboard,sh.603352,1,myquant-strategy,2026-06-25
SH603353,和顺石油,SH,mainboard,sh.603353,1,myquant-strategy,2026-06-25
SH603355,莱克电气,SH,mainboard,sh.603355,1,myquant-strategy,2026-06-25
SH603356,华菱精工,SH,mainboard,sh.603356,1,myquant-strategy,2026-06-25
SH603357,设计总院,SH,mainboard,sh.603357,1,myquant-strategy,2026-06-25
SH603358,华达科技,SH,mainboard,sh.603358,1,myquant-strategy,2026-06-25
SH603359,东珠生态,SH,mainboard,sh.603359,1,myquant-strategy,2026-06-25
SH603360,百傲化学,SH,mainboard,sh.603360,1,myquant-strategy,2026-06-25
SH603363,傲农生物,SH,mainboard,sh.603363,1,myquant-strategy,2026-06-25
SH603365,水星家纺,SH,mainboard,sh.603365,1,myquant-strategy,2026-06-25
SH603366,日出东方,SH,mainboard,sh.603366,1,myquant-strategy,2026-06-25
SH603367,辰欣药业,SH,mainboard,sh.603367,1,myquant-strategy,2026-06-25
SH603368,柳药集团,SH,mainboard,sh.603368,1,myquant-strategy,2026-06-25
SH603369,今世缘,SH,mainboard,sh.603369,1,myquant-strategy,2026-06-25
SH603370,华新精科,SH,mainboard,sh.603370,1,myquant-strategy,2026-06-25
SH603373,安邦护卫,SH,mainboard,sh.603373,1,myquant-strategy,2026-06-25
SH603375,盛景微,SH,mainboard,sh.603375,1,myquant-strategy,2026-06-25
SH603376,大明电子,SH,mainboard,sh.603376,1,myquant-strategy,2026-06-25
SH603377,ST东时,SH,mainboard,sh.603377,1,myquant-strategy,2026-06-25
SH603378,亚士创能,SH,mainboard,sh.603378,1,myquant-strategy,2026-06-25
SH603379,三美股份,SH,mainboard,sh.603379,1,myquant-strategy,2026-06-25
SH603380,易德龙,SH,mainboard,sh.603380,1,myquant-strategy,2026-06-25
SH603381,永臻股份,SH,mainboard,sh.603381,1,myquant-strategy,2026-06-25
SH603382,海阳科技,SH,mainboard,sh.603382,1,myquant-strategy,2026-06-25
SH603383,顶点软件,SH,mainboard,sh.603383,1,myquant-strategy,2026-06-25
SH603385,惠达卫浴,SH,mainboard,sh.603385,1,myquant-strategy,2026-06-25
SH603386,骏亚科技,SH,mainboard,sh.603386,1,myquant-strategy,2026-06-25
SH603387,基蛋生物,SH,mainboard,sh.603387,1,myquant-strategy,2026-06-25
SH603389,*ST亚振,SH,mainboard,sh.603389,1,myquant-strategy,2026-06-25
SH603390,通达电气,SH,mainboard,sh.603390,1,myquant-strategy,2026-06-25
SH603391,力聚热能,SH,mainboard,sh.603391,1,myquant-strategy,2026-06-25
SH603392,万泰生物,SH,mainboard,sh.603392,1,myquant-strategy,2026-06-25
SH603393,新天然气,SH,mainboard,sh.603393,1,myquant-strategy,2026-06-25
SH603395,红四方,SH,mainboard,sh.603395,1,myquant-strategy,2026-06-25
SH603396,金辰股份,SH,mainboard,sh.603396,1,myquant-strategy,2026-06-25
SH603398,*ST沐邦,SH,mainboard,sh.603398,1,myquant-strategy,2026-06-25
SH603399,永杉锂业,SH,mainboard,sh.603399,1,myquant-strategy,2026-06-25
SH603400,华之杰,SH,mainboard,sh.603400,1,myquant-strategy,2026-06-25
SH603402,陕西旅游,SH,mainboard,sh.603402,1,myquant-strategy,2026-06-25
SH603406,天富龙,SH,mainboard,sh.603406,1,myquant-strategy,2026-06-25
SH603408,建霖家居,SH,mainboard,sh.603408,1,myquant-strategy,2026-06-25
SH603409,汇通控股,SH,mainboard,sh.603409,1,myquant-strategy,2026-06-25
SH603416,信捷电气,SH,mainboard,sh.603416,1,myquant-strategy,2026-06-25
SH603418,友升股份,SH,mainboard,sh.603418,1,myquant-strategy,2026-06-25
SH603421,鼎信通讯,SH,mainboard,sh.603421,1,myquant-strategy,2026-06-25
SH603429,集友股份,SH,mainboard,sh.603429,1,myquant-strategy,2026-06-25
SH603439,三力制药,SH,mainboard,sh.603439,1,myquant-strategy,2026-06-25
SH603444,吉比特,SH,mainboard,sh.603444,1,myquant-strategy,2026-06-25
SH603456,九洲药业,SH,mainboard,sh.603456,1,myquant-strategy,2026-06-25
SH603458,勘设股份,SH,mainboard,sh.603458,1,myquant-strategy,2026-06-25
SH603466,风语筑,SH,mainboard,sh.603466,1,myquant-strategy,2026-06-25
SH603477,巨星农牧,SH,mainboard,sh.603477,1,myquant-strategy,2026-06-25
SH603486,科沃斯,SH,mainboard,sh.603486,1,myquant-strategy,2026-06-25
SH603488,展鹏科技,SH,mainboard,sh.603488,1,myquant-strategy,2026-06-25
SH603489,八方股份,SH,mainboard,sh.603489,1,myquant-strategy,2026-06-25
SH603496,恒为科技,SH,mainboard,sh.603496,1,myquant-strategy,2026-06-25
SH603499,翔港科技,SH,mainboard,sh.603499,1,myquant-strategy,2026-06-25
SH603500,祥和实业,SH,mainboard,sh.603500,1,myquant-strategy,2026-06-25
SH603501,豪威集团,SH,mainboard,sh.603501,1,myquant-strategy,2026-06-25
SH603505,金石资源,SH,mainboard,sh.603505,1,myquant-strategy,2026-06-25
SH603506,南都物业,SH,mainboard,sh.603506,1,myquant-strategy,2026-06-25
SH603507,振江股份,SH,mainboard,sh.603507,1,myquant-strategy,2026-06-25
SH603508,思维列控,SH,mainboard,sh.603508,1,myquant-strategy,2026-06-25
SH603511,爱慕股份,SH,mainboard,sh.603511,1,myquant-strategy,2026-06-25
SH603515,欧普照明,SH,mainboard,sh.603515,1,myquant-strategy,2026-06-25
SH603516,淳中科技,SH,mainboard,sh.603516,1,myquant-strategy,2026-06-25
SH603517,ST绝味,SH,mainboard,sh.603517,1,myquant-strategy,2026-06-25
SH603518,锦泓集团,SH,mainboard,sh.603518,1,myquant-strategy,2026-06-25
SH603519,立霸股份,SH,mainboard,sh.603519,1,myquant-strategy,2026-06-25
SH603520,司太立,SH,mainboard,sh.603520,1,myquant-strategy,2026-06-25
SH603527,众源新材,SH,mainboard,sh.603527,1,myquant-strategy,2026-06-25
SH603528,多伦科技,SH,mainboard,sh.603528,1,myquant-strategy,2026-06-25
SH603529,爱玛科技,SH,mainboard,sh.603529,1,myquant-strategy,2026-06-25
SH603530,神马电力,SH,mainboard,sh.603530,1,myquant-strategy,2026-06-25
SH603533,掌阅科技,SH,mainboard,sh.603533,1,myquant-strategy,2026-06-25
SH603535,嘉诚国际,SH,mainboard,sh.603535,1,myquant-strategy,2026-06-25
SH603536,惠发食品,SH,mainboard,sh.603536,1,myquant-strategy,2026-06-25
SH603538,美诺华,SH,mainboard,sh.603538,1,myquant-strategy,2026-06-25
SH603551,奥普科技,SH,mainboard,sh.603551,1,myquant-strategy,2026-06-25
SH603556,海兴电力,SH,mainboard,sh.603556,1,myquant-strategy,2026-06-25
SH603557,ST起步,SH,mainboard,sh.603557,1,myquant-strategy,2026-06-25
SH603558,健盛集团,SH,mainboard,sh.603558,1,myquant-strategy,2026-06-25
SH603559,ST通脉,SH,mainboard,sh.603559,1,myquant-strategy,2026-06-25
SH603565,中谷物流,SH,mainboard,sh.603565,1,myquant-strategy,2026-06-25
SH603566,普莱柯,SH,mainboard,sh.603566,1,myquant-strategy,2026-06-25
SH603567,珍宝岛,SH,mainboard,sh.603567,1,myquant-strategy,2026-06-25
SH603568,伟明环保,SH,mainboard,sh.603568,1,myquant-strategy,2026-06-25
SH603569,长久物流,SH,mainboard,sh.603569,1,myquant-strategy,2026-06-25
SH603577,汇金通,SH,mainboard,sh.603577,1,myquant-strategy,2026-06-25
SH603578,三星新材,SH,mainboard,sh.603578,1,myquant-strategy,2026-06-25
SH603579,荣泰健康,SH,mainboard,sh.603579,1,myquant-strategy,2026-06-25
SH603580,*ST艾艾,SH,mainboard,sh.603580,1,myquant-strategy,2026-06-25
SH603583,捷昌驱动,SH,mainboard,sh.603583,1,myquant-strategy,2026-06-25
SH603585,苏利股份,SH,mainboard,sh.603585,1,myquant-strategy,2026-06-25
SH603586,金麒麟,SH,mainboard,sh.603586,1,myquant-strategy,2026-06-25
SH603587,地素时尚,SH,mainboard,sh.603587,1,myquant-strategy,2026-06-25
SH603588,高能环境,SH,mainboard,sh.603588,1,myquant-strategy,2026-06-25
SH603589,口子窖,SH,mainboard,sh.603589,1,myquant-strategy,2026-06-25
SH603590,康辰药业,SH,mainboard,sh.603590,1,myquant-strategy,2026-06-25
SH603595,ST东尼,SH,mainboard,sh.603595,1,myquant-strategy,2026-06-25
SH603596,伯特利,SH,mainboard,sh.603596,1,myquant-strategy,2026-06-25
SH603598,引力传媒,SH,mainboard,sh.603598,1,myquant-strategy,2026-06-25
SH603599,广信股份,SH,mainboard,sh.603599,1,myquant-strategy,2026-06-25
SH603600,永艺股份,SH,mainboard,sh.603600,1,myquant-strategy,2026-06-25
SH603601,再升科技,SH,mainboard,sh.603601,1,myquant-strategy,2026-06-25
SH603602,纵横通信,SH,mainboard,sh.603602,1,myquant-strategy,2026-06-25
SH603605,珀莱雅,SH,mainboard,sh.603605,1,myquant-strategy,2026-06-25
SH603606,东方电缆,SH,mainboard,sh.603606,1,myquant-strategy,2026-06-25
SH603607,京华激光,SH,mainboard,sh.603607,1,myquant-strategy,2026-06-25
SH603608,天创时尚,SH,mainboard,sh.603608,1,myquant-strategy,2026-06-25
SH603609,禾丰股份,SH,mainboard,sh.603609,1,myquant-strategy,2026-06-25
SH603610,麒盛科技,SH,mainboard,sh.603610,1,myquant-strategy,2026-06-25
SH603611,诺力股份,SH,mainboard,sh.603611,1,myquant-strategy,2026-06-25
SH603612,索通发展,SH,mainboard,sh.603612,1,myquant-strategy,2026-06-25
SH603613,国联股份,SH,mainboard,sh.603613,1,myquant-strategy,2026-06-25
SH603615,茶花股份,SH,mainboard,sh.603615,1,myquant-strategy,2026-06-25
SH603616,韩建河山,SH,mainboard,sh.603616,1,myquant-strategy,2026-06-25
SH603617,君禾股份,SH,mainboard,sh.603617,1,myquant-strategy,2026-06-25
SH603618,杭电股份,SH,mainboard,sh.603618,1,myquant-strategy,2026-06-25
SH603619,中曼石油,SH,mainboard,sh.603619,1,myquant-strategy,2026-06-25
SH603626,科森科技,SH,mainboard,sh.603626,1,myquant-strategy,2026-06-25
SH603628,清源股份,SH,mainboard,sh.603628,1,myquant-strategy,2026-06-25
SH603629,利通电子,SH,mainboard,sh.603629,1,myquant-strategy,2026-06-25
SH603630,拉芳家化,SH,mainboard,sh.603630,1,myquant-strategy,2026-06-25
SH603633,徕木股份,SH,mainboard,sh.603633,1,myquant-strategy,2026-06-25
SH603636,南威软件,SH,mainboard,sh.603636,1,myquant-strategy,2026-06-25
SH603637,镇海股份,SH,mainboard,sh.603637,1,myquant-strategy,2026-06-25
SH603638,艾迪精密,SH,mainboard,sh.603638,1,myquant-strategy,2026-06-25
SH603639,海利尔,SH,mainboard,sh.603639,1,myquant-strategy,2026-06-25
SH603648,畅联股份,SH,mainboard,sh.603648,1,myquant-strategy,2026-06-25
SH603650,彤程新材,SH,mainboard,sh.603650,1,myquant-strategy,2026-06-25
SH603655,朗博科技,SH,mainboard,sh.603655,1,myquant-strategy,2026-06-25
SH603656,泰禾智能,SH,mainboard,sh.603656,1,myquant-strategy,2026-06-25
SH603657,春光科技,SH,mainboard,sh.603657,1,myquant-strategy,2026-06-25
SH603658,安图生物,SH,mainboard,sh.603658,1,myquant-strategy,2026-06-25
SH603659,璞泰来,SH,mainboard,sh.603659,1,myquant-strategy,2026-06-25
SH603660,苏州科达,SH,mainboard,sh.603660,1,myquant-strategy,2026-06-25
SH603661,恒林股份,SH,mainboard,sh.603661,1,myquant-strategy,2026-06-25
SH603662,柯力传感,SH,mainboard,sh.603662,1,myquant-strategy,2026-06-25
SH603663,三祥新材,SH,mainboard,sh.603663,1,myquant-strategy,2026-06-25
SH603665,康隆达,SH,mainboard,sh.603665,1,myquant-strategy,2026-06-25
SH603666,亿嘉和,SH,mainboard,sh.603666,1,myquant-strategy,2026-06-25
SH603667,五洲新春,SH,mainboard,sh.603667,1,myquant-strategy,2026-06-25
SH603668,天马科技,SH,mainboard,sh.603668,1,myquant-strategy,2026-06-25
SH603669,灵康药业,SH,mainboard,sh.603669,1,myquant-strategy,2026-06-25
SH603676,卫信康,SH,mainboard,sh.603676,1,myquant-strategy,2026-06-25
SH603677,奇精机械,SH,mainboard,sh.603677,1,myquant-strategy,2026-06-25
SH603678,火炬电子,SH,mainboard,sh.603678,1,myquant-strategy,2026-06-25
SH603679,华体科技,SH,mainboard,sh.603679,1,myquant-strategy,2026-06-25
SH603680,今创集团,SH,mainboard,sh.603680,1,myquant-strategy,2026-06-25
SH603681,永冠新材,SH,mainboard,sh.603681,1,myquant-strategy,2026-06-25
SH603682,锦和商管,SH,mainboard,sh.603682,1,myquant-strategy,2026-06-25
SH603683,晶华新材,SH,mainboard,sh.603683,1,myquant-strategy,2026-06-25
SH603685,晨丰科技,SH,mainboard,sh.603685,1,myquant-strategy,2026-06-25
SH603686,福龙马,SH,mainboard,sh.603686,1,myquant-strategy,2026-06-25
SH603687,大胜达,SH,mainboard,sh.603687,1,myquant-strategy,2026-06-25
SH603688,石英股份,SH,mainboard,sh.603688,1,myquant-strategy,2026-06-25
SH603689,皖天然气,SH,mainboard,sh.603689,1,myquant-strategy,2026-06-25
SH603690,至纯科技,SH,mainboard,sh.603690,1,myquant-strategy,2026-06-25
SH603693,江苏新能,SH,mainboard,sh.603693,1,myquant-strategy,2026-06-25
SH603696,安记食品,SH,mainboard,sh.603696,1,myquant-strategy,2026-06-25
SH603697,有友食品,SH,mainboard,sh.603697,1,myquant-strategy,2026-06-25
SH603698,航天工程,SH,mainboard,sh.603698,1,myquant-strategy,2026-06-25
SH603699,纽威股份,SH,mainboard,sh.603699,1,myquant-strategy,2026-06-25
SH603700,宁水集团,SH,mainboard,sh.603700,1,myquant-strategy,2026-06-25
SH603701,德宏股份,SH,mainboard,sh.603701,1,myquant-strategy,2026-06-25
SH603703,盛洋科技,SH,mainboard,sh.603703,1,myquant-strategy,2026-06-25
SH603706,东方环宇,SH,mainboard,sh.603706,1,myquant-strategy,2026-06-25
SH603707,健友股份,SH,mainboard,sh.603707,1,myquant-strategy,2026-06-25
SH603708,家家悦,SH,mainboard,sh.603708,1,myquant-strategy,2026-06-25
SH603709,中源家居,SH,mainboard,sh.603709,1,myquant-strategy,2026-06-25
SH603711,香飘飘,SH,mainboard,sh.603711,1,myquant-strategy,2026-06-25
SH603712,七一二,SH,mainboard,sh.603712,1,myquant-strategy,2026-06-25
SH603713,密尔克卫,SH,mainboard,sh.603713,1,myquant-strategy,2026-06-25
SH603716,塞力医疗,SH,mainboard,sh.603716,1,myquant-strategy,2026-06-25
SH603717,天域生物,SH,mainboard,sh.603717,1,myquant-strategy,2026-06-25
SH603718,海利生物,SH,mainboard,sh.603718,1,myquant-strategy,2026-06-25
SH603719,良品铺子,SH,mainboard,sh.603719,1,myquant-strategy,2026-06-25
SH603721,*ST天择,SH,mainboard,sh.603721,1,myquant-strategy,2026-06-25
SH603722,阿科力,SH,mainboard,sh.603722,1,myquant-strategy,2026-06-25
SH603725,天安新材,SH,mainboard,sh.603725,1,myquant-strategy,2026-06-25
SH603726,朗迪集团,SH,mainboard,sh.603726,1,myquant-strategy,2026-06-25
SH603727,博迈科,SH,mainboard,sh.603727,1,myquant-strategy,2026-06-25
SH603728,鸣志电器,SH,mainboard,sh.603728,1,myquant-strategy,2026-06-25
SH603729,龙韵股份,SH,mainboard,sh.603729,1,myquant-strategy,2026-06-25
SH603730,岱美股份,SH,mainboard,sh.603730,1,myquant-strategy,2026-06-25
SH603733,仙鹤股份,SH,mainboard,sh.603733,1,myquant-strategy,2026-06-25
SH603737,三棵树,SH,mainboard,sh.603737,1,myquant-strategy,2026-06-25
SH603738,泰晶科技,SH,mainboard,sh.603738,1,myquant-strategy,2026-06-25
SH603739,蔚蓝生物,SH,mainboard,sh.603739,1,myquant-strategy,2026-06-25
SH603755,日辰股份,SH,mainboard,sh.603755,1,myquant-strategy,2026-06-25
SH603757,大元泵业,SH,mainboard,sh.603757,1,myquant-strategy,2026-06-25
SH603758,秦安股份,SH,mainboard,sh.603758,1,myquant-strategy,2026-06-25
SH603759,海天股份,SH,mainboard,sh.603759,1,myquant-strategy,2026-06-25
SH603766,隆鑫通用,SH,mainboard,sh.603766,1,myquant-strategy,2026-06-25
SH603767,中马传动,SH,mainboard,sh.603767,1,myquant-strategy,2026-06-25
SH603768,常青股份,SH,mainboard,sh.603768,1,myquant-strategy,2026-06-25
SH603773,沃格光电,SH,mainboard,sh.603773,1,myquant-strategy,2026-06-25
SH603776,永安行,SH,mainboard,sh.603776,1,myquant-strategy,2026-06-25
SH603777,来伊份,SH,mainboard,sh.603777,1,myquant-strategy,2026-06-25
SH603778,国晟科技,SH,mainboard,sh.603778,1,myquant-strategy,2026-06-25
SH603779,威龙股份,SH,mainboard,sh.603779,1,myquant-strategy,2026-06-25
SH603786,科博达,SH,mainboard,sh.603786,1,myquant-strategy,2026-06-25
SH603787,新日股份,SH,mainboard,sh.603787,1,myquant-strategy,2026-06-25
SH603788,宁波高发,SH,mainboard,sh.603788,1,myquant-strategy,2026-06-25
SH603789,*ST星农,SH,mainboard,sh.603789,1,myquant-strategy,2026-06-25
SH603790,雅运股份,SH,mainboard,sh.603790,1,myquant-strategy,2026-06-25
SH603797,联泰环保,SH,mainboard,sh.603797,1,myquant-strategy,2026-06-25
SH603798,康普顿,SH,mainboard,sh.603798,1,myquant-strategy,2026-06-25
SH603799,华友钴业,SH,mainboard,sh.603799,1,myquant-strategy,2026-06-25
SH603800,洪田股份,SH,mainboard,sh.603800,1,myquant-strategy,2026-06-25
SH603801,志邦家居,SH,mainboard,sh.603801,1,myquant-strategy,2026-06-25
SH603803,瑞斯康达,SH,mainboard,sh.603803,1,myquant-strategy,2026-06-25
SH603806,福斯特,SH,mainboard,sh.603806,1,myquant-strategy,2026-06-25
SH603808,歌力思,SH,mainboard,sh.603808,1,myquant-strategy,2026-06-25
SH603809,豪能股份,SH,mainboard,sh.603809,1,myquant-strategy,2026-06-25
SH603810,丰山集团,SH,mainboard,sh.603810,1,myquant-strategy,2026-06-25
SH603811,诚意药业,SH,mainboard,sh.603811,1,myquant-strategy,2026-06-25
SH603813,*ST原尚,SH,mainboard,sh.603813,1,myquant-strategy,2026-06-25
SH603815,交建股份,SH,mainboard,sh.603815,1,myquant-strategy,2026-06-25
SH603816,顾家家居,SH,mainboard,sh.603816,1,myquant-strategy,2026-06-25
SH603817,海峡环保,SH,mainboard,sh.603817,1,myquant-strategy,2026-06-25
SH603818,曲美家居,SH,mainboard,sh.603818,1,myquant-strategy,2026-06-25
SH603819,神力股份,SH,mainboard,sh.603819,1,myquant-strategy,2026-06-25
SH603822,ST嘉澳,SH,mainboard,sh.603822,1,myquant-strategy,2026-06-25
SH603823,百合花,SH,mainboard,sh.603823,1,myquant-strategy,2026-06-25
SH603825,ST华扬,SH,mainboard,sh.603825,1,myquant-strategy,2026-06-25
SH603826,坤彩科技,SH,mainboard,sh.603826,1,myquant-strategy,2026-06-25
SH603828,ST柯利达,SH,mainboard,sh.603828,1,myquant-strategy,2026-06-25
SH603829,洛凯股份,SH,mainboard,sh.603829,1,myquant-strategy,2026-06-25
SH603833,欧派家居,SH,mainboard,sh.603833,1,myquant-strategy,2026-06-25
SH603836,海程邦达,SH,mainboard,sh.603836,1,myquant-strategy,2026-06-25
SH603838,*ST四通,SH,mainboard,sh.603838,1,myquant-strategy,2026-06-25
SH603839,安正时尚,SH,mainboard,sh.603839,1,myquant-strategy,2026-06-25
SH603843,*ST正平,SH,mainboard,sh.603843,1,myquant-strategy,2026-06-25
SH603848,好太太,SH,mainboard,sh.603848,1,myquant-strategy,2026-06-25
SH603855,华荣股份,SH,mainboard,sh.603855,1,myquant-strategy,2026-06-25
SH603856,东宏股份,SH,mainboard,sh.603856,1,myquant-strategy,2026-06-25
SH603858,步长制药,SH,mainboard,sh.603858,1,myquant-strategy,2026-06-25
SH603859,能科科技,SH,mainboard,sh.603859,1,myquant-strategy,2026-06-25
SH603860,中公高科,SH,mainboard,sh.603860,1,myquant-strategy,2026-06-25
SH603861,白云电器,SH,mainboard,sh.603861,1,myquant-strategy,2026-06-25
SH603863,松炀资源,SH,mainboard,sh.603863,1,myquant-strategy,2026-06-25
SH603866,桃李面包,SH,mainboard,sh.603866,1,myquant-strategy,2026-06-25
SH603867,新化股份,SH,mainboard,sh.603867,1,myquant-strategy,2026-06-25
SH603868,飞科电器,SH,mainboard,sh.603868,1,myquant-strategy,2026-06-25
SH603869,ST智知,SH,mainboard,sh.603869,1,myquant-strategy,2026-06-25
SH603871,嘉友国际,SH,mainboard,sh.603871,1,myquant-strategy,2026-06-25
SH603876,鼎胜新材,SH,mainboard,sh.603876,1,myquant-strategy,2026-06-25
SH603877,太平鸟,SH,mainboard,sh.603877,1,myquant-strategy,2026-06-25
SH603878,武进不锈,SH,mainboard,sh.603878,1,myquant-strategy,2026-06-25
SH603879,永悦科技,SH,mainboard,sh.603879,1,myquant-strategy,2026-06-25
SH603880,南卫股份,SH,mainboard,sh.603880,1,myquant-strategy,2026-06-25
SH603881,数据港,SH,mainboard,sh.603881,1,myquant-strategy,2026-06-25
SH603882,金域医学,SH,mainboard,sh.603882,1,myquant-strategy,2026-06-25
SH603883,老百姓,SH,mainboard,sh.603883,1,myquant-strategy,2026-06-25
SH603885,吉祥航空,SH,mainboard,sh.603885,1,myquant-strategy,2026-06-25
SH603886,元祖股份,SH,mainboard,sh.603886,1,myquant-strategy,2026-06-25
SH603887,城地香江,SH,mainboard,sh.603887,1,myquant-strategy,2026-06-25
SH603888,新华网,SH,mainboard,sh.603888,1,myquant-strategy,2026-06-25
SH603889,新澳股份,SH,mainboard,sh.603889,1,myquant-strategy,2026-06-25
SH603890,春秋电子,SH,mainboard,sh.603890,1,myquant-strategy,2026-06-25
SH603893,瑞芯微,SH,mainboard,sh.603893,1,myquant-strategy,2026-06-25
SH603895,天永智能,SH,mainboard,sh.603895,1,myquant-strategy,2026-06-25
SH603896,寿仙谷,SH,mainboard,sh.603896,1,myquant-strategy,2026-06-25
SH603897,长城科技,SH,mainboard,sh.603897,1,myquant-strategy,2026-06-25
SH603898,好莱客,SH,mainboard,sh.603898,1,myquant-strategy,2026-06-25
SH603899,晨光股份,SH,mainboard,sh.603899,1,myquant-strategy,2026-06-25
SH603900,莱绅通灵,SH,mainboard,sh.603900,1,myquant-strategy,2026-06-25
SH603901,永创智能,SH,mainboard,sh.603901,1,myquant-strategy,2026-06-25
SH603903,中持股份,SH,mainboard,sh.603903,1,myquant-strategy,2026-06-25
SH603906,龙蟠科技,SH,mainboard,sh.603906,1,myquant-strategy,2026-06-25
SH603908,牧高笛,SH,mainboard,sh.603908,1,myquant-strategy,2026-06-25
SH603909,建发合诚,SH,mainboard,sh.603909,1,myquant-strategy,2026-06-25
SH603912,佳力图,SH,mainboard,sh.603912,1,myquant-strategy,2026-06-25
SH603915,国茂股份,SH,mainboard,sh.603915,1,myquant-strategy,2026-06-25
SH603916,苏博特,SH,mainboard,sh.603916,1,myquant-strategy,2026-06-25
SH603917,合力科技,SH,mainboard,sh.603917,1,myquant-strategy,2026-06-25
SH603918,金桥信息,SH,mainboard,sh.603918,1,myquant-strategy,2026-06-25
SH603919,金徽酒,SH,mainboard,sh.603919,1,myquant-strategy,2026-06-25
SH603920,世运电路,SH,mainboard,sh.603920,1,myquant-strategy,2026-06-25
SH603922,金鸿顺,SH,mainboard,sh.603922,1,myquant-strategy,2026-06-25
SH603926,铁流股份,SH,mainboard,sh.603926,1,myquant-strategy,2026-06-25
SH603927,中科软,SH,mainboard,sh.603927,1,myquant-strategy,2026-06-25
SH603928,兴业股份,SH,mainboard,sh.603928,1,myquant-strategy,2026-06-25
SH603929,亚翔集成,SH,mainboard,sh.603929,1,myquant-strategy,2026-06-25
SH603931,格林达,SH,mainboard,sh.603931,1,myquant-strategy,2026-06-25
SH603933,睿能科技,SH,mainboard,sh.603933,1,myquant-strategy,2026-06-25
SH603936,博敏电子,SH,mainboard,sh.603936,1,myquant-strategy,2026-06-25
SH603937,丽岛新材,SH,mainboard,sh.603937,1,myquant-strategy,2026-06-25
SH603938,三孚股份,SH,mainboard,sh.603938,1,myquant-strategy,2026-06-25
SH603939,益丰药房,SH,mainboard,sh.603939,1,myquant-strategy,2026-06-25
SH603948,建业股份,SH,mainboard,sh.603948,1,myquant-strategy,2026-06-25
SH603949,雪龙集团,SH,mainboard,sh.603949,1,myquant-strategy,2026-06-25
SH603950,长源东谷,SH,mainboard,sh.603950,1,myquant-strategy,2026-06-25
SH603955,大千生态,SH,mainboard,sh.603955,1,myquant-strategy,2026-06-25
SH603956,威派格,SH,mainboard,sh.603956,1,myquant-strategy,2026-06-25
SH603958,哈森股份,SH,mainboard,sh.603958,1,myquant-strategy,2026-06-25
SH603959,百利科技,SH,mainboard,sh.603959,1,myquant-strategy,2026-06-25
SH603960,克来机电,SH,mainboard,sh.603960,1,myquant-strategy,2026-06-25
SH603966,法兰泰克,SH,mainboard,sh.603966,1,myquant-strategy,2026-06-25
SH603967,中创物流,SH,mainboard,sh.603967,1,myquant-strategy,2026-06-25
SH603968,醋化股份,SH,mainboard,sh.603968,1,myquant-strategy,2026-06-25
SH603969,银龙股份,SH,mainboard,sh.603969,1,myquant-strategy,2026-06-25
SH603970,中农立华,SH,mainboard,sh.603970,1,myquant-strategy,2026-06-25
SH603976,正川股份,SH,mainboard,sh.603976,1,myquant-strategy,2026-06-25
SH603977,国泰集团,SH,mainboard,sh.603977,1,myquant-strategy,2026-06-25
SH603978,深圳新星,SH,mainboard,sh.603978,1,myquant-strategy,2026-06-25
SH603979,金诚信,SH,mainboard,sh.603979,1,myquant-strategy,2026-06-25
SH603980,吉华集团,SH,mainboard,sh.603980,1,myquant-strategy,2026-06-25
SH603982,泉峰汽车,SH,mainboard,sh.603982,1,myquant-strategy,2026-06-25
SH603983,丸美生物,SH,mainboard,sh.603983,1,myquant-strategy,2026-06-25
SH603985,恒润股份,SH,mainboard,sh.603985,1,myquant-strategy,2026-06-25
SH603986,兆易创新,SH,mainboard,sh.603986,1,myquant-strategy,2026-06-25
SH603987,康德莱,SH,mainboard,sh.603987,1,myquant-strategy,2026-06-25
SH603988,中电电机,SH,mainboard,sh.603988,1,myquant-strategy,2026-06-25
SH603989,艾华集团,SH,mainboard,sh.603989,1,myquant-strategy,2026-06-25
SH603990,麦迪科技,SH,mainboard,sh.603990,1,myquant-strategy,2026-06-25
SH603991,至正股份,SH,mainboard,sh.603991,1,myquant-strategy,2026-06-25
SH603992,松霖科技,SH,mainboard,sh.603992,1,myquant-strategy,2026-06-25
SH603993,洛阳钼业,SH,mainboard,sh.603993,1,myquant-strategy,2026-06-25
SH603995,甬金股份,SH,mainboard,sh.603995,1,myquant-strategy,2026-06-25
SH603997,继峰股份,SH,mainboard,sh.603997,1,myquant-strategy,2026-06-25
SH603998,方盛制药,SH,mainboard,sh.603998,1,myquant-strategy,2026-06-25
SH603999,读者传媒,SH,mainboard,sh.603999,1,myquant-strategy,2026-06-25
SH605001,威奥股份,SH,mainboard,sh.605001,1,myquant-strategy,2026-06-25
SH605003,众望布艺,SH,mainboard,sh.605003,1,myquant-strategy,2026-06-25
SH605005,合兴股份,SH,mainboard,sh.605005,1,myquant-strategy,2026-06-25
SH605006,山东玻纤,SH,mainboard,sh.605006,1,myquant-strategy,2026-06-25
SH605007,五洲特纸,SH,mainboard,sh.605007,1,myquant-strategy,2026-06-25
SH605008,长鸿高科,SH,mainboard,sh.605008,1,myquant-strategy,2026-06-25
SH605009,豪悦护理,SH,mainboard,sh.605009,1,myquant-strategy,2026-06-25
SH605011,杭州热电,SH,mainboard,sh.605011,1,myquant-strategy,2026-06-25
SH605016,百龙创园,SH,mainboard,sh.605016,1,myquant-strategy,2026-06-25
SH605018,长华集团,SH,mainboard,sh.605018,1,myquant-strategy,2026-06-25
SH605020,永和股份,SH,mainboard,sh.605020,1,myquant-strategy,2026-06-25
SH605028,世茂能源,SH,mainboard,sh.605028,1,myquant-strategy,2026-06-25
SH605033,美邦股份,SH,mainboard,sh.605033,1,myquant-strategy,2026-06-25
SH605050,福然德,SH,mainboard,sh.605050,1,myquant-strategy,2026-06-25
SH605055,迎丰股份,SH,mainboard,sh.605055,1,myquant-strategy,2026-06-25
SH605056,咸亨国际,SH,mainboard,sh.605056,1,myquant-strategy,2026-06-25
SH605058,澳弘电子,SH,mainboard,sh.605058,1,myquant-strategy,2026-06-25
SH605060,联德股份,SH,mainboard,sh.605060,1,myquant-strategy,2026-06-25
SH605066,天正电气,SH,mainboard,sh.605066,1,myquant-strategy,2026-06-25
SH605068,明新旭腾,SH,mainboard,sh.605068,1,myquant-strategy,2026-06-25
SH605069,正和生态,SH,mainboard,sh.605069,1,myquant-strategy,2026-06-25
SH605077,华康股份,SH,mainboard,sh.605077,1,myquant-strategy,2026-06-25
SH605080,浙江自然,SH,mainboard,sh.605080,1,myquant-strategy,2026-06-25
SH605081,*ST太和,SH,mainboard,sh.605081,1,myquant-strategy,2026-06-25
SH605086,龙高股份,SH,mainboard,sh.605086,1,myquant-strategy,2026-06-25
SH605088,冠盛股份,SH,mainboard,sh.605088,1,myquant-strategy,2026-06-25
SH605089,味知香,SH,mainboard,sh.605089,1,myquant-strategy,2026-06-25
SH605090,九丰能源,SH,mainboard,sh.605090,1,myquant-strategy,2026-06-25
SH605098,行动教育,SH,mainboard,sh.605098,1,myquant-strategy,2026-06-25
SH605099,共创草坪,SH,mainboard,sh.605099,1,myquant-strategy,2026-06-25
SH605100,华丰股份,SH,mainboard,sh.605100,1,myquant-strategy,2026-06-25
SH605108,同庆楼,SH,mainboard,sh.605108,1,myquant-strategy,2026-06-25
SH605111,新洁能,SH,mainboard,sh.605111,1,myquant-strategy,2026-06-25
SH605116,奥锐特,SH,mainboard,sh.605116,1,myquant-strategy,2026-06-25
SH605117,德业股份,SH,mainboard,sh.605117,1,myquant-strategy,2026-06-25
SH605118,力鼎光电,SH,mainboard,sh.605118,1,myquant-strategy,2026-06-25
SH605122,四方新材,SH,mainboard,sh.605122,1,myquant-strategy,2026-06-25
SH605123,派克新材,SH,mainboard,sh.605123,1,myquant-strategy,2026-06-25
SH605128,上海沿浦,SH,mainboard,sh.605128,1,myquant-strategy,2026-06-25
SH605133,嵘泰股份,SH,mainboard,sh.605133,1,myquant-strategy,2026-06-25
SH605136,丽人丽妆,SH,mainboard,sh.605136,1,myquant-strategy,2026-06-25
SH605138,盛泰集团,SH,mainboard,sh.605138,1,myquant-strategy,2026-06-25
SH605151,西上海,SH,mainboard,sh.605151,1,myquant-strategy,2026-06-25
SH605155,西大门,SH,mainboard,sh.605155,1,myquant-strategy,2026-06-25
SH605158,华达新材,SH,mainboard,sh.605158,1,myquant-strategy,2026-06-25
SH605162,新中港,SH,mainboard,sh.605162,1,myquant-strategy,2026-06-25
SH605166,聚合顺,SH,mainboard,sh.605166,1,myquant-strategy,2026-06-25
SH605167,利柏特,SH,mainboard,sh.605167,1,myquant-strategy,2026-06-25
SH605168,三人行,SH,mainboard,sh.605168,1,myquant-strategy,2026-06-25
SH605169,洪通燃气,SH,mainboard,sh.605169,1,myquant-strategy,2026-06-25
SH605177,东亚药业,SH,mainboard,sh.605177,1,myquant-strategy,2026-06-25
SH605178,时空科技,SH,mainboard,sh.605178,1,myquant-strategy,2026-06-25
SH605179,一鸣食品,SH,mainboard,sh.605179,1,myquant-strategy,2026-06-25
SH605180,华生科技,SH,mainboard,sh.605180,1,myquant-strategy,2026-06-25
SH605183,确成股份,SH,mainboard,sh.605183,1,myquant-strategy,2026-06-25
SH605186,健麾信息,SH,mainboard,sh.605186,1,myquant-strategy,2026-06-25
SH605188,国光连锁,SH,mainboard,sh.605188,1,myquant-strategy,2026-06-25
SH605189,富春染织,SH,mainboard,sh.605189,1,myquant-strategy,2026-06-25
SH605196,华通线缆,SH,mainboard,sh.605196,1,myquant-strategy,2026-06-25
SH605198,安德利,SH,mainboard,sh.605198,1,myquant-strategy,2026-06-25
SH605199,ST葫芦娃,SH,mainboard,sh.605199,1,myquant-strategy,2026-06-25
SH605208,永茂泰,SH,mainboard,sh.605208,1,myquant-strategy,2026-06-25
SH605218,伟时电子,SH,mainboard,sh.605218,1,myquant-strategy,2026-06-25
SH605222,起帆电缆,SH,mainboard,sh.605222,1,myquant-strategy,2026-06-25
SH605228,神通科技,SH,mainboard,sh.605228,1,myquant-strategy,2026-06-25
SH605255,天普股份,SH,mainboard,sh.605255,1,myquant-strategy,2026-06-25
SH605258,协和电子,SH,mainboard,sh.605258,1,myquant-strategy,2026-06-25
SH605259,绿田机械,SH,mainboard,sh.605259,1,myquant-strategy,2026-06-25
SH605266,健之佳,SH,mainboard,sh.605266,1,myquant-strategy,2026-06-25
SH605268,王力安防,SH,mainboard,sh.605268,1,myquant-strategy,2026-06-25
SH605277,新亚电子,SH,mainboard,sh.605277,1,myquant-strategy,2026-06-25
SH605286,同力天启,SH,mainboard,sh.605286,1,myquant-strategy,2026-06-25
SH605287,德才股份,SH,mainboard,sh.605287,1,myquant-strategy,2026-06-25
SH605288,凯迪股份,SH,mainboard,sh.605288,1,myquant-strategy,2026-06-25
SH605289,罗曼股份,SH,mainboard,sh.605289,1,myquant-strategy,2026-06-25
SH605296,神农集团,SH,mainboard,sh.605296,1,myquant-strategy,2026-06-25
SH605298,必得科技,SH,mainboard,sh.605298,1,myquant-strategy,2026-06-25
SH605299,舒华体育,SH,mainboard,sh.605299,1,myquant-strategy,2026-06-25
SH605300,佳禾食品,SH,mainboard,sh.605300,1,myquant-strategy,2026-06-25
SH605303,园林股份,SH,mainboard,sh.605303,1,myquant-strategy,2026-06-25
SH605305,中际联合,SH,mainboard,sh.605305,1,myquant-strategy,2026-06-25
SH605318,法狮龙,SH,mainboard,sh.605318,1,myquant-strategy,2026-06-25
SH605319,无锡振华,SH,mainboard,sh.605319,1,myquant-strategy,2026-06-25
SH605333,沪光股份,SH,mainboard,sh.605333,1,myquant-strategy,2026-06-25
SH605336,帅丰电器,SH,mainboard,sh.605336,1,myquant-strategy,2026-06-25
SH605337,李子园,SH,mainboard,sh.605337,1,myquant-strategy,2026-06-25
SH605338,巴比食品,SH,mainboard,sh.605338,1,myquant-strategy,2026-06-25
SH605339,南侨食品,SH,mainboard,sh.605339,1,myquant-strategy,2026-06-25
SH605358,立昂微,SH,mainboard,sh.605358,1,myquant-strategy,2026-06-25
SH605365,立达信,SH,mainboard,sh.605365,1,myquant-strategy,2026-06-25
SH605366,宏柏新材,SH,mainboard,sh.605366,1,myquant-strategy,2026-06-25
SH605368,蓝天燃气,SH,mainboard,sh.605368,1,myquant-strategy,2026-06-25
SH605369,拱东医疗,SH,mainboard,sh.605369,1,myquant-strategy,2026-06-25
SH605376,博迁新材,SH,mainboard,sh.605376,1,myquant-strategy,2026-06-25
SH605377,华旺科技,SH,mainboard,sh.605377,1,myquant-strategy,2026-06-25
SH605378,野马电池,SH,mainboard,sh.605378,1,myquant-strategy,2026-06-25
SH605388,均瑶健康,SH,mainboard,sh.605388,1,myquant-strategy,2026-06-25
SH605389,长龄液压,SH,mainboard,sh.605389,1,myquant-strategy,2026-06-25
SH605398,新炬网络,SH,mainboard,sh.605398,1,myquant-strategy,2026-06-25
SH605399,晨光新材,SH,mainboard,sh.605399,1,myquant-strategy,2026-06-25
SH605488,福莱新材,SH,mainboard,sh.605488,1,myquant-strategy,2026-06-25
SH605499,东鹏饮料,SH,mainboard,sh.605499,1,myquant-strategy,2026-06-25
SH605500,森林包装,SH,mainboard,sh.605500,1,myquant-strategy,2026-06-25
SH605507,国邦医药,SH,mainboard,sh.605507,1,myquant-strategy,2026-06-25
SH605555,德昌股份,SH,mainboard,sh.605555,1,myquant-strategy,2026-06-25
SH605566,福莱蒽特,SH,mainboard,sh.605566,1,myquant-strategy,2026-06-25
SH605567,春雪食品,SH,mainboard,sh.605567,1,myquant-strategy,2026-06-25
SH605577,龙版传媒,SH,mainboard,sh.605577,1,myquant-strategy,2026-06-25
SH605580,恒盛能源,SH,mainboard,sh.605580,1,myquant-strategy,2026-06-25
SH605588,冠石科技,SH,mainboard,sh.605588,1,myquant-strategy,2026-06-25
SH605589,圣泉集团,SH,mainboard,sh.605589,1,myquant-strategy,2026-06-25
SH605598,上海港湾,SH,mainboard,sh.605598,1,myquant-strategy,2026-06-25
SH605599,菜百股份,SH,mainboard,sh.605599,1,myquant-strategy,2026-06-25
SH688001,华兴源创,SH,star,sh.688001,1,myquant-strategy,2026-06-25
SH688002,睿创微纳,SH,star,sh.688002,1,myquant-strategy,2026-06-25
SH688003,天准科技,SH,star,sh.688003,1,myquant-strategy,2026-06-25
SH688004,博汇科技,SH,star,sh.688004,1,myquant-strategy,2026-06-25
SH688005,容百科技,SH,star,sh.688005,1,myquant-strategy,2026-06-25
SH688006,杭可科技,SH,star,sh.688006,1,myquant-strategy,2026-06-25
SH688007,光峰科技,SH,star,sh.688007,1,myquant-strategy,2026-06-25
SH688008,澜起科技,SH,star,sh.688008,1,myquant-strategy,2026-06-25
SH688009,中国通号,SH,star,sh.688009,1,myquant-strategy,2026-06-25
SH688010,福光股份,SH,star,sh.688010,1,myquant-strategy,2026-06-25
SH688011,新光光电,SH,star,sh.688011,1,myquant-strategy,2026-06-25
SH688012,中微公司,SH,star,sh.688012,1,myquant-strategy,2026-06-25
SH688013,天臣医疗,SH,star,sh.688013,1,myquant-strategy,2026-06-25
SH688015,交控科技,SH,star,sh.688015,1,myquant-strategy,2026-06-25
SH688016,心脉医疗,SH,star,sh.688016,1,myquant-strategy,2026-06-25
SH688017,绿的谐波,SH,star,sh.688017,1,myquant-strategy,2026-06-25
SH688018,乐鑫科技,SH,star,sh.688018,1,myquant-strategy,2026-06-25
SH688019,安集科技,SH,star,sh.688019,1,myquant-strategy,2026-06-25
SH688020,方邦股份,SH,star,sh.688020,1,myquant-strategy,2026-06-25
SH688021,奥福科技,SH,star,sh.688021,1,myquant-strategy,2026-06-25
SH688022,瀚川智能,SH,star,sh.688022,1,myquant-strategy,2026-06-25
SH688023,安恒信息,SH,star,sh.688023,1,myquant-strategy,2026-06-25
SH688025,杰普特,SH,star,sh.688025,1,myquant-strategy,2026-06-25
SH688026,洁特生物,SH,star,sh.688026,1,myquant-strategy,2026-06-25
SH688027,国盾量子,SH,star,sh.688027,1,myquant-strategy,2026-06-25
SH688028,沃尔德,SH,star,sh.688028,1,myquant-strategy,2026-06-25
SH688029,南微医学,SH,star,sh.688029,1,myquant-strategy,2026-06-25
SH688030,山石网科,SH,star,sh.688030,1,myquant-strategy,2026-06-25
SH688031,星环科技,SH,star,sh.688031,1,myquant-strategy,2026-06-25
SH688032,禾迈股份,SH,star,sh.688032,1,myquant-strategy,2026-06-25
SH688033,天宜新材,SH,star,sh.688033,1,myquant-strategy,2026-06-25
SH688035,德邦科技,SH,star,sh.688035,1,myquant-strategy,2026-06-25
SH688036,传音控股,SH,star,sh.688036,1,myquant-strategy,2026-06-25
SH688037,芯源微,SH,star,sh.688037,1,myquant-strategy,2026-06-25
SH688038,中科通达,SH,star,sh.688038,1,myquant-strategy,2026-06-25
SH688039,当虹科技,SH,star,sh.688039,1,myquant-strategy,2026-06-25
SH688041,海光信息,SH,star,sh.688041,1,myquant-strategy,2026-06-25
SH688045,必易微,SH,star,sh.688045,1,myquant-strategy,2026-06-25
SH688046,药康生物,SH,star,sh.688046,1,myquant-strategy,2026-06-25
SH688047,龙芯中科,SH,star,sh.688047,1,myquant-strategy,2026-06-25
SH688048,长光华芯,SH,star,sh.688048,1,myquant-strategy,2026-06-25
SH688049,炬芯科技,SH,star,sh.688049,1,myquant-strategy,2026-06-25
SH688050,爱博医疗,SH,star,sh.688050,1,myquant-strategy,2026-06-25
SH688051,佳华科技,SH,star,sh.688051,1,myquant-strategy,2026-06-25
SH688052,纳芯微,SH,star,sh.688052,1,myquant-strategy,2026-06-25
SH688053,ST思科瑞,SH,star,sh.688053,1,myquant-strategy,2026-06-25
SH688055,龙腾光电,SH,star,sh.688055,1,myquant-strategy,2026-06-25
SH688056,莱伯泰科,SH,star,sh.688056,1,myquant-strategy,2026-06-25
SH688057,金达莱,SH,star,sh.688057,1,myquant-strategy,2026-06-25
SH688058,宝兰德,SH,star,sh.688058,1,myquant-strategy,2026-06-25
SH688059,华锐精密,SH,star,sh.688059,1,myquant-strategy,2026-06-25
SH688060,云涌科技,SH,star,sh.688060,1,myquant-strategy,2026-06-25
SH688061,灿瑞科技,SH,star,sh.688061,1,myquant-strategy,2026-06-25
SH688062,迈威生物,SH,star,sh.688062,1,myquant-strategy,2026-06-25
SH688063,派能科技,SH,star,sh.688063,1,myquant-strategy,2026-06-25
SH688065,凯赛生物,SH,star,sh.688065,1,myquant-strategy,2026-06-25
SH688066,航天宏图,SH,star,sh.688066,1,myquant-strategy,2026-06-25
SH688067,爱威科技,SH,star,sh.688067,1,myquant-strategy,2026-06-25
SH688068,热景生物,SH,star,sh.688068,1,myquant-strategy,2026-06-25
SH688069,德林海,SH,star,sh.688069,1,myquant-strategy,2026-06-25
SH688070,纵横股份,SH,star,sh.688070,1,myquant-strategy,2026-06-25
SH688071,华依科技,SH,star,sh.688071,1,myquant-strategy,2026-06-25
SH688072,拓荆科技,SH,star,sh.688072,1,myquant-strategy,2026-06-25
SH688073,毕得医药,SH,star,sh.688073,1,myquant-strategy,2026-06-25
SH688075,安旭生物,SH,star,sh.688075,1,myquant-strategy,2026-06-25
SH688076,ST诺泰,SH,star,sh.688076,1,myquant-strategy,2026-06-25
SH688077,大地熊,SH,star,sh.688077,1,myquant-strategy,2026-06-25
SH688078,龙软科技,SH,star,sh.688078,1,myquant-strategy,2026-06-25
SH688079,美迪凯,SH,star,sh.688079,1,myquant-strategy,2026-06-25
SH688080,映翰通,SH,star,sh.688080,1,myquant-strategy,2026-06-25
SH688081,兴图新科,SH,star,sh.688081,1,myquant-strategy,2026-06-25
SH688082,盛美上海,SH,star,sh.688082,1,myquant-strategy,2026-06-25
SH688083,中望软件,SH,star,sh.688083,1,myquant-strategy,2026-06-25
SH688084,晶品特装,SH,star,sh.688084,1,myquant-strategy,2026-06-25
SH688085,三友医疗,SH,star,sh.688085,1,myquant-strategy,2026-06-25
SH688087,英科再生,SH,star,sh.688087,1,myquant-strategy,2026-06-25
SH688088,虹软科技,SH,star,sh.688088,1,myquant-strategy,2026-06-25
SH688089,嘉必优,SH,star,sh.688089,1,myquant-strategy,2026-06-25
SH688090,瑞松科技,SH,star,sh.688090,1,myquant-strategy,2026-06-25
SH688091,上海谊众,SH,star,sh.688091,1,myquant-strategy,2026-06-25
SH688092,爱科科技,SH,star,sh.688092,1,myquant-strategy,2026-06-25
SH688093,世华科技,SH,star,sh.688093,1,myquant-strategy,2026-06-25
SH688095,福昕软件,SH,star,sh.688095,1,myquant-strategy,2026-06-25
SH688096,京源环保,SH,star,sh.688096,1,myquant-strategy,2026-06-25
SH688097,博众精工,SH,star,sh.688097,1,myquant-strategy,2026-06-25
SH688098,申联生物,SH,star,sh.688098,1,myquant-strategy,2026-06-25
SH688099,晶晨股份,SH,star,sh.688099,1,myquant-strategy,2026-06-25
SH688100,威胜信息,SH,star,sh.688100,1,myquant-strategy,2026-06-25
SH688101,三达膜,SH,star,sh.688101,1,myquant-strategy,2026-06-25
SH688102,斯瑞新材,SH,star,sh.688102,1,myquant-strategy,2026-06-25
SH688103,国力电子,SH,star,sh.688103,1,myquant-strategy,2026-06-25
SH688105,诺唯赞,SH,star,sh.688105,1,myquant-strategy,2026-06-25
SH688106,金宏气体,SH,star,sh.688106,1,myquant-strategy,2026-06-25
SH688107,安路科技,SH,star,sh.688107,1,myquant-strategy,2026-06-25
SH688108,赛诺医疗,SH,star,sh.688108,1,myquant-strategy,2026-06-25
SH688109,品茗科技,SH,star,sh.688109,1,myquant-strategy,2026-06-25
SH688110,东芯股份,SH,star,sh.688110,1,myquant-strategy,2026-06-25
SH688111,金山办公,SH,star,sh.688111,1,myquant-strategy,2026-06-25
SH688112,鼎阳科技,SH,star,sh.688112,1,myquant-strategy,2026-06-25
SH688113,联测科技,SH,star,sh.688113,1,myquant-strategy,2026-06-25
SH688114,华大智造,SH,star,sh.688114,1,myquant-strategy,2026-06-25
SH688115,思林杰,SH,star,sh.688115,1,myquant-strategy,2026-06-25
SH688116,天奈科技,SH,star,sh.688116,1,myquant-strategy,2026-06-25
SH688117,圣诺生物,SH,star,sh.688117,1,myquant-strategy,2026-06-25
SH688118,普元信息,SH,star,sh.688118,1,myquant-strategy,2026-06-25
SH688119,中钢洛耐,SH,star,sh.688119,1,myquant-strategy,2026-06-25
SH688120,华海清科,SH,star,sh.688120,1,myquant-strategy,2026-06-25
SH688121,卓然股份,SH,star,sh.688121,1,myquant-strategy,2026-06-25
SH688122,西部超导,SH,star,sh.688122,1,myquant-strategy,2026-06-25
SH688123,聚辰股份,SH,star,sh.688123,1,myquant-strategy,2026-06-25
SH688125,安达智能,SH,star,sh.688125,1,myquant-strategy,2026-06-25
SH688126,沪硅产业,SH,star,sh.688126,1,myquant-strategy,2026-06-25
SH688127,蓝特光学,SH,star,sh.688127,1,myquant-strategy,2026-06-25
SH688128,中国电研,SH,star,sh.688128,1,myquant-strategy,2026-06-25
SH688129,东来技术,SH,star,sh.688129,1,myquant-strategy,2026-06-25
SH688130,晶华微,SH,star,sh.688130,1,myquant-strategy,2026-06-25
SH688131,皓元医药,SH,star,sh.688131,1,myquant-strategy,2026-06-25
SH688132,邦彦技术,SH,star,sh.688132,1,myquant-strategy,2026-06-25
SH688133,泰坦科技,SH,star,sh.688133,1,myquant-strategy,2026-06-25
SH688135,利扬芯片,SH,star,sh.688135,1,myquant-strategy,2026-06-25
SH688136,科兴制药,SH,star,sh.688136,1,myquant-strategy,2026-06-25
SH688137,近岸蛋白,SH,star,sh.688137,1,myquant-strategy,2026-06-25
SH688138,清溢光电,SH,star,sh.688138,1,myquant-strategy,2026-06-25
SH688139,海尔生物,SH,star,sh.688139,1,myquant-strategy,2026-06-25
SH688141,杰华特,SH,star,sh.688141,1,myquant-strategy,2026-06-25
SH688143,长盈通,SH,star,sh.688143,1,myquant-strategy,2026-06-25
SH688146,中船特气,SH,star,sh.688146,1,myquant-strategy,2026-06-25
SH688147,微导纳米,SH,star,sh.688147,1,myquant-strategy,2026-06-25
SH688148,芳源股份,SH,star,sh.688148,1,myquant-strategy,2026-06-25
SH688150,莱特光电,SH,star,sh.688150,1,myquant-strategy,2026-06-25
SH688151,华强科技,SH,star,sh.688151,1,myquant-strategy,2026-06-25
SH688152,麒麟信安,SH,star,sh.688152,1,myquant-strategy,2026-06-25
SH688153,唯捷创芯,SH,star,sh.688153,1,myquant-strategy,2026-06-25
SH688155,先惠技术,SH,star,sh.688155,1,myquant-strategy,2026-06-25
SH688156,路德科技,SH,star,sh.688156,1,myquant-strategy,2026-06-25
SH688157,松井股份,SH,star,sh.688157,1,myquant-strategy,2026-06-25
SH688158,优刻得,SH,star,sh.688158,1,myquant-strategy,2026-06-25
SH688159,有方科技,SH,star,sh.688159,1,myquant-strategy,2026-06-25
SH688160,步科股份,SH,star,sh.688160,1,myquant-strategy,2026-06-25
SH688161,威高骨科,SH,star,sh.688161,1,myquant-strategy,2026-06-25
SH688162,巨一科技,SH,star,sh.688162,1,myquant-strategy,2026-06-25
SH688163,赛伦生物,SH,star,sh.688163,1,myquant-strategy,2026-06-25
SH688165,埃夫特,SH,star,sh.688165,1,myquant-strategy,2026-06-25
SH688166,博瑞医药,SH,star,sh.688166,1,myquant-strategy,2026-06-25
SH688167,炬光科技,SH,star,sh.688167,1,myquant-strategy,2026-06-25
SH688168,安博通,SH,star,sh.688168,1,myquant-strategy,2026-06-25
SH688169,石头科技,SH,star,sh.688169,1,myquant-strategy,2026-06-25
SH688170,德龙激光,SH,star,sh.688170,1,myquant-strategy,2026-06-25
SH688171,纬德信息,SH,star,sh.688171,1,myquant-strategy,2026-06-25
SH688172,燕东微,SH,star,sh.688172,1,myquant-strategy,2026-06-25
SH688173,希荻微,SH,star,sh.688173,1,myquant-strategy,2026-06-25
SH688175,高凌信息,SH,star,sh.688175,1,myquant-strategy,2026-06-25
SH688176,亚虹医药,SH,star,sh.688176,1,myquant-strategy,2026-06-25
SH688177,百奥泰,SH,star,sh.688177,1,myquant-strategy,2026-06-25
SH688178,万德斯,SH,star,sh.688178,1,myquant-strategy,2026-06-25
SH688179,阿拉丁,SH,star,sh.688179,1,myquant-strategy,2026-06-25
SH688180,君实生物,SH,star,sh.688180,1,myquant-strategy,2026-06-25
SH688181,八亿时空,SH,star,sh.688181,1,myquant-strategy,2026-06-25
SH688182,灿勤科技,SH,star,sh.688182,1,myquant-strategy,2026-06-25
SH688183,生益电子,SH,star,sh.688183,1,myquant-strategy,2026-06-25
SH688184,ST帕瓦,SH,star,sh.688184,1,myquant-strategy,2026-06-25
SH688185,康希诺,SH,star,sh.688185,1,myquant-strategy,2026-06-25
SH688186,广大特材,SH,star,sh.688186,1,myquant-strategy,2026-06-25
SH688187,时代电气,SH,star,sh.688187,1,myquant-strategy,2026-06-25
SH688188,柏楚电子,SH,star,sh.688188,1,myquant-strategy,2026-06-25
SH688189,南新制药,SH,star,sh.688189,1,myquant-strategy,2026-06-25
SH688190,云路股份,SH,star,sh.688190,1,myquant-strategy,2026-06-25
SH688191,智洋创新,SH,star,sh.688191,1,myquant-strategy,2026-06-25
SH688192,迪哲医药,SH,star,sh.688192,1,myquant-strategy,2026-06-25
SH688193,仁度生物,SH,star,sh.688193,1,myquant-strategy,2026-06-25
SH688195,腾景科技,SH,star,sh.688195,1,myquant-strategy,2026-06-25
SH688196,卓越新能,SH,star,sh.688196,1,myquant-strategy,2026-06-25
SH688197,首药控股,SH,star,sh.688197,1,myquant-strategy,2026-06-25
SH688198,佰仁医疗,SH,star,sh.688198,1,myquant-strategy,2026-06-25
SH688199,久日新材,SH,star,sh.688199,1,myquant-strategy,2026-06-25
SH688200,华峰测控,SH,star,sh.688200,1,myquant-strategy,2026-06-25
SH688201,信安世纪,SH,star,sh.688201,1,myquant-strategy,2026-06-25
SH688202,美迪西,SH,star,sh.688202,1,myquant-strategy,2026-06-25
SH688203,海正生材,SH,star,sh.688203,1,myquant-strategy,2026-06-25
SH688205,德科立,SH,star,sh.688205,1,myquant-strategy,2026-06-25
SH688206,概伦电子,SH,star,sh.688206,1,myquant-strategy,2026-06-25
SH688207,格灵深瞳,SH,star,sh.688207,1,myquant-strategy,2026-06-25
SH688208,道通科技,SH,star,sh.688208,1,myquant-strategy,2026-06-25
SH688209,英集芯,SH,star,sh.688209,1,myquant-strategy,2026-06-25
SH688210,统联精密,SH,star,sh.688210,1,myquant-strategy,2026-06-25
SH688211,中科微至,SH,star,sh.688211,1,myquant-strategy,2026-06-25
SH688212,澳华内镜,SH,star,sh.688212,1,myquant-strategy,2026-06-25
SH688213,思特威,SH,star,sh.688213,1,myquant-strategy,2026-06-25
SH688215,瑞晟智能,SH,star,sh.688215,1,myquant-strategy,2026-06-25
SH688216,气派科技,SH,star,sh.688216,1,myquant-strategy,2026-06-25
SH688217,睿昂基因,SH,star,sh.688217,1,myquant-strategy,2026-06-25
SH688218,江苏北人,SH,star,sh.688218,1,myquant-strategy,2026-06-25
SH688219,会通股份,SH,star,sh.688219,1,myquant-strategy,2026-06-25
SH688220,翱捷科技,SH,star,sh.688220,1,myquant-strategy,2026-06-25
SH688221,前沿生物,SH,star,sh.688221,1,myquant-strategy,2026-06-25
SH688222,成都先导,SH,star,sh.688222,1,myquant-strategy,2026-06-25
SH688223,晶科能源,SH,star,sh.688223,1,myquant-strategy,2026-06-25
SH688225,亚信安全,SH,star,sh.688225,1,myquant-strategy,2026-06-25
SH688226,威腾电气,SH,star,sh.688226,1,myquant-strategy,2026-06-25
SH688227,品高股份,SH,star,sh.688227,1,myquant-strategy,2026-06-25
SH688228,开普云,SH,star,sh.688228,1,myquant-strategy,2026-06-25
SH688229,博睿数据,SH,star,sh.688229,1,myquant-strategy,2026-06-25
SH688230,芯导科技,SH,star,sh.688230,1,myquant-strategy,2026-06-25
SH688231,隆达股份,SH,star,sh.688231,1,myquant-strategy,2026-06-25
SH688232,新点软件,SH,star,sh.688232,1,myquant-strategy,2026-06-25
SH688233,神工股份,SH,star,sh.688233,1,myquant-strategy,2026-06-25
SH688234,天岳先进,SH,star,sh.688234,1,myquant-strategy,2026-06-25
SH688235,百济神州,SH,star,sh.688235,1,myquant-strategy,2026-06-25
SH688236,春立医疗,SH,star,sh.688236,1,myquant-strategy,2026-06-25
SH688237,超卓航科,SH,star,sh.688237,1,myquant-strategy,2026-06-25
SH688238,和元生物,SH,star,sh.688238,1,myquant-strategy,2026-06-25
SH688239,航宇科技,SH,star,sh.688239,1,myquant-strategy,2026-06-25
SH688244,永信至诚,SH,star,sh.688244,1,myquant-strategy,2026-06-25
SH688246,嘉和美康,SH,star,sh.688246,1,myquant-strategy,2026-06-25
SH688247,宣泰医药,SH,star,sh.688247,1,myquant-strategy,2026-06-25
SH688248,南网科技,SH,star,sh.688248,1,myquant-strategy,2026-06-25
SH688249,晶合集成,SH,star,sh.688249,1,myquant-strategy,2026-06-25
SH688251,井松智能,SH,star,sh.688251,1,myquant-strategy,2026-06-25
SH688252,天德钰,SH,star,sh.688252,1,myquant-strategy,2026-06-25
SH688253,英诺特,SH,star,sh.688253,1,myquant-strategy,2026-06-25
SH688255,凯尔达,SH,star,sh.688255,1,myquant-strategy,2026-06-25
SH688256,寒武纪,SH,star,sh.688256,1,myquant-strategy,2026-06-25
SH688257,新锐股份,SH,star,sh.688257,1,myquant-strategy,2026-06-25
SH688258,卓易信息,SH,star,sh.688258,1,myquant-strategy,2026-06-25
SH688259,创耀科技,SH,star,sh.688259,1,myquant-strategy,2026-06-25
SH688260,昀冢科技,SH,star,sh.688260,1,myquant-strategy,2026-06-25
SH688261,东微半导,SH,star,sh.688261,1,myquant-strategy,2026-06-25
SH688262,国芯科技,SH,star,sh.688262,1,myquant-strategy,2026-06-25
SH688265,南模生物,SH,star,sh.688265,1,myquant-strategy,2026-06-25
SH688266,泽璟制药,SH,star,sh.688266,1,myquant-strategy,2026-06-25
SH688267,中触媒,SH,star,sh.688267,1,myquant-strategy,2026-06-25
SH688268,华特气体,SH,star,sh.688268,1,myquant-strategy,2026-06-25
SH688269,凯立新材,SH,star,sh.688269,1,myquant-strategy,2026-06-25
SH688270,臻镭科技,SH,star,sh.688270,1,myquant-strategy,2026-06-25
SH688271,联影医疗,SH,star,sh.688271,1,myquant-strategy,2026-06-25
SH688272,富吉瑞,SH,star,sh.688272,1,myquant-strategy,2026-06-25
SH688273,麦澜德,SH,star,sh.688273,1,myquant-strategy,2026-06-25
SH688275,万润新能,SH,star,sh.688275,1,myquant-strategy,2026-06-25
SH688276,百克生物,SH,star,sh.688276,1,myquant-strategy,2026-06-25
SH688277,天智航,SH,star,sh.688277,1,myquant-strategy,2026-06-25
SH688278,特宝生物,SH,star,sh.688278,1,myquant-strategy,2026-06-25
SH688279,峰岹科技,SH,star,sh.688279,1,myquant-strategy,2026-06-25
SH688280,精进电动,SH,star,sh.688280,1,myquant-strategy,2026-06-25
SH688281,华秦科技,SH,star,sh.688281,1,myquant-strategy,2026-06-25
SH688282,理工导航,SH,star,sh.688282,1,myquant-strategy,2026-06-25
SH688283,坤恒顺维,SH,star,sh.688283,1,myquant-strategy,2026-06-25
SH688285,高铁电气,SH,star,sh.688285,1,myquant-strategy,2026-06-25
SH688286,敏芯股份,SH,star,sh.688286,1,myquant-strategy,2026-06-25
SH688287,*ST观典,SH,star,sh.688287,1,myquant-strategy,2026-06-25
SH688288,鸿泉技术,SH,star,sh.688288,1,myquant-strategy,2026-06-25
SH688289,圣湘生物,SH,star,sh.688289,1,myquant-strategy,2026-06-25
SH688290,景业智能,SH,star,sh.688290,1,myquant-strategy,2026-06-25
SH688291,金橙子,SH,star,sh.688291,1,myquant-strategy,2026-06-25
SH688292,浩瀚深度,SH,star,sh.688292,1,myquant-strategy,2026-06-25
SH688293,奥浦迈,SH,star,sh.688293,1,myquant-strategy,2026-06-25
SH688295,中复神鹰,SH,star,sh.688295,1,myquant-strategy,2026-06-25
SH688296,和达科技,SH,star,sh.688296,1,myquant-strategy,2026-06-25
SH688297,中无人机,SH,star,sh.688297,1,myquant-strategy,2026-06-25
SH688298,东方生物,SH,star,sh.688298,1,myquant-strategy,2026-06-25
SH688299,长阳科技,SH,star,sh.688299,1,myquant-strategy,2026-06-25
SH688300,联瑞新材,SH,star,sh.688300,1,myquant-strategy,2026-06-25
SH688301,奕瑞科技,SH,star,sh.688301,1,myquant-strategy,2026-06-25
SH688302,海创药业,SH,star,sh.688302,1,myquant-strategy,2026-06-25
SH688303,大全能源,SH,star,sh.688303,1,myquant-strategy,2026-06-25
SH688305,科德数控,SH,star,sh.688305,1,myquant-strategy,2026-06-25
SH688306,均普智能,SH,star,sh.688306,1,myquant-strategy,2026-06-25
SH688307,中润光学,SH,star,sh.688307,1,myquant-strategy,2026-06-25
SH688308,欧科亿,SH,star,sh.688308,1,myquant-strategy,2026-06-25
SH688309,恒誉环保,SH,star,sh.688309,1,myquant-strategy,2026-06-25
SH688310,迈得医疗,SH,star,sh.688310,1,myquant-strategy,2026-06-25
SH688311,盟升电子,SH,star,sh.688311,1,myquant-strategy,2026-06-25
SH688312,燕麦科技,SH,star,sh.688312,1,myquant-strategy,2026-06-25
SH688313,仕佳光子,SH,star,sh.688313,1,myquant-strategy,2026-06-25
SH688314,康拓医疗,SH,star,sh.688314,1,myquant-strategy,2026-06-25
SH688315,诺禾致源,SH,star,sh.688315,1,myquant-strategy,2026-06-25
SH688316,青云科技,SH,star,sh.688316,1,myquant-strategy,2026-06-25
SH688317,之江生物,SH,star,sh.688317,1,myquant-strategy,2026-06-25
SH688318,财富趋势,SH,star,sh.688318,1,myquant-strategy,2026-06-25
SH688319,欧林生物,SH,star,sh.688319,1,myquant-strategy,2026-06-25
SH688320,禾川科技,SH,star,sh.688320,1,myquant-strategy,2026-06-25
SH688321,微芯生物,SH,star,sh.688321,1,myquant-strategy,2026-06-25
SH688322,奥比中光,SH,star,sh.688322,1,myquant-strategy,2026-06-25
SH688323,瑞华泰,SH,star,sh.688323,1,myquant-strategy,2026-06-25
SH688325,赛微微电,SH,star,sh.688325,1,myquant-strategy,2026-06-25
SH688326,经纬恒润,SH,star,sh.688326,1,myquant-strategy,2026-06-25
SH688327,云从科技,SH,star,sh.688327,1,myquant-strategy,2026-06-25
SH688328,深科达,SH,star,sh.688328,1,myquant-strategy,2026-06-25
SH688329,艾隆科技,SH,star,sh.688329,1,myquant-strategy,2026-06-25
SH688330,宏力达,SH,star,sh.688330,1,myquant-strategy,2026-06-25
SH688331,荣昌生物,SH,star,sh.688331,1,myquant-strategy,2026-06-25
SH688332,中科蓝讯,SH,star,sh.688332,1,myquant-strategy,2026-06-25
SH688333,铂力特,SH,star,sh.688333,1,myquant-strategy,2026-06-25
SH688334,西高院,SH,star,sh.688334,1,myquant-strategy,2026-06-25
SH688335,复洁科技,SH,star,sh.688335,1,myquant-strategy,2026-06-25
SH688336,三生国健,SH,star,sh.688336,1,myquant-strategy,2026-06-25
SH688337,普源精电,SH,star,sh.688337,1,myquant-strategy,2026-06-25
SH688338,赛科希德,SH,star,sh.688338,1,myquant-strategy,2026-06-25
SH688339,亿华通,SH,star,sh.688339,1,myquant-strategy,2026-06-25
SH688343,云天励飞,SH,star,sh.688343,1,myquant-strategy,2026-06-25
SH688345,博力威,SH,star,sh.688345,1,myquant-strategy,2026-06-25
SH688347,华虹公司,SH,star,sh.688347,1,myquant-strategy,2026-06-25
SH688348,昱能科技,SH,star,sh.688348,1,myquant-strategy,2026-06-25
SH688349,三一重能,SH,star,sh.688349,1,myquant-strategy,2026-06-25
SH688350,富淼科技,SH,star,sh.688350,1,myquant-strategy,2026-06-25
SH688351,微电生理,SH,star,sh.688351,1,myquant-strategy,2026-06-25
SH688352,颀中科技,SH,star,sh.688352,1,myquant-strategy,2026-06-25
SH688353,华盛锂电,SH,star,sh.688353,1,myquant-strategy,2026-06-25
SH688355,明志科技,SH,star,sh.688355,1,myquant-strategy,2026-06-25
SH688356,键凯科技,SH,star,sh.688356,1,myquant-strategy,2026-06-25
SH688357,建龙微纳,SH,star,sh.688357,1,myquant-strategy,2026-06-25
SH688358,祥生医疗,SH,star,sh.688358,1,myquant-strategy,2026-06-25
SH688359,三孚新科,SH,star,sh.688359,1,myquant-strategy,2026-06-25
SH688360,德马科技,SH,star,sh.688360,1,myquant-strategy,2026-06-25
SH688361,中科飞测,SH,star,sh.688361,1,myquant-strategy,2026-06-25
SH688362,甬矽电子,SH,star,sh.688362,1,myquant-strategy,2026-06-25
SH688363,华熙生物,SH,star,sh.688363,1,myquant-strategy,2026-06-25
SH688365,光云科技,SH,star,sh.688365,1,myquant-strategy,2026-06-25
SH688366,昊海生科,SH,star,sh.688366,1,myquant-strategy,2026-06-25
SH688367,工大高科,SH,star,sh.688367,1,myquant-strategy,2026-06-25
SH688368,晶丰明源,SH,star,sh.688368,1,myquant-strategy,2026-06-25
SH688369,致远互联,SH,star,sh.688369,1,myquant-strategy,2026-06-25
SH688370,丛麟科技,SH,star,sh.688370,1,myquant-strategy,2026-06-25
SH688371,菲沃泰,SH,star,sh.688371,1,myquant-strategy,2026-06-25
SH688372,伟测科技,SH,star,sh.688372,1,myquant-strategy,2026-06-25
SH688373,盟科药业,SH,star,sh.688373,1,myquant-strategy,2026-06-25
SH688375,国博电子,SH,star,sh.688375,1,myquant-strategy,2026-06-25
SH688376,美埃科技,SH,star,sh.688376,1,myquant-strategy,2026-06-25
SH688377,迪威尔,SH,star,sh.688377,1,myquant-strategy,2026-06-25
SH688378,奥来德,SH,star,sh.688378,1,myquant-strategy,2026-06-25
SH688379,华光新材,SH,star,sh.688379,1,myquant-strategy,2026-06-25
SH688380,中微半导,SH,star,sh.688380,1,myquant-strategy,2026-06-25
SH688381,帝奥微,SH,star,sh.688381,1,myquant-strategy,2026-06-25
SH688382,益方生物,SH,star,sh.688382,1,myquant-strategy,2026-06-25
SH688383,新益昌,SH,star,sh.688383,1,myquant-strategy,2026-06-25
SH688385,复旦微电,SH,star,sh.688385,1,myquant-strategy,2026-06-25
SH688386,泛亚微透,SH,star,sh.688386,1,myquant-strategy,2026-06-25
SH688387,信科移动,SH,star,sh.688387,1,myquant-strategy,2026-06-25
SH688388,嘉元科技,SH,star,sh.688388,1,myquant-strategy,2026-06-25
SH688389,普门科技,SH,star,sh.688389,1,myquant-strategy,2026-06-25
SH688390,固德威,SH,star,sh.688390,1,myquant-strategy,2026-06-25
SH688391,钜泉科技,SH,star,sh.688391,1,myquant-strategy,2026-06-25
SH688392,骄成超声,SH,star,sh.688392,1,myquant-strategy,2026-06-25
SH688393,安必平,SH,star,sh.688393,1,myquant-strategy,2026-06-25
SH688395,正弦电气,SH,star,sh.688395,1,myquant-strategy,2026-06-25
SH688396,华润微,SH,star,sh.688396,1,myquant-strategy,2026-06-25
SH688398,赛特新材,SH,star,sh.688398,1,myquant-strategy,2026-06-25
SH688399,硕世生物,SH,star,sh.688399,1,myquant-strategy,2026-06-25
SH688400,凌云光,SH,star,sh.688400,1,myquant-strategy,2026-06-25
SH688401,路维光电,SH,star,sh.688401,1,myquant-strategy,2026-06-25
SH688403,汇成股份,SH,star,sh.688403,1,myquant-strategy,2026-06-25
SH688408,中信博,SH,star,sh.688408,1,myquant-strategy,2026-06-25
SH688409,富创精密,SH,star,sh.688409,1,myquant-strategy,2026-06-25
SH688410,山外山,SH,star,sh.688410,1,myquant-strategy,2026-06-25
SH688411,海博思创,SH,star,sh.688411,1,myquant-strategy,2026-06-25
SH688416,恒烁股份,SH,star,sh.688416,1,myquant-strategy,2026-06-25
SH688418,震有科技,SH,star,sh.688418,1,myquant-strategy,2026-06-25
SH688419,耐科装备,SH,star,sh.688419,1,myquant-strategy,2026-06-25
SH688420,美腾科技,SH,star,sh.688420,1,myquant-strategy,2026-06-25
SH688425,铁建重工,SH,star,sh.688425,1,myquant-strategy,2026-06-25
SH688426,康为世纪,SH,star,sh.688426,1,myquant-strategy,2026-06-25
SH688428,诺诚健华,SH,star,sh.688428,1,myquant-strategy,2026-06-25
SH688429,时创能源,SH,star,sh.688429,1,myquant-strategy,2026-06-25
SH688432,有研硅,SH,star,sh.688432,1,myquant-strategy,2026-06-25
SH688433,华曙高科,SH,star,sh.688433,1,myquant-strategy,2026-06-25
SH688435,英方软件,SH,star,sh.688435,1,myquant-strategy,2026-06-25
SH688439,振华风光,SH,star,sh.688439,1,myquant-strategy,2026-06-25
SH688443,智翔金泰,SH,star,sh.688443,1,myquant-strategy,2026-06-25
SH688448,磁谷科技,SH,star,sh.688448,1,myquant-strategy,2026-06-25
SH688449,联芸科技,SH,star,sh.688449,1,myquant-strategy,2026-06-25
SH688450,光格科技,SH,star,sh.688450,1,myquant-strategy,2026-06-25
SH688455,科捷智能,SH,star,sh.688455,1,myquant-strategy,2026-06-25
SH688456,有研粉材,SH,star,sh.688456,1,myquant-strategy,2026-06-25
SH688458,美芯晟,SH,star,sh.688458,1,myquant-strategy,2026-06-25
SH688459,哈铁科技,SH,star,sh.688459,1,myquant-strategy,2026-06-25
SH688466,金科环境,SH,star,sh.688466,1,myquant-strategy,2026-06-25
SH688468,科美诊断,SH,star,sh.688468,1,myquant-strategy,2026-06-25
SH688469,芯联集成,SH,star,sh.688469,1,myquant-strategy,2026-06-25
SH688472,阿特斯,SH,star,sh.688472,1,myquant-strategy,2026-06-25
SH688475,萤石网络,SH,star,sh.688475,1,myquant-strategy,2026-06-25
SH688478,晶升股份,SH,star,sh.688478,1,myquant-strategy,2026-06-25
SH688479,友车科技,SH,star,sh.688479,1,myquant-strategy,2026-06-25
SH688480,赛恩斯,SH,star,sh.688480,1,myquant-strategy,2026-06-25
SH688484,南芯科技,SH,star,sh.688484,1,myquant-strategy,2026-06-25
SH688485,九州一轨,SH,star,sh.688485,1,myquant-strategy,2026-06-25
SH688486,龙迅股份,SH,star,sh.688486,1,myquant-strategy,2026-06-25
SH688488,艾迪药业,SH,star,sh.688488,1,myquant-strategy,2026-06-25
SH688489,三未信安,SH,star,sh.688489,1,myquant-strategy,2026-06-25
SH688496,清越科技,SH,star,sh.688496,1,myquant-strategy,2026-06-25
SH688498,源杰科技,SH,star,sh.688498,1,myquant-strategy,2026-06-25
SH688499,利元亨,SH,star,sh.688499,1,myquant-strategy,2026-06-25
SH688500,慧辰股份,SH,star,sh.688500,1,myquant-strategy,2026-06-25
SH688501,青达环保,SH,star,sh.688501,1,myquant-strategy,2026-06-25
SH688502,茂莱光学,SH,star,sh.688502,1,myquant-strategy,2026-06-25
SH688503,聚和材料,SH,star,sh.688503,1,myquant-strategy,2026-06-25
SH688505,复旦张江,SH,star,sh.688505,1,myquant-strategy,2026-06-25
SH688506,百利天恒,SH,star,sh.688506,1,myquant-strategy,2026-06-25
SH688507,索辰科技,SH,star,sh.688507,1,myquant-strategy,2026-06-25
SH688508,芯朋微,SH,star,sh.688508,1,myquant-strategy,2026-06-25
SH688509,正元地信,SH,star,sh.688509,1,myquant-strategy,2026-06-25
SH688510,航亚科技,SH,star,sh.688510,1,myquant-strategy,2026-06-25
SH688511,*ST天微,SH,star,sh.688511,1,myquant-strategy,2026-06-25
SH688512,慧智微,SH,star,sh.688512,1,myquant-strategy,2026-06-25
SH688513,苑东生物,SH,star,sh.688513,1,myquant-strategy,2026-06-25
SH688515,裕太微,SH,star,sh.688515,1,myquant-strategy,2026-06-25
SH688516,奥特维,SH,star,sh.688516,1,myquant-strategy,2026-06-25
SH688517,金冠电气,SH,star,sh.688517,1,myquant-strategy,2026-06-25
SH688518,联赢激光,SH,star,sh.688518,1,myquant-strategy,2026-06-25
SH688519,南亚新材,SH,star,sh.688519,1,myquant-strategy,2026-06-25
SH688520,神州细胞,SH,star,sh.688520,1,myquant-strategy,2026-06-25
SH688521,芯原股份,SH,star,sh.688521,1,myquant-strategy,2026-06-25
SH688522,纳睿雷达,SH,star,sh.688522,1,myquant-strategy,2026-06-25
SH688523,航天环宇,SH,star,sh.688523,1,myquant-strategy,2026-06-25
SH688525,佰维存储,SH,star,sh.688525,1,myquant-strategy,2026-06-25
SH688526,科前生物,SH,star,sh.688526,1,myquant-strategy,2026-06-25
SH688528,秦川物联,SH,star,sh.688528,1,myquant-strategy,2026-06-25
SH688529,豪森智能,SH,star,sh.688529,1,myquant-strategy,2026-06-25
SH688530,欧莱新材,SH,star,sh.688530,1,myquant-strategy,2026-06-25
SH688531,日联科技,SH,star,sh.688531,1,myquant-strategy,2026-06-25
SH688533,上声电子,SH,star,sh.688533,1,myquant-strategy,2026-06-25
SH688535,华海诚科,SH,star,sh.688535,1,myquant-strategy,2026-06-25
SH688536,思瑞浦,SH,star,sh.688536,1,myquant-strategy,2026-06-25
SH688538,和辉光电,SH,star,sh.688538,1,myquant-strategy,2026-06-25
SH688539,高华科技,SH,star,sh.688539,1,myquant-strategy,2026-06-25
SH688543,国科军工,SH,star,sh.688543,1,myquant-strategy,2026-06-25
SH688545,兴福电子,SH,star,sh.688545,1,myquant-strategy,2026-06-25
SH688548,广钢气体,SH,star,sh.688548,1,myquant-strategy,2026-06-25
SH688549,中巨芯,SH,star,sh.688549,1,myquant-strategy,2026-06-25
SH688550,瑞联新材,SH,star,sh.688550,1,myquant-strategy,2026-06-25
SH688551,科威尔,SH,star,sh.688551,1,myquant-strategy,2026-06-25
SH688552,航天南湖,SH,star,sh.688552,1,myquant-strategy,2026-06-25
SH688553,汇宇制药,SH,star,sh.688553,1,myquant-strategy,2026-06-25
SH688556,高测股份,SH,star,sh.688556,1,myquant-strategy,2026-06-25
SH688557,兰剑智能,SH,star,sh.688557,1,myquant-strategy,2026-06-25
SH688558,国盛智科,SH,star,sh.688558,1,myquant-strategy,2026-06-25
SH688559,海目星,SH,star,sh.688559,1,myquant-strategy,2026-06-25
SH688560,明冠新材,SH,star,sh.688560,1,myquant-strategy,2026-06-25
SH688561,奇安信,SH,star,sh.688561,1,myquant-strategy,2026-06-25
SH688562,航天软件,SH,star,sh.688562,1,myquant-strategy,2026-06-25
SH688563,航材股份,SH,star,sh.688563,1,myquant-strategy,2026-06-25
SH688565,力源科技,SH,star,sh.688565,1,myquant-strategy,2026-06-25
SH688566,吉贝尔,SH,star,sh.688566,1,myquant-strategy,2026-06-25
SH688567,孚能科技,SH,star,sh.688567,1,myquant-strategy,2026-06-25
SH688568,中科星图,SH,star,sh.688568,1,myquant-strategy,2026-06-25
SH688569,铁科轨道,SH,star,sh.688569,1,myquant-strategy,2026-06-25
SH688570,天玛智控,SH,star,sh.688570,1,myquant-strategy,2026-06-25
SH688571,杭华股份,SH,star,sh.688571,1,myquant-strategy,2026-06-25
SH688573,信宇人,SH,star,sh.688573,1,myquant-strategy,2026-06-25
SH688575,亚辉龙,SH,star,sh.688575,1,myquant-strategy,2026-06-25
SH688576,西山科技,SH,star,sh.688576,1,myquant-strategy,2026-06-25
SH688577,浙海德曼,SH,star,sh.688577,1,myquant-strategy,2026-06-25
SH688578,艾力斯,SH,star,sh.688578,1,myquant-strategy,2026-06-25
SH688579,地纬智能,SH,star,sh.688579,1,myquant-strategy,2026-06-25
SH688580,伟思医疗,SH,star,sh.688580,1,myquant-strategy,2026-06-25
SH688581,安杰思,SH,star,sh.688581,1,myquant-strategy,2026-06-25
SH688582,芯动联科,SH,star,sh.688582,1,myquant-strategy,2026-06-25
SH688583,思看科技,SH,star,sh.688583,1,myquant-strategy,2026-06-25
SH688584,上海合晶,SH,star,sh.688584,1,myquant-strategy,2026-06-25
SH688585,上纬新材,SH,star,sh.688585,1,myquant-strategy,2026-06-25
SH688586,江航装备,SH,star,sh.688586,1,myquant-strategy,2026-06-25
SH688588,凌志软件,SH,star,sh.688588,1,myquant-strategy,2026-06-25
SH688589,力合微,SH,star,sh.688589,1,myquant-strategy,2026-06-25
SH688590,新致软件,SH,star,sh.688590,1,myquant-strategy,2026-06-25
SH688591,泰凌微,SH,star,sh.688591,1,myquant-strategy,2026-06-25
SH688592,司南导航,SH,star,sh.688592,1,myquant-strategy,2026-06-25
SH688593,新相微,SH,star,sh.688593,1,myquant-strategy,2026-06-25
SH688595,芯海科技,SH,star,sh.688595,1,myquant-strategy,2026-06-25
SH688596,正帆科技,SH,star,sh.688596,1,myquant-strategy,2026-06-25
SH688597,煜邦电力,SH,star,sh.688597,1,myquant-strategy,2026-06-25
SH688598,金博股份,SH,star,sh.688598,1,myquant-strategy,2026-06-25
SH688599,天合光能,SH,star,sh.688599,1,myquant-strategy,2026-06-25
SH688600,皖仪科技,SH,star,sh.688600,1,myquant-strategy,2026-06-25
SH688601,力芯微,SH,star,sh.688601,1,myquant-strategy,2026-06-25
SH688602,康鹏科技,SH,star,sh.688602,1,myquant-strategy,2026-06-25
SH688603,天承科技,SH,star,sh.688603,1,myquant-strategy,2026-06-25
SH688605,先锋精科,SH,star,sh.688605,1,myquant-strategy,2026-06-25
SH688606,奥泰生物,SH,star,sh.688606,1,myquant-strategy,2026-06-25
SH688607,康众医疗,SH,star,sh.688607,1,myquant-strategy,2026-06-25
SH688608,恒玄科技,SH,star,sh.688608,1,myquant-strategy,2026-06-25
SH688609,九联科技,SH,star,sh.688609,1,myquant-strategy,2026-06-25
SH688610,埃科光电,SH,star,sh.688610,1,myquant-strategy,2026-06-25
SH688611,杭州柯林,SH,star,sh.688611,1,myquant-strategy,2026-06-25
SH688612,威迈斯,SH,star,sh.688612,1,myquant-strategy,2026-06-25
SH688613,奥精医疗,SH,star,sh.688613,1,myquant-strategy,2026-06-25
SH688615,合合信息,SH,star,sh.688615,1,myquant-strategy,2026-06-25
SH688616,西力科技,SH,star,sh.688616,1,myquant-strategy,2026-06-25
SH688617,惠泰医疗,SH,star,sh.688617,1,myquant-strategy,2026-06-25
SH688618,三旺通信,SH,star,sh.688618,1,myquant-strategy,2026-06-25
SH688619,罗普特,SH,star,sh.688619,1,myquant-strategy,2026-06-25
SH688620,安凯微,SH,star,sh.688620,1,myquant-strategy,2026-06-25
SH688621,阳光诺和,SH,star,sh.688621,1,myquant-strategy,2026-06-25
SH688622,禾信仪器,SH,star,sh.688622,1,myquant-strategy,2026-06-25
SH688623,双元科技,SH,star,sh.688623,1,myquant-strategy,2026-06-25
SH688625,呈和科技,SH,star,sh.688625,1,myquant-strategy,2026-06-25
SH688626,翔宇医疗,SH,star,sh.688626,1,myquant-strategy,2026-06-25
SH688627,精智达,SH,star,sh.688627,1,myquant-strategy,2026-06-25
SH688628,优利德,SH,star,sh.688628,1,myquant-strategy,2026-06-25
SH688629,华丰科技,SH,star,sh.688629,1,myquant-strategy,2026-06-25
SH688630,芯碁微装,SH,star,sh.688630,1,myquant-strategy,2026-06-25
SH688631,莱斯信息,SH,star,sh.688631,1,myquant-strategy,2026-06-25
SH688633,星球石墨,SH,star,sh.688633,1,myquant-strategy,2026-06-25
SH688636,智明达,SH,star,sh.688636,1,myquant-strategy,2026-06-25
SH688638,誉辰智能,SH,star,sh.688638,1,myquant-strategy,2026-06-25
SH688639,华恒生物,SH,star,sh.688639,1,myquant-strategy,2026-06-25
SH688646,ST逸飞,SH,star,sh.688646,1,myquant-strategy,2026-06-25
SH688648,中邮科技,SH,star,sh.688648,1,myquant-strategy,2026-06-25
SH688651,盛邦安全,SH,star,sh.688651,1,myquant-strategy,2026-06-25
SH688652,京仪装备,SH,star,sh.688652,1,myquant-strategy,2026-06-25
SH688653,康希通信,SH,star,sh.688653,1,myquant-strategy,2026-06-25
SH688655,迅捷兴,SH,star,sh.688655,1,myquant-strategy,2026-06-25
SH688656,浩欧博,SH,star,sh.688656,1,myquant-strategy,2026-06-25
SH688657,浩辰软件,SH,star,sh.688657,1,myquant-strategy,2026-06-25
SH688658,悦康药业,SH,star,sh.688658,1,myquant-strategy,2026-06-25
SH688659,元琛科技,SH,star,sh.688659,1,myquant-strategy,2026-06-25
SH688660,电气风电,SH,star,sh.688660,1,myquant-strategy,2026-06-25
SH688661,和林微纳,SH,star,sh.688661,1,myquant-strategy,2026-06-25
SH688662,富信科技,SH,star,sh.688662,1,myquant-strategy,2026-06-25
SH688663,新风光,SH,star,sh.688663,1,myquant-strategy,2026-06-25
SH688665,四方光电,SH,star,sh.688665,1,myquant-strategy,2026-06-25
SH688667,菱电电控,SH,star,sh.688667,1,myquant-strategy,2026-06-25
SH688668,鼎通科技,SH,star,sh.688668,1,myquant-strategy,2026-06-25
SH688669,聚石化学,SH,star,sh.688669,1,myquant-strategy,2026-06-25
SH688670,金迪克,SH,star,sh.688670,1,myquant-strategy,2026-06-25
SH688671,碧兴物联,SH,star,sh.688671,1,myquant-strategy,2026-06-25
SH688676,金盘科技,SH,star,sh.688676,1,myquant-strategy,2026-06-25
SH688677,海泰新光,SH,star,sh.688677,1,myquant-strategy,2026-06-25
SH688678,福立旺,SH,star,sh.688678,1,myquant-strategy,2026-06-25
SH688679,通源环境,SH,star,sh.688679,1,myquant-strategy,2026-06-25
SH688680,海优新材,SH,star,sh.688680,1,myquant-strategy,2026-06-25
SH688681,科汇股份,SH,star,sh.688681,1,myquant-strategy,2026-06-25
SH688682,霍莱沃,SH,star,sh.688682,1,myquant-strategy,2026-06-25
SH688683,莱尔科技,SH,star,sh.688683,1,myquant-strategy,2026-06-25
SH688685,迈信林,SH,star,sh.688685,1,myquant-strategy,2026-06-25
SH688686,奥普特,SH,star,sh.688686,1,myquant-strategy,2026-06-25
SH688687,凯因科技,SH,star,sh.688687,1,myquant-strategy,2026-06-25
SH688689,银河微电,SH,star,sh.688689,1,myquant-strategy,2026-06-25
SH688690,纳微科技,SH,star,sh.688690,1,myquant-strategy,2026-06-25
SH688691,灿芯股份,SH,star,sh.688691,1,myquant-strategy,2026-06-25
SH688692,达梦数据,SH,star,sh.688692,1,myquant-strategy,2026-06-25
SH688693,锴威特,SH,star,sh.688693,1,myquant-strategy,2026-06-25
SH688695,中创股份,SH,star,sh.688695,1,myquant-strategy,2026-06-25
SH688696,极米科技,SH,star,sh.688696,1,myquant-strategy,2026-06-25
SH688697,纽威数控,SH,star,sh.688697,1,myquant-strategy,2026-06-25
SH688698,伟创电气,SH,star,sh.688698,1,myquant-strategy,2026-06-25
SH688699,明微电子,SH,star,sh.688699,1,myquant-strategy,2026-06-25
SH688700,东威科技,SH,star,sh.688700,1,myquant-strategy,2026-06-25
SH688701,卓锦股份,SH,star,sh.688701,1,myquant-strategy,2026-06-25
SH688702,盛科通信,SH,star,sh.688702,1,myquant-strategy,2026-06-25
SH688707,振华新材,SH,star,sh.688707,1,myquant-strategy,2026-06-25
SH688708,佳驰科技,SH,star,sh.688708,1,myquant-strategy,2026-06-25
SH688709,成都华微,SH,star,sh.688709,1,myquant-strategy,2026-06-25
SH688710,益诺思,SH,star,sh.688710,1,myquant-strategy,2026-06-25
SH688711,宏微科技,SH,star,sh.688711,1,myquant-strategy,2026-06-25
SH688712,北芯生命,SH,star,sh.688712,1,myquant-strategy,2026-06-25
SH688716,中研股份,SH,star,sh.688716,1,myquant-strategy,2026-06-25
SH688717,艾罗能源,SH,star,sh.688717,1,myquant-strategy,2026-06-25
SH688718,唯赛勃,SH,star,sh.688718,1,myquant-strategy,2026-06-25
SH688719,爱科赛博,SH,star,sh.688719,1,myquant-strategy,2026-06-25
SH688720,艾森股份,SH,star,sh.688720,1,myquant-strategy,2026-06-25
SH688721,龙图光罩,SH,star,sh.688721,1,myquant-strategy,2026-06-25
SH688722,同益中,SH,star,sh.688722,1,myquant-strategy,2026-06-25
SH688726,拉普拉斯,SH,star,sh.688726,1,myquant-strategy,2026-06-25
SH688727,恒坤新材,SH,star,sh.688727,1,myquant-strategy,2026-06-25
SH688728,格科微,SH,star,sh.688728,1,myquant-strategy,2026-06-25
SH688729,屹唐股份,SH,star,sh.688729,1,myquant-strategy,2026-06-25
SH688733,壹石通,SH,star,sh.688733,1,myquant-strategy,2026-06-25
SH688737,中自科技,SH,star,sh.688737,1,myquant-strategy,2026-06-25
SH688739,成大生物,SH,star,sh.688739,1,myquant-strategy,2026-06-25
SH688750,金天钛业,SH,star,sh.688750,1,myquant-strategy,2026-06-25
SH688755,汉邦科技,SH,star,sh.688755,1,myquant-strategy,2026-06-25
SH688757,胜科纳米,SH,star,sh.688757,1,myquant-strategy,2026-06-25
SH688758,赛分科技,SH,star,sh.688758,1,myquant-strategy,2026-06-25
SH688759,必贝特,SH,star,sh.688759,1,myquant-strategy,2026-06-25
SH688765,禾元生物,SH,star,sh.688765,1,myquant-strategy,2026-06-25
SH688766,普冉股份,SH,star,sh.688766,1,myquant-strategy,2026-06-25
SH688767,博拓生物,SH,star,sh.688767,1,myquant-strategy,2026-06-25
SH688768,容知日新,SH,star,sh.688768,1,myquant-strategy,2026-06-25
SH688772,珠海冠宇,SH,star,sh.688772,1,myquant-strategy,2026-06-25
SH688775,影石创新,SH,star,sh.688775,1,myquant-strategy,2026-06-25
SH688776,国光电气,SH,star,sh.688776,1,myquant-strategy,2026-06-25
SH688777,中控技术,SH,star,sh.688777,1,myquant-strategy,2026-06-25
SH688778,厦钨新能,SH,star,sh.688778,1,myquant-strategy,2026-06-25
SH688779,五矿新能,SH,star,sh.688779,1,myquant-strategy,2026-06-25
SH688783,西安奕材,SH,star,sh.688783,1,myquant-strategy,2026-06-25
SH688785,恒运昌,SH,star,sh.688785,1,myquant-strategy,2026-06-25
SH688786,悦安新材,SH,star,sh.688786,1,myquant-strategy,2026-06-25
SH688787,海天瑞声,SH,star,sh.688787,1,myquant-strategy,2026-06-25
SH688788,科思科技,SH,star,sh.688788,1,myquant-strategy,2026-06-25
SH688789,宏华数科,SH,star,sh.688789,1,myquant-strategy,2026-06-25
SH688790,昂瑞微,SH,star,sh.688790,1,myquant-strategy,2026-06-25
SH688793,倍轻松,SH,star,sh.688793,1,myquant-strategy,2026-06-25
SH688795,摩尔线程,SH,star,sh.688795,1,myquant-strategy,2026-06-25
SH688796,百奥赛图,SH,star,sh.688796,1,myquant-strategy,2026-06-25
SH688798,艾为电子,SH,star,sh.688798,1,myquant-strategy,2026-06-25
SH688799,华纳药厂,SH,star,sh.688799,1,myquant-strategy,2026-06-25
SH688800,瑞可达,SH,star,sh.688800,1,myquant-strategy,2026-06-25
SH688802,沐曦股份,SH,star,sh.688802,1,myquant-strategy,2026-06-25
SH688805,健信超导,SH,star,sh.688805,1,myquant-strategy,2026-06-25
SH688807,优迅股份,SH,star,sh.688807,1,myquant-strategy,2026-06-25
SH688809,强一股份,SH,star,sh.688809,1,myquant-strategy,2026-06-25
SH688816,易思维,SH,star,sh.688816,1,myquant-strategy,2026-06-25
SH688818,电科蓝天,SH,star,sh.688818,1,myquant-strategy,2026-06-25
SH688819,天能股份,SH,star,sh.688819,1,myquant-strategy,2026-06-25
SH688981,中芯国际,SH,star,sh.688981,1,myquant-strategy,2026-06-25
SZ000001,平安银行,SZ,mainboard,sz.000001,1,myquant-strategy,2026-06-25
SZ000002,万科A,SZ,mainboard,sz.000002,1,myquant-strategy,2026-06-25
SZ000004,*ST国华,SZ,mainboard,sz.000004,1,myquant-strategy,2026-06-25
SZ000006,深振业A,SZ,mainboard,sz.000006,1,myquant-strategy,2026-06-25
SZ000007,全新好,SZ,mainboard,sz.000007,1,myquant-strategy,2026-06-25
SZ000008,神州高铁,SZ,mainboard,sz.000008,1,myquant-strategy,2026-06-25
SZ000009,中国宝安,SZ,mainboard,sz.000009,1,myquant-strategy,2026-06-25
SZ000010,美丽生态,SZ,mainboard,sz.000010,1,myquant-strategy,2026-06-25
SZ000011,深物业A,SZ,mainboard,sz.000011,1,myquant-strategy,2026-06-25
SZ000012,南玻A,SZ,mainboard,sz.000012,1,myquant-strategy,2026-06-25
SZ000014,沙河股份,SZ,mainboard,sz.000014,1,myquant-strategy,2026-06-25
SZ000016,深康佳A,SZ,mainboard,sz.000016,1,myquant-strategy,2026-06-25
SZ000017,深中华A,SZ,mainboard,sz.000017,1,myquant-strategy,2026-06-25
SZ000019,深粮控股,SZ,mainboard,sz.000019,1,myquant-strategy,2026-06-25
SZ000020,深华发A,SZ,mainboard,sz.000020,1,myquant-strategy,2026-06-25
SZ000021,深科技,SZ,mainboard,sz.000021,1,myquant-strategy,2026-06-25
SZ000025,特力A,SZ,mainboard,sz.000025,1,myquant-strategy,2026-06-25
SZ000026,飞亚达,SZ,mainboard,sz.000026,1,myquant-strategy,2026-06-25
SZ000027,深圳能源,SZ,mainboard,sz.000027,1,myquant-strategy,2026-06-25
SZ000028,国药一致,SZ,mainboard,sz.000028,1,myquant-strategy,2026-06-25
SZ000029,深深房A,SZ,mainboard,sz.000029,1,myquant-strategy,2026-06-25
SZ000030,富奥股份,SZ,mainboard,sz.000030,1,myquant-strategy,2026-06-25
SZ000031,大悦城,SZ,mainboard,sz.000031,1,myquant-strategy,2026-06-25
SZ000032,深桑达A,SZ,mainboard,sz.000032,1,myquant-strategy,2026-06-25
SZ000034,神州数码,SZ,mainboard,sz.000034,1,myquant-strategy,2026-06-25
SZ000035,中国天楹,SZ,mainboard,sz.000035,1,myquant-strategy,2026-06-25
SZ000036,华联控股,SZ,mainboard,sz.000036,1,myquant-strategy,2026-06-25
SZ000037,深南电A,SZ,mainboard,sz.000037,1,myquant-strategy,2026-06-25
SZ000039,中集集团,SZ,mainboard,sz.000039,1,myquant-strategy,2026-06-25
SZ000042,中洲控股,SZ,mainboard,sz.000042,1,myquant-strategy,2026-06-25
SZ000045,深纺织A,SZ,mainboard,sz.000045,1,myquant-strategy,2026-06-25
SZ000048,京基智农,SZ,mainboard,sz.000048,1,myquant-strategy,2026-06-25
SZ000049,德赛电池,SZ,mainboard,sz.000049,1,myquant-strategy,2026-06-25
SZ000050,深天马A,SZ,mainboard,sz.000050,1,myquant-strategy,2026-06-25
SZ000055,方大集团,SZ,mainboard,sz.000055,1,myquant-strategy,2026-06-25
SZ000056,皇庭国际,SZ,mainboard,sz.000056,1,myquant-strategy,2026-06-25
SZ000058,深赛格,SZ,mainboard,sz.000058,1,myquant-strategy,2026-06-25
SZ000059,华锦股份,SZ,mainboard,sz.000059,1,myquant-strategy,2026-06-25
SZ000060,中金岭南,SZ,mainboard,sz.000060,1,myquant-strategy,2026-06-25
SZ000061,农产品,SZ,mainboard,sz.000061,1,myquant-strategy,2026-06-25
SZ000062,深圳华强,SZ,mainboard,sz.000062,1,myquant-strategy,2026-06-25
SZ000063,中兴通讯,SZ,mainboard,sz.000063,1,myquant-strategy,2026-06-25
SZ000065,北方国际,SZ,mainboard,sz.000065,1,myquant-strategy,2026-06-25
SZ000066,中国长城,SZ,mainboard,sz.000066,1,myquant-strategy,2026-06-25
SZ000068,华控赛格,SZ,mainboard,sz.000068,1,myquant-strategy,2026-06-25
SZ000069,华侨城A,SZ,mainboard,sz.000069,1,myquant-strategy,2026-06-25
SZ000070,特发信息,SZ,mainboard,sz.000070,1,myquant-strategy,2026-06-25
SZ000078,海王生物,SZ,mainboard,sz.000078,1,myquant-strategy,2026-06-25
SZ000088,盐田港,SZ,mainboard,sz.000088,1,myquant-strategy,2026-06-25
SZ000089,深圳机场,SZ,mainboard,sz.000089,1,myquant-strategy,2026-06-25
SZ000090,天健集团,SZ,mainboard,sz.000090,1,myquant-strategy,2026-06-25
SZ000096,广聚能源,SZ,mainboard,sz.000096,1,myquant-strategy,2026-06-25
SZ000099,中信海直,SZ,mainboard,sz.000099,1,myquant-strategy,2026-06-25
SZ000100,TCL科技,SZ,mainboard,sz.000100,1,myquant-strategy,2026-06-25
SZ000151,中成股份,SZ,mainboard,sz.000151,1,myquant-strategy,2026-06-25
SZ000153,丰原药业,SZ,mainboard,sz.000153,1,myquant-strategy,2026-06-25
SZ000155,川能动力,SZ,mainboard,sz.000155,1,myquant-strategy,2026-06-25
SZ000156,华数传媒,SZ,mainboard,sz.000156,1,myquant-strategy,2026-06-25
SZ000157,中联重科,SZ,mainboard,sz.000157,1,myquant-strategy,2026-06-25
SZ000158,常山北明,SZ,mainboard,sz.000158,1,myquant-strategy,2026-06-25
SZ000159,国际实业,SZ,mainboard,sz.000159,1,myquant-strategy,2026-06-25
SZ000166,申万宏源,SZ,mainboard,sz.000166,1,myquant-strategy,2026-06-25
SZ000301,东方盛虹,SZ,mainboard,sz.000301,1,myquant-strategy,2026-06-25
SZ000333,美的集团,SZ,mainboard,sz.000333,1,myquant-strategy,2026-06-25
SZ000338,潍柴动力,SZ,mainboard,sz.000338,1,myquant-strategy,2026-06-25
SZ000400,许继电气,SZ,mainboard,sz.000400,1,myquant-strategy,2026-06-25
SZ000401,金隅冀东,SZ,mainboard,sz.000401,1,myquant-strategy,2026-06-25
SZ000402,金融街,SZ,mainboard,sz.000402,1,myquant-strategy,2026-06-25
SZ000403,派林生物,SZ,mainboard,sz.000403,1,myquant-strategy,2026-06-25
SZ000404,长虹华意,SZ,mainboard,sz.000404,1,myquant-strategy,2026-06-25
SZ000407,胜利股份,SZ,mainboard,sz.000407,1,myquant-strategy,2026-06-25
SZ000408,藏格矿业,SZ,mainboard,sz.000408,1,myquant-strategy,2026-06-25
SZ000409,云鼎科技,SZ,mainboard,sz.000409,1,myquant-strategy,2026-06-25
SZ000410,沈阳机床,SZ,mainboard,sz.000410,1,myquant-strategy,2026-06-25
SZ000411,英特集团,SZ,mainboard,sz.000411,1,myquant-strategy,2026-06-25
SZ000415,渤海租赁,SZ,mainboard,sz.000415,1,myquant-strategy,2026-06-25
SZ000417,合百集团,SZ,mainboard,sz.000417,1,myquant-strategy,2026-06-25
SZ000419,通程控股,SZ,mainboard,sz.000419,1,myquant-strategy,2026-06-25
SZ000420,吉林化纤,SZ,mainboard,sz.000420,1,myquant-strategy,2026-06-25
SZ000421,南京公用,SZ,mainboard,sz.000421,1,myquant-strategy,2026-06-25
SZ000422,湖北宜化,SZ,mainboard,sz.000422,1,myquant-strategy,2026-06-25
SZ000423,东阿阿胶,SZ,mainboard,sz.000423,1,myquant-strategy,2026-06-25
SZ000425,徐工机械,SZ,mainboard,sz.000425,1,myquant-strategy,2026-06-25
SZ000426,兴业银锡,SZ,mainboard,sz.000426,1,myquant-strategy,2026-06-25
SZ000428,华天酒店,SZ,mainboard,sz.000428,1,myquant-strategy,2026-06-25
SZ000429,粤高速A,SZ,mainboard,sz.000429,1,myquant-strategy,2026-06-25
SZ000430,ST张家界,SZ,mainboard,sz.000430,1,myquant-strategy,2026-06-25
SZ000488,ST晨鸣,SZ,mainboard,sz.000488,1,myquant-strategy,2026-06-25
SZ000498,山东路桥,SZ,mainboard,sz.000498,1,myquant-strategy,2026-06-25
SZ000501,武商集团,SZ,mainboard,sz.000501,1,myquant-strategy,2026-06-25
SZ000503,国新健康,SZ,mainboard,sz.000503,1,myquant-strategy,2026-06-25
SZ000504,*ST生物,SZ,mainboard,sz.000504,1,myquant-strategy,2026-06-25
SZ000505,京粮控股,SZ,mainboard,sz.000505,1,myquant-strategy,2026-06-25
SZ000506,招金黄金,SZ,mainboard,sz.000506,1,myquant-strategy,2026-06-25
SZ000507,珠海港,SZ,mainboard,sz.000507,1,myquant-strategy,2026-06-25
SZ000509,华塑控股,SZ,mainboard,sz.000509,1,myquant-strategy,2026-06-25
SZ000510,新金路,SZ,mainboard,sz.000510,1,myquant-strategy,2026-06-25
SZ000513,丽珠集团,SZ,mainboard,sz.000513,1,myquant-strategy,2026-06-25
SZ000514,渝开发,SZ,mainboard,sz.000514,1,myquant-strategy,2026-06-25
SZ000516,国际医学,SZ,mainboard,sz.000516,1,myquant-strategy,2026-06-25
SZ000517,荣安地产,SZ,mainboard,sz.000517,1,myquant-strategy,2026-06-25
SZ000518,*ST四环,SZ,mainboard,sz.000518,1,myquant-strategy,2026-06-25
SZ000519,中兵红箭,SZ,mainboard,sz.000519,1,myquant-strategy,2026-06-25
SZ000520,凤凰航运,SZ,mainboard,sz.000520,1,myquant-strategy,2026-06-25
SZ000521,长虹美菱,SZ,mainboard,sz.000521,1,myquant-strategy,2026-06-25
SZ000523,红棉股份,SZ,mainboard,sz.000523,1,myquant-strategy,2026-06-25
SZ000524,岭南控股,SZ,mainboard,sz.000524,1,myquant-strategy,2026-06-25
SZ000525,红太阳,SZ,mainboard,sz.000525,1,myquant-strategy,2026-06-25
SZ000526,学大教育,SZ,mainboard,sz.000526,1,myquant-strategy,2026-06-25
SZ000528,柳工,SZ,mainboard,sz.000528,1,myquant-strategy,2026-06-25
SZ000529,广弘控股,SZ,mainboard,sz.000529,1,myquant-strategy,2026-06-25
SZ000530,冰山冷热,SZ,mainboard,sz.000530,1,myquant-strategy,2026-06-25
SZ000531,穗恒运A,SZ,mainboard,sz.000531,1,myquant-strategy,2026-06-25
SZ000532,华金资本,SZ,mainboard,sz.000532,1,myquant-strategy,2026-06-25
SZ000533,顺钠股份,SZ,mainboard,sz.000533,1,myquant-strategy,2026-06-25
SZ000534,万泽股份,SZ,mainboard,sz.000534,1,myquant-strategy,2026-06-25
SZ000536,华映科技,SZ,mainboard,sz.000536,1,myquant-strategy,2026-06-25
SZ000537,绿发电力,SZ,mainboard,sz.000537,1,myquant-strategy,2026-06-25
SZ000538,云南白药,SZ,mainboard,sz.000538,1,myquant-strategy,2026-06-25
SZ000539,粤电力A,SZ,mainboard,sz.000539,1,myquant-strategy,2026-06-25
SZ000541,佛山照明,SZ,mainboard,sz.000541,1,myquant-strategy,2026-06-25
SZ000543,皖能电力,SZ,mainboard,sz.000543,1,myquant-strategy,2026-06-25
SZ000544,中原环保,SZ,mainboard,sz.000544,1,myquant-strategy,2026-06-25
SZ000545,金浦钛业,SZ,mainboard,sz.000545,1,myquant-strategy,2026-06-25
SZ000546,金圆股份,SZ,mainboard,sz.000546,1,myquant-strategy,2026-06-25
SZ000547,航天发展,SZ,mainboard,sz.000547,1,myquant-strategy,2026-06-25
SZ000548,湖南投资,SZ,mainboard,sz.000548,1,myquant-strategy,2026-06-25
SZ000550,江铃汽车,SZ,mainboard,sz.000550,1,myquant-strategy,2026-06-25
SZ000551,创元科技,SZ,mainboard,sz.000551,1,myquant-strategy,2026-06-25
SZ000552,甘肃能化,SZ,mainboard,sz.000552,1,myquant-strategy,2026-06-25
SZ000553,安道麦A,SZ,mainboard,sz.000553,1,myquant-strategy,2026-06-25
SZ000554,泰山石油,SZ,mainboard,sz.000554,1,myquant-strategy,2026-06-25
SZ000555,神州信息,SZ,mainboard,sz.000555,1,myquant-strategy,2026-06-25
SZ000557,西部创业,SZ,mainboard,sz.000557,1,myquant-strategy,2026-06-25
SZ000558,天府文旅,SZ,mainboard,sz.000558,1,myquant-strategy,2026-06-25
SZ000559,万向钱潮,SZ,mainboard,sz.000559,1,myquant-strategy,2026-06-25
SZ000560,我爱我家,SZ,mainboard,sz.000560,1,myquant-strategy,2026-06-25
SZ000561,烽火电子,SZ,mainboard,sz.000561,1,myquant-strategy,2026-06-25
SZ000563,陕国投A,SZ,mainboard,sz.000563,1,myquant-strategy,2026-06-25
SZ000564,供销大集,SZ,mainboard,sz.000564,1,myquant-strategy,2026-06-25
SZ000565,渝三峡A,SZ,mainboard,sz.000565,1,myquant-strategy,2026-06-25
SZ000566,海南海药,SZ,mainboard,sz.000566,1,myquant-strategy,2026-06-25
SZ000567,海德股份,SZ,mainboard,sz.000567,1,myquant-strategy,2026-06-25
SZ000568,泸州老窖,SZ,mainboard,sz.000568,1,myquant-strategy,2026-06-25
SZ000570,苏常柴A,SZ,mainboard,sz.000570,1,myquant-strategy,2026-06-25
SZ000571,新大洲A,SZ,mainboard,sz.000571,1,myquant-strategy,2026-06-25
SZ000572,海马汽车,SZ,mainboard,sz.000572,1,myquant-strategy,2026-06-25
SZ000573,粤宏远A,SZ,mainboard,sz.000573,1,myquant-strategy,2026-06-25
SZ000576,甘化科工,SZ,mainboard,sz.000576,1,myquant-strategy,2026-06-25
SZ000581,威孚高科,SZ,mainboard,sz.000581,1,myquant-strategy,2026-06-25
SZ000582,北部湾港,SZ,mainboard,sz.000582,1,myquant-strategy,2026-06-25
SZ000586,汇源通信,SZ,mainboard,sz.000586,1,myquant-strategy,2026-06-25
SZ000589,贵州轮胎,SZ,mainboard,sz.000589,1,myquant-strategy,2026-06-25
SZ000590,古汉医药,SZ,mainboard,sz.000590,1,myquant-strategy,2026-06-25
SZ000591,太阳能,SZ,mainboard,sz.000591,1,myquant-strategy,2026-06-25
SZ000592,平潭发展,SZ,mainboard,sz.000592,1,myquant-strategy,2026-06-25
SZ000593,德龙汇能,SZ,mainboard,sz.000593,1,myquant-strategy,2026-06-25
SZ000595,*ST宝实,SZ,mainboard,sz.000595,1,myquant-strategy,2026-06-25
SZ000596,古井贡酒,SZ,mainboard,sz.000596,1,myquant-strategy,2026-06-25
SZ000597,东北制药,SZ,mainboard,sz.000597,1,myquant-strategy,2026-06-25
SZ000598,兴蓉环境,SZ,mainboard,sz.000598,1,myquant-strategy,2026-06-25
SZ000599,青岛双星,SZ,mainboard,sz.000599,1,myquant-strategy,2026-06-25
SZ000600,建投能源,SZ,mainboard,sz.000600,1,myquant-strategy,2026-06-25
SZ000601,韶能股份,SZ,mainboard,sz.000601,1,myquant-strategy,2026-06-25
SZ000603,盛达资源,SZ,mainboard,sz.000603,1,myquant-strategy,2026-06-25
SZ000605,渤海股份,SZ,mainboard,sz.000605,1,myquant-strategy,2026-06-25
SZ000607,华媒控股,SZ,mainboard,sz.000607,1,myquant-strategy,2026-06-25
SZ000608,*ST阳光,SZ,mainboard,sz.000608,1,myquant-strategy,2026-06-25
SZ000609,ST中迪,SZ,mainboard,sz.000609,1,myquant-strategy,2026-06-25
SZ000610,西安旅游,SZ,mainboard,sz.000610,1,myquant-strategy,2026-06-25
SZ000612,焦作万方,SZ,mainboard,sz.000612,1,myquant-strategy,2026-06-25
SZ000615,*ST美谷,SZ,mainboard,sz.000615,1,myquant-strategy,2026-06-25
SZ000617,中油资本,SZ,mainboard,sz.000617,1,myquant-strategy,2026-06-25
SZ000619,海螺新材,SZ,mainboard,sz.000619,1,myquant-strategy,2026-06-25
SZ000620,盈新发展,SZ,mainboard,sz.000620,1,myquant-strategy,2026-06-25
SZ000623,吉林敖东,SZ,mainboard,sz.000623,1,myquant-strategy,2026-06-25
SZ000625,长安汽车,SZ,mainboard,sz.000625,1,myquant-strategy,2026-06-25
SZ000626,远大控股,SZ,mainboard,sz.000626,1,myquant-strategy,2026-06-25
SZ000628,高新发展,SZ,mainboard,sz.000628,1,myquant-strategy,2026-06-25
SZ000629,钒钛股份,SZ,mainboard,sz.000629,1,myquant-strategy,2026-06-25
SZ000630,铜陵有色,SZ,mainboard,sz.000630,1,myquant-strategy,2026-06-25
SZ000631,顺发恒能,SZ,mainboard,sz.000631,1,myquant-strategy,2026-06-25
SZ000632,三木集团,SZ,mainboard,sz.000632,1,myquant-strategy,2026-06-25
SZ000633,合金投资,SZ,mainboard,sz.000633,1,myquant-strategy,2026-06-25
SZ000635,英力特,SZ,mainboard,sz.000635,1,myquant-strategy,2026-06-25
SZ000636,风华高科,SZ,mainboard,sz.000636,1,myquant-strategy,2026-06-25
SZ000637,茂化实华,SZ,mainboard,sz.000637,1,myquant-strategy,2026-06-25
SZ000638,*ST万方,SZ,mainboard,sz.000638,1,myquant-strategy,2026-06-25
SZ000639,西王食品,SZ,mainboard,sz.000639,1,myquant-strategy,2026-06-25
SZ000650,仁和药业,SZ,mainboard,sz.000650,1,myquant-strategy,2026-06-25
SZ000651,格力电器,SZ,mainboard,sz.000651,1,myquant-strategy,2026-06-25
SZ000652,泰达股份,SZ,mainboard,sz.000652,1,myquant-strategy,2026-06-25
SZ000655,金岭矿业,SZ,mainboard,sz.000655,1,myquant-strategy,2026-06-25
SZ000656,*ST金科,SZ,mainboard,sz.000656,1,myquant-strategy,2026-06-25
SZ000657,中钨高新,SZ,mainboard,sz.000657,1,myquant-strategy,2026-06-25
SZ000659,珠海中富,SZ,mainboard,sz.000659,1,myquant-strategy,2026-06-25
SZ000661,长春高新,SZ,mainboard,sz.000661,1,myquant-strategy,2026-06-25
SZ000663,永安林业,SZ,mainboard,sz.000663,1,myquant-strategy,2026-06-25
SZ000665,湖北广电,SZ,mainboard,sz.000665,1,myquant-strategy,2026-06-25
SZ000668,*ST荣控,SZ,mainboard,sz.000668,1,myquant-strategy,2026-06-25
SZ000669,ST金鸿,SZ,mainboard,sz.000669,1,myquant-strategy,2026-06-25
SZ000670,盈方微,SZ,mainboard,sz.000670,1,myquant-strategy,2026-06-25
SZ000672,上峰水泥,SZ,mainboard,sz.000672,1,myquant-strategy,2026-06-25
SZ000676,智度股份,SZ,mainboard,sz.000676,1,myquant-strategy,2026-06-25
SZ000677,恒天海龙,SZ,mainboard,sz.000677,1,myquant-strategy,2026-06-25
SZ000678,襄阳轴承,SZ,mainboard,sz.000678,1,myquant-strategy,2026-06-25
SZ000679,大连友谊,SZ,mainboard,sz.000679,1,myquant-strategy,2026-06-25
SZ000680,山推股份,SZ,mainboard,sz.000680,1,myquant-strategy,2026-06-25
SZ000681,视觉中国,SZ,mainboard,sz.000681,1,myquant-strategy,2026-06-25
SZ000682,东方电子,SZ,mainboard,sz.000682,1,myquant-strategy,2026-06-25
SZ000683,博源化工,SZ,mainboard,sz.000683,1,myquant-strategy,2026-06-25
SZ000685,中山公用,SZ,mainboard,sz.000685,1,myquant-strategy,2026-06-25
SZ000686,东北证券,SZ,mainboard,sz.000686,1,myquant-strategy,2026-06-25
SZ000688,国城矿业,SZ,mainboard,sz.000688,1,myquant-strategy,2026-06-25
SZ000690,宝新能源,SZ,mainboard,sz.000690,1,myquant-strategy,2026-06-25
SZ000691,*ST亚太,SZ,mainboard,sz.000691,1,myquant-strategy,2026-06-25
SZ000692,惠天热电,SZ,mainboard,sz.000692,1,myquant-strategy,2026-06-25
SZ000695,滨海能源,SZ,mainboard,sz.000695,1,myquant-strategy,2026-06-25
SZ000697,ST炼石,SZ,mainboard,sz.000697,1,myquant-strategy,2026-06-25
SZ000698,ST沈化,SZ,mainboard,sz.000698,1,myquant-strategy,2026-06-25
SZ000700,模塑科技,SZ,mainboard,sz.000700,1,myquant-strategy,2026-06-25
SZ000701,厦门信达,SZ,mainboard,sz.000701,1,myquant-strategy,2026-06-25
SZ000702,正虹科技,SZ,mainboard,sz.000702,1,myquant-strategy,2026-06-25
SZ000703,恒逸石化,SZ,mainboard,sz.000703,1,myquant-strategy,2026-06-25
SZ000705,浙江震元,SZ,mainboard,sz.000705,1,myquant-strategy,2026-06-25
SZ000707,双环科技,SZ,mainboard,sz.000707,1,myquant-strategy,2026-06-25
SZ000708,中信特钢,SZ,mainboard,sz.000708,1,myquant-strategy,2026-06-25
SZ000709,河钢股份,SZ,mainboard,sz.000709,1,myquant-strategy,2026-06-25
SZ000710,贝瑞基因,SZ,mainboard,sz.000710,1,myquant-strategy,2026-06-25
SZ000711,ST京蓝,SZ,mainboard,sz.000711,0,myquant-strategy,2026-06-25
SZ000712,锦龙股份,SZ,mainboard,sz.000712,1,myquant-strategy,2026-06-25
SZ000713,国投丰乐,SZ,mainboard,sz.000713,1,myquant-strategy,2026-06-25
SZ000715,中兴商业,SZ,mainboard,sz.000715,1,myquant-strategy,2026-06-25
SZ000716,黑芝麻,SZ,mainboard,sz.000716,1,myquant-strategy,2026-06-25
SZ000717,中南股份,SZ,mainboard,sz.000717,1,myquant-strategy,2026-06-25
SZ000718,苏宁环球,SZ,mainboard,sz.000718,1,myquant-strategy,2026-06-25
SZ000719,中原传媒,SZ,mainboard,sz.000719,1,myquant-strategy,2026-06-25
SZ000720,新能泰山,SZ,mainboard,sz.000720,1,myquant-strategy,2026-06-25
SZ000721,西安饮食,SZ,mainboard,sz.000721,1,myquant-strategy,2026-06-25
SZ000722,湖南发展,SZ,mainboard,sz.000722,1,myquant-strategy,2026-06-25
SZ000723,美锦能源,SZ,mainboard,sz.000723,1,myquant-strategy,2026-06-25
SZ000725,京东方A,SZ,mainboard,sz.000725,1,myquant-strategy,2026-06-25
SZ000726,鲁泰A,SZ,mainboard,sz.000726,1,myquant-strategy,2026-06-25
SZ000727,冠捷科技,SZ,mainboard,sz.000727,1,myquant-strategy,2026-06-25
SZ000728,国元证券,SZ,mainboard,sz.000728,1,myquant-strategy,2026-06-25
SZ000729,燕京啤酒,SZ,mainboard,sz.000729,1,myquant-strategy,2026-06-25
SZ000731,四川美丰,SZ,mainboard,sz.000731,1,myquant-strategy,2026-06-25
SZ000733,振华科技,SZ,mainboard,sz.000733,1,myquant-strategy,2026-06-25
SZ000735,罗牛山,SZ,mainboard,sz.000735,1,myquant-strategy,2026-06-25
SZ000736,*ST中地,SZ,mainboard,sz.000736,1,myquant-strategy,2026-06-25
SZ000737,北方铜业,SZ,mainboard,sz.000737,1,myquant-strategy,2026-06-25
SZ000738,航发控制,SZ,mainboard,sz.000738,1,myquant-strategy,2026-06-25
SZ000739,普洛药业,SZ,mainboard,sz.000739,1,myquant-strategy,2026-06-25
SZ000750,国海证券,SZ,mainboard,sz.000750,1,myquant-strategy,2026-06-25
SZ000751,锌业股份,SZ,mainboard,sz.000751,1,myquant-strategy,2026-06-25
SZ000752,ST西发,SZ,mainboard,sz.000752,1,myquant-strategy,2026-06-25
SZ000753,漳州发展,SZ,mainboard,sz.000753,1,myquant-strategy,2026-06-25
SZ000755,山西高速,SZ,mainboard,sz.000755,1,myquant-strategy,2026-06-25
SZ000756,新华制药,SZ,mainboard,sz.000756,1,myquant-strategy,2026-06-25
SZ000757,浩物股份,SZ,mainboard,sz.000757,1,myquant-strategy,2026-06-25
SZ000758,中色股份,SZ,mainboard,sz.000758,1,myquant-strategy,2026-06-25
SZ000759,中百集团,SZ,mainboard,sz.000759,1,myquant-strategy,2026-06-25
SZ000761,本钢板材,SZ,mainboard,sz.000761,1,myquant-strategy,2026-06-25
SZ000762,西藏矿业,SZ,mainboard,sz.000762,1,myquant-strategy,2026-06-25
SZ000766,通化金马,SZ,mainboard,sz.000766,1,myquant-strategy,2026-06-25
SZ000767,晋控电力,SZ,mainboard,sz.000767,1,myquant-strategy,2026-06-25
SZ000768,中航西飞,SZ,mainboard,sz.000768,1,myquant-strategy,2026-06-25
SZ000776,广发证券,SZ,mainboard,sz.000776,1,myquant-strategy,2026-06-25
SZ000777,中核科技,SZ,mainboard,sz.000777,1,myquant-strategy,2026-06-25
SZ000778,新兴铸管,SZ,mainboard,sz.000778,1,myquant-strategy,2026-06-25
SZ000779,甘咨询,SZ,mainboard,sz.000779,1,myquant-strategy,2026-06-25
SZ000782,恒申新材,SZ,mainboard,sz.000782,1,myquant-strategy,2026-06-25
SZ000783,长江证券,SZ,mainboard,sz.000783,1,myquant-strategy,2026-06-25
SZ000785,居然智家,SZ,mainboard,sz.000785,1,myquant-strategy,2026-06-25
SZ000786,北新建材,SZ,mainboard,sz.000786,1,myquant-strategy,2026-06-25
SZ000788,北大医药,SZ,mainboard,sz.000788,1,myquant-strategy,2026-06-25
SZ000789,万年青,SZ,mainboard,sz.000789,1,myquant-strategy,2026-06-25
SZ000790,华神科技,SZ,mainboard,sz.000790,1,myquant-strategy,2026-06-25
SZ000791,甘肃能源,SZ,mainboard,sz.000791,1,myquant-strategy,2026-06-25
SZ000792,盐湖股份,SZ,mainboard,sz.000792,1,myquant-strategy,2026-06-25
SZ000793,*ST华闻,SZ,mainboard,sz.000793,1,myquant-strategy,2026-06-25
SZ000795,英洛华,SZ,mainboard,sz.000795,1,myquant-strategy,2026-06-25
SZ000796,凯撒旅业,SZ,mainboard,sz.000796,1,myquant-strategy,2026-06-25
SZ000797,中国武夷,SZ,mainboard,sz.000797,1,myquant-strategy,2026-06-25
SZ000798,中水渔业,SZ,mainboard,sz.000798,1,myquant-strategy,2026-06-25
SZ000799,酒鬼酒,SZ,mainboard,sz.000799,1,myquant-strategy,2026-06-25
SZ000800,一汽解放,SZ,mainboard,sz.000800,1,myquant-strategy,2026-06-25
SZ000801,四川九洲,SZ,mainboard,sz.000801,1,myquant-strategy,2026-06-25
SZ000802,北京文化,SZ,mainboard,sz.000802,1,myquant-strategy,2026-06-25
SZ000803,山高环能,SZ,mainboard,sz.000803,1,myquant-strategy,2026-06-25
SZ000807,云铝股份,SZ,mainboard,sz.000807,1,myquant-strategy,2026-06-25
SZ000809,和展能源,SZ,mainboard,sz.000809,1,myquant-strategy,2026-06-25
SZ000810,创维数字,SZ,mainboard,sz.000810,1,myquant-strategy,2026-06-25
SZ000811,冰轮环境,SZ,mainboard,sz.000811,1,myquant-strategy,2026-06-25
SZ000812,陕西金叶,SZ,mainboard,sz.000812,1,myquant-strategy,2026-06-25
SZ000813,德展健康,SZ,mainboard,sz.000813,1,myquant-strategy,2026-06-25
SZ000815,美利云,SZ,mainboard,sz.000815,1,myquant-strategy,2026-06-25
SZ000816,智慧农业,SZ,mainboard,sz.000816,1,myquant-strategy,2026-06-25
SZ000818,航锦科技,SZ,mainboard,sz.000818,1,myquant-strategy,2026-06-25
SZ000819,岳阳兴长,SZ,mainboard,sz.000819,1,myquant-strategy,2026-06-25
SZ000820,*ST节能,SZ,mainboard,sz.000820,1,myquant-strategy,2026-06-25
SZ000821,ST京机,SZ,mainboard,sz.000821,1,myquant-strategy,2026-06-25
SZ000822,山东海化,SZ,mainboard,sz.000822,1,myquant-strategy,2026-06-25
SZ000823,超声电子,SZ,mainboard,sz.000823,1,myquant-strategy,2026-06-25
SZ000825,太钢不锈,SZ,mainboard,sz.000825,1,myquant-strategy,2026-06-25
SZ000826,启迪环境,SZ,mainboard,sz.000826,1,myquant-strategy,2026-06-25
SZ000828,东莞控股,SZ,mainboard,sz.000828,1,myquant-strategy,2026-06-25
SZ000829,天音控股,SZ,mainboard,sz.000829,1,myquant-strategy,2026-06-25
SZ000830,鲁西化工,SZ,mainboard,sz.000830,1,myquant-strategy,2026-06-25
SZ000831,中国稀土,SZ,mainboard,sz.000831,1,myquant-strategy,2026-06-25
SZ000833,粤桂股份,SZ,mainboard,sz.000833,1,myquant-strategy,2026-06-25
SZ000837,秦川机床,SZ,mainboard,sz.000837,1,myquant-strategy,2026-06-25
SZ000838,财信发展,SZ,mainboard,sz.000838,1,myquant-strategy,2026-06-25
SZ000839,国安股份,SZ,mainboard,sz.000839,1,myquant-strategy,2026-06-25
SZ000848,承德露露,SZ,mainboard,sz.000848,1,myquant-strategy,2026-06-25
SZ000850,华茂股份,SZ,mainboard,sz.000850,1,myquant-strategy,2026-06-25
SZ000852,石化机械,SZ,mainboard,sz.000852,1,myquant-strategy,2026-06-25
SZ000856,冀东装备,SZ,mainboard,sz.000856,1,myquant-strategy,2026-06-25
SZ000858,五粮液,SZ,mainboard,sz.000858,1,myquant-strategy,2026-06-25
SZ000859,国风新材,SZ,mainboard,sz.000859,1,myquant-strategy,2026-06-25
SZ000860,顺鑫农业,SZ,mainboard,sz.000860,1,myquant-strategy,2026-06-25
SZ000862,银星能源,SZ,mainboard,sz.000862,1,myquant-strategy,2026-06-25
SZ000863,三湘印象,SZ,mainboard,sz.000863,1,myquant-strategy,2026-06-25
SZ000868,安凯客车,SZ,mainboard,sz.000868,1,myquant-strategy,2026-06-25
SZ000869,张裕A,SZ,mainboard,sz.000869,1,myquant-strategy,2026-06-25
SZ000875,电投绿能,SZ,mainboard,sz.000875,1,myquant-strategy,2026-06-25
SZ000876,新希望,SZ,mainboard,sz.000876,1,myquant-strategy,2026-06-25
SZ000877,天山股份,SZ,mainboard,sz.000877,1,myquant-strategy,2026-06-25
SZ000878,云南铜业,SZ,mainboard,sz.000878,1,myquant-strategy,2026-06-25
SZ000880,潍柴重机,SZ,mainboard,sz.000880,1,myquant-strategy,2026-06-25
SZ000881,中广核技,SZ,mainboard,sz.000881,1,myquant-strategy,2026-06-25
SZ000882,华联股份,SZ,mainboard,sz.000882,1,myquant-strategy,2026-06-25
SZ000883,湖北能源,SZ,mainboard,sz.000883,1,myquant-strategy,2026-06-25
SZ000885,城发环境,SZ,mainboard,sz.000885,1,myquant-strategy,2026-06-25
SZ000886,海南高速,SZ,mainboard,sz.000886,1,myquant-strategy,2026-06-25
SZ000887,中鼎股份,SZ,mainboard,sz.000887,1,myquant-strategy,2026-06-25
SZ000888,峨眉山A,SZ,mainboard,sz.000888,1,myquant-strategy,2026-06-25
SZ000889,中嘉博创,SZ,mainboard,sz.000889,1,myquant-strategy,2026-06-25
SZ000890,法尔胜,SZ,mainboard,sz.000890,1,myquant-strategy,2026-06-25
SZ000892,欢瑞世纪,SZ,mainboard,sz.000892,1,myquant-strategy,2026-06-25
SZ000893,亚钾国际,SZ,mainboard,sz.000893,1,myquant-strategy,2026-06-25
SZ000895,双汇发展,SZ,mainboard,sz.000895,1,myquant-strategy,2026-06-25
SZ000897,津滨发展,SZ,mainboard,sz.000897,1,myquant-strategy,2026-06-25
SZ000898,鞍钢股份,SZ,mainboard,sz.000898,1,myquant-strategy,2026-06-25
SZ000899,赣能股份,SZ,mainboard,sz.000899,1,myquant-strategy,2026-06-25
SZ000900,现代投资,SZ,mainboard,sz.000900,1,myquant-strategy,2026-06-25
SZ000901,航天科技,SZ,mainboard,sz.000901,1,myquant-strategy,2026-06-25
SZ000902,新洋丰,SZ,mainboard,sz.000902,1,myquant-strategy,2026-06-25
SZ000903,ST云动,SZ,mainboard,sz.000903,1,myquant-strategy,2026-06-25
SZ000905,厦门港务,SZ,mainboard,sz.000905,1,myquant-strategy,2026-06-25
SZ000906,浙商中拓,SZ,mainboard,sz.000906,1,myquant-strategy,2026-06-25
SZ000908,*ST景峰,SZ,mainboard,sz.000908,1,myquant-strategy,2026-06-25
SZ000909,ST数源,SZ,mainboard,sz.000909,1,myquant-strategy,2026-06-25
SZ000910,大亚圣象,SZ,mainboard,sz.000910,1,myquant-strategy,2026-06-25
SZ000911,广农糖业,SZ,mainboard,sz.000911,1,myquant-strategy,2026-06-25
SZ000912,泸天化,SZ,mainboard,sz.000912,1,myquant-strategy,2026-06-25
SZ000913,钱江摩托,SZ,mainboard,sz.000913,1,myquant-strategy,2026-06-25
SZ000915,华特达因,SZ,mainboard,sz.000915,1,myquant-strategy,2026-06-25
SZ000917,电广传媒,SZ,mainboard,sz.000917,1,myquant-strategy,2026-06-25
SZ000919,金陵药业,SZ,mainboard,sz.000919,1,myquant-strategy,2026-06-25
SZ000920,沃顿科技,SZ,mainboard,sz.000920,1,myquant-strategy,2026-06-25
SZ000921,海信家电,SZ,mainboard,sz.000921,1,myquant-strategy,2026-06-25
SZ000922,佳电股份,SZ,mainboard,sz.000922,1,myquant-strategy,2026-06-25
SZ000923,河钢资源,SZ,mainboard,sz.000923,1,myquant-strategy,2026-06-25
SZ000925,众合科技,SZ,mainboard,sz.000925,1,myquant-strategy,2026-06-25
SZ000926,福星股份,SZ,mainboard,sz.000926,1,myquant-strategy,2026-06-25
SZ000927,中国铁物,SZ,mainboard,sz.000927,1,myquant-strategy,2026-06-25
SZ000928,中钢国际,SZ,mainboard,sz.000928,1,myquant-strategy,2026-06-25
SZ000929,*ST兰黄,SZ,mainboard,sz.000929,1,myquant-strategy,2026-06-25
SZ000930,中粮科技,SZ,mainboard,sz.000930,1,myquant-strategy,2026-06-25
SZ000931,中关村,SZ,mainboard,sz.000931,1,myquant-strategy,2026-06-25
SZ000932,华菱钢铁,SZ,mainboard,sz.000932,1,myquant-strategy,2026-06-25
SZ000933,神火股份,SZ,mainboard,sz.000933,1,myquant-strategy,2026-06-25
SZ000935,四川双马,SZ,mainboard,sz.000935,1,myquant-strategy,2026-06-25
SZ000936,华西股份,SZ,mainboard,sz.000936,1,myquant-strategy,2026-06-25
SZ000937,冀中能源,SZ,mainboard,sz.000937,1,myquant-strategy,2026-06-25
SZ000938,紫光股份,SZ,mainboard,sz.000938,1,myquant-strategy,2026-06-25
SZ000948,南天信息,SZ,mainboard,sz.000948,1,myquant-strategy,2026-06-25
SZ000949,新乡化纤,SZ,mainboard,sz.000949,1,myquant-strategy,2026-06-25
SZ000950,重药控股,SZ,mainboard,sz.000950,1,myquant-strategy,2026-06-25
SZ000951,中国重汽,SZ,mainboard,sz.000951,1,myquant-strategy,2026-06-25
SZ000952,广济药业,SZ,mainboard,sz.000952,1,myquant-strategy,2026-06-25
SZ000953,河化股份,SZ,mainboard,sz.000953,1,myquant-strategy,2026-06-25
SZ000955,欣龙控股,SZ,mainboard,sz.000955,1,myquant-strategy,2026-06-25
SZ000957,中通客车,SZ,mainboard,sz.000957,1,myquant-strategy,2026-06-25
SZ000958,电投产融,SZ,mainboard,sz.000958,1,myquant-strategy,2026-06-25
SZ000959,首钢股份,SZ,mainboard,sz.000959,1,myquant-strategy,2026-06-25
SZ000960,锡业股份,SZ,mainboard,sz.000960,1,myquant-strategy,2026-06-25
SZ000962,东方钽业,SZ,mainboard,sz.000962,1,myquant-strategy,2026-06-25
SZ000963,华东医药,SZ,mainboard,sz.000963,1,myquant-strategy,2026-06-25
SZ000965,天保基建,SZ,mainboard,sz.000965,1,myquant-strategy,2026-06-25
SZ000966,长源电力,SZ,mainboard,sz.000966,1,myquant-strategy,2026-06-25
SZ000967,盈峰环境,SZ,mainboard,sz.000967,1,myquant-strategy,2026-06-25
SZ000968,蓝焰控股,SZ,mainboard,sz.000968,1,myquant-strategy,2026-06-25
SZ000969,安泰科技,SZ,mainboard,sz.000969,1,myquant-strategy,2026-06-25
SZ000970,中科三环,SZ,mainboard,sz.000970,1,myquant-strategy,2026-06-25
SZ000972,*ST中基,SZ,mainboard,sz.000972,1,myquant-strategy,2026-06-25
SZ000973,佛塑科技,SZ,mainboard,sz.000973,1,myquant-strategy,2026-06-25
SZ000975,山金国际,SZ,mainboard,sz.000975,1,myquant-strategy,2026-06-25
SZ000977,浪潮信息,SZ,mainboard,sz.000977,1,myquant-strategy,2026-06-25
SZ000978,桂林旅游,SZ,mainboard,sz.000978,1,myquant-strategy,2026-06-25
SZ000980,众泰汽车,SZ,mainboard,sz.000980,1,myquant-strategy,2026-06-25
SZ000981,山子高科,SZ,mainboard,sz.000981,1,myquant-strategy,2026-06-25
SZ000983,山西焦煤,SZ,mainboard,sz.000983,1,myquant-strategy,2026-06-25
SZ000985,大庆华科,SZ,mainboard,sz.000985,1,myquant-strategy,2026-06-25
SZ000987,越秀资本,SZ,mainboard,sz.000987,1,myquant-strategy,2026-06-25
SZ000988,华工科技,SZ,mainboard,sz.000988,1,myquant-strategy,2026-06-25
SZ000989,九芝堂,SZ,mainboard,sz.000989,1,myquant-strategy,2026-06-25
SZ000990,诚志股份,SZ,mainboard,sz.000990,1,myquant-strategy,2026-06-25
SZ000993,闽东电力,SZ,mainboard,sz.000993,1,myquant-strategy,2026-06-25
SZ000995,皇台酒业,SZ,mainboard,sz.000995,1,myquant-strategy,2026-06-25
SZ000997,新大陆,SZ,mainboard,sz.000997,1,myquant-strategy,2026-06-25
SZ000998,隆平高科,SZ,mainboard,sz.000998,1,myquant-strategy,2026-06-25
SZ000999,华润三九,SZ,mainboard,sz.000999,1,myquant-strategy,2026-06-25
SZ001201,东瑞股份,SZ,mainboard,sz.001201,1,myquant-strategy,2026-06-25
SZ001202,炬申股份,SZ,mainboard,sz.001202,1,myquant-strategy,2026-06-25
SZ001203,大中矿业,SZ,mainboard,sz.001203,1,myquant-strategy,2026-06-25
SZ001205,盛航股份,SZ,mainboard,sz.001205,1,myquant-strategy,2026-06-25
SZ001206,依依股份,SZ,mainboard,sz.001206,1,myquant-strategy,2026-06-25
SZ001207,联科科技,SZ,mainboard,sz.001207,1,myquant-strategy,2026-06-25
SZ001208,华菱线缆,SZ,mainboard,sz.001208,1,myquant-strategy,2026-06-25
SZ001209,洪兴股份,SZ,mainboard,sz.001209,1,myquant-strategy,2026-06-25
SZ001210,金房能源,SZ,mainboard,sz.001210,1,myquant-strategy,2026-06-25
SZ001211,双枪科技,SZ,mainboard,sz.001211,1,myquant-strategy,2026-06-25
SZ001212,中旗新材,SZ,mainboard,sz.001212,1,myquant-strategy,2026-06-25
SZ001213,中铁特货,SZ,mainboard,sz.001213,1,myquant-strategy,2026-06-25
SZ001215,千味央厨,SZ,mainboard,sz.001215,1,myquant-strategy,2026-06-25
SZ001216,华瓷股份,SZ,mainboard,sz.001216,1,myquant-strategy,2026-06-25
SZ001217,华尔泰,SZ,mainboard,sz.001217,1,myquant-strategy,2026-06-25
SZ001218,丽臣实业,SZ,mainboard,sz.001218,1,myquant-strategy,2026-06-25
SZ001219,青岛食品,SZ,mainboard,sz.001219,1,myquant-strategy,2026-06-25
SZ001220,世盟股份,SZ,mainboard,sz.001220,1,myquant-strategy,2026-06-25
SZ001221,悍高集团,SZ,mainboard,sz.001221,1,myquant-strategy,2026-06-25
SZ001222,源飞宠物,SZ,mainboard,sz.001222,1,myquant-strategy,2026-06-25
SZ001223,欧克科技,SZ,mainboard,sz.001223,1,myquant-strategy,2026-06-25
SZ001225,和泰机电,SZ,mainboard,sz.001225,1,myquant-strategy,2026-06-25
SZ001226,拓山重工,SZ,mainboard,sz.001226,1,myquant-strategy,2026-06-25
SZ001227,兰州银行,SZ,mainboard,sz.001227,1,myquant-strategy,2026-06-25
SZ001228,永泰运,SZ,mainboard,sz.001228,1,myquant-strategy,2026-06-25
SZ001229,魅视科技,SZ,mainboard,sz.001229,1,myquant-strategy,2026-06-25
SZ001230,劲旅环境,SZ,mainboard,sz.001230,1,myquant-strategy,2026-06-25
SZ001231,农心科技,SZ,mainboard,sz.001231,1,myquant-strategy,2026-06-25
SZ001233,海安集团,SZ,mainboard,sz.001233,1,myquant-strategy,2026-06-25
SZ001234,泰慕士,SZ,mainboard,sz.001234,1,myquant-strategy,2026-06-25
SZ001236,弘业期货,SZ,mainboard,sz.001236,1,myquant-strategy,2026-06-25
SZ001238,浙江正特,SZ,mainboard,sz.001238,1,myquant-strategy,2026-06-25
SZ001239,永达股份,SZ,mainboard,sz.001239,1,myquant-strategy,2026-06-25
SZ001255,博菲电气,SZ,mainboard,sz.001255,1,myquant-strategy,2026-06-25
SZ001256,炜冈科技,SZ,mainboard,sz.001256,1,myquant-strategy,2026-06-25
SZ001258,立新能源,SZ,mainboard,sz.001258,1,myquant-strategy,2026-06-25
SZ001259,利仁科技,SZ,mainboard,sz.001259,1,myquant-strategy,2026-06-25
SZ001260,坤泰股份,SZ,mainboard,sz.001260,1,myquant-strategy,2026-06-25
SZ001266,宏英智能,SZ,mainboard,sz.001266,1,myquant-strategy,2026-06-25
SZ001267,汇绿生态,SZ,mainboard,sz.001267,1,myquant-strategy,2026-06-25
SZ001268,联合精密,SZ,mainboard,sz.001268,1,myquant-strategy,2026-06-25
SZ001269,欧晶科技,SZ,mainboard,sz.001269,1,myquant-strategy,2026-06-25
SZ001270,*ST铖昌,SZ,mainboard,sz.001270,1,myquant-strategy,2026-06-25
SZ001277,速达股份,SZ,mainboard,sz.001277,1,myquant-strategy,2026-06-25
SZ001278,一彬科技,SZ,mainboard,sz.001278,1,myquant-strategy,2026-06-25
SZ001279,强邦新材,SZ,mainboard,sz.001279,1,myquant-strategy,2026-06-25
SZ001280,中国铀业,SZ,mainboard,sz.001280,1,myquant-strategy,2026-06-25
SZ001282,三联锻造,SZ,mainboard,sz.001282,1,myquant-strategy,2026-06-25
SZ001283,豪鹏科技,SZ,mainboard,sz.001283,1,myquant-strategy,2026-06-25
SZ001285,瑞立科密,SZ,mainboard,sz.001285,1,myquant-strategy,2026-06-25
SZ001286,陕西能源,SZ,mainboard,sz.001286,1,myquant-strategy,2026-06-25
SZ001287,中电港,SZ,mainboard,sz.001287,1,myquant-strategy,2026-06-25
SZ001288,运机集团,SZ,mainboard,sz.001288,1,myquant-strategy,2026-06-25
SZ001289,龙源电力,SZ,mainboard,sz.001289,1,myquant-strategy,2026-06-25
SZ001296,长江材料,SZ,mainboard,sz.001296,1,myquant-strategy,2026-06-25
SZ001298,好上好,SZ,mainboard,sz.001298,1,myquant-strategy,2026-06-25
SZ001299,美能能源,SZ,mainboard,sz.001299,1,myquant-strategy,2026-06-25
SZ001300,三柏硕,SZ,mainboard,sz.001300,1,myquant-strategy,2026-06-25
SZ001301,尚太科技,SZ,mainboard,sz.001301,1,myquant-strategy,2026-06-25
SZ001306,夏厦精密,SZ,mainboard,sz.001306,1,myquant-strategy,2026-06-25
SZ001308,康冠科技,SZ,mainboard,sz.001308,1,myquant-strategy,2026-06-25
SZ001309,德明利,SZ,mainboard,sz.001309,1,myquant-strategy,2026-06-25
SZ001311,多利科技,SZ,mainboard,sz.001311,1,myquant-strategy,2026-06-25
SZ001313,粤海饲料,SZ,mainboard,sz.001313,1,myquant-strategy,2026-06-25
SZ001314,亿道信息,SZ,mainboard,sz.001314,1,myquant-strategy,2026-06-25
SZ001316,润贝航科,SZ,mainboard,sz.001316,1,myquant-strategy,2026-06-25
SZ001317,三羊马,SZ,mainboard,sz.001317,1,myquant-strategy,2026-06-25
SZ001318,阳光乳业,SZ,mainboard,sz.001318,1,myquant-strategy,2026-06-25
SZ001319,铭科精技,SZ,mainboard,sz.001319,1,myquant-strategy,2026-06-25
SZ001322,箭牌家居,SZ,mainboard,sz.001322,1,myquant-strategy,2026-06-25
SZ001323,慕思股份,SZ,mainboard,sz.001323,1,myquant-strategy,2026-06-25
SZ001324,长青科技,SZ,mainboard,sz.001324,1,myquant-strategy,2026-06-25
SZ001325,元创股份,SZ,mainboard,sz.001325,1,myquant-strategy,2026-06-25
SZ001326,联域股份,SZ,mainboard,sz.001326,1,myquant-strategy,2026-06-25
SZ001328,登康口腔,SZ,mainboard,sz.001328,1,myquant-strategy,2026-06-25
SZ001330,博纳影业,SZ,mainboard,sz.001330,1,myquant-strategy,2026-06-25
SZ001331,胜通能源,SZ,mainboard,sz.001331,1,myquant-strategy,2026-06-25
SZ001332,锡装股份,SZ,mainboard,sz.001332,1,myquant-strategy,2026-06-25
SZ001333,光华股份,SZ,mainboard,sz.001333,1,myquant-strategy,2026-06-25
SZ001335,信凯科技,SZ,mainboard,sz.001335,1,myquant-strategy,2026-06-25
SZ001336,楚环科技,SZ,mainboard,sz.001336,1,myquant-strategy,2026-06-25
SZ001337,四川黄金,SZ,mainboard,sz.001337,1,myquant-strategy,2026-06-25
SZ001338,永顺泰,SZ,mainboard,sz.001338,1,myquant-strategy,2026-06-25
SZ001339,智微智能,SZ,mainboard,sz.001339,1,myquant-strategy,2026-06-25
SZ001356,富岭股份,SZ,mainboard,sz.001356,1,myquant-strategy,2026-06-25
SZ001358,兴欣新材,SZ,mainboard,sz.001358,1,myquant-strategy,2026-06-25
SZ001359,平安电工,SZ,mainboard,sz.001359,1,myquant-strategy,2026-06-25
SZ001360,南矿集团,SZ,mainboard,sz.001360,1,myquant-strategy,2026-06-25
SZ001366,播恩集团,SZ,mainboard,sz.001366,1,myquant-strategy,2026-06-25
SZ001367,海森药业,SZ,mainboard,sz.001367,1,myquant-strategy,2026-06-25
SZ001368,通达创智,SZ,mainboard,sz.001368,1,myquant-strategy,2026-06-25
SZ001369,双欣环保,SZ,mainboard,sz.001369,1,myquant-strategy,2026-06-25
SZ001373,翔腾新材,SZ,mainboard,sz.001373,1,myquant-strategy,2026-06-25
SZ001376,百通能源,SZ,mainboard,sz.001376,1,myquant-strategy,2026-06-25
SZ001378,德冠新材,SZ,mainboard,sz.001378,1,myquant-strategy,2026-06-25
SZ001379,腾达科技,SZ,mainboard,sz.001379,1,myquant-strategy,2026-06-25
SZ001380,华纬科技,SZ,mainboard,sz.001380,1,myquant-strategy,2026-06-25
SZ001382,新亚电缆,SZ,mainboard,sz.001382,1,myquant-strategy,2026-06-25
SZ001386,马可波罗,SZ,mainboard,sz.001386,1,myquant-strategy,2026-06-25
SZ001387,雪祺电气,SZ,mainboard,sz.001387,1,myquant-strategy,2026-06-25
SZ001388,信通电子,SZ,mainboard,sz.001388,1,myquant-strategy,2026-06-25
SZ001389,广合科技,SZ,mainboard,sz.001389,1,myquant-strategy,2026-06-25
SZ001390,古麒绒材,SZ,mainboard,sz.001390,1,myquant-strategy,2026-06-25
SZ001391,国货航,SZ,mainboard,sz.001391,1,myquant-strategy,2026-06-25
SZ001395,亚联机械,SZ,mainboard,sz.001395,1,myquant-strategy,2026-06-25
SZ001396,誉帆科技,SZ,mainboard,sz.001396,1,myquant-strategy,2026-06-25
SZ001400,江顺科技,SZ,mainboard,sz.001400,1,myquant-strategy,2026-06-25
SZ001696,宗申动力,SZ,mainboard,sz.001696,1,myquant-strategy,2026-06-25
SZ001872,招商港口,SZ,mainboard,sz.001872,1,myquant-strategy,2026-06-25
SZ001896,豫能控股,SZ,mainboard,sz.001896,1,myquant-strategy,2026-06-25
SZ001914,招商积余,SZ,mainboard,sz.001914,1,myquant-strategy,2026-06-25
SZ001965,招商公路,SZ,mainboard,sz.001965,1,myquant-strategy,2026-06-25
SZ001979,招商蛇口,SZ,mainboard,sz.001979,1,myquant-strategy,2026-06-25
SZ002001,新和成,SZ,mainboard,sz.002001,1,myquant-strategy,2026-06-25
SZ002003,伟星股份,SZ,mainboard,sz.002003,1,myquant-strategy,2026-06-25
SZ002004,华邦健康,SZ,mainboard,sz.002004,1,myquant-strategy,2026-06-25
SZ002005,ST德豪,SZ,mainboard,sz.002005,1,myquant-strategy,2026-06-25
SZ002006,精工科技,SZ,mainboard,sz.002006,1,myquant-strategy,2026-06-25
SZ002007,华兰生物,SZ,mainboard,sz.002007,1,myquant-strategy,2026-06-25
SZ002008,大族激光,SZ,mainboard,sz.002008,1,myquant-strategy,2026-06-25
SZ002009,天奇股份,SZ,mainboard,sz.002009,1,myquant-strategy,2026-06-25
SZ002010,传化智联,SZ,mainboard,sz.002010,1,myquant-strategy,2026-06-25
SZ002011,盾安环境,SZ,mainboard,sz.002011,1,myquant-strategy,2026-06-25
SZ002012,凯恩股份,SZ,mainboard,sz.002012,1,myquant-strategy,2026-06-25
SZ002014,永新股份,SZ,mainboard,sz.002014,1,myquant-strategy,2026-06-25
SZ002015,协鑫能科,SZ,mainboard,sz.002015,1,myquant-strategy,2026-06-25
SZ002016,世荣兆业,SZ,mainboard,sz.002016,1,myquant-strategy,2026-06-25
SZ002017,东信和平,SZ,mainboard,sz.002017,1,myquant-strategy,2026-06-25
SZ002019,亿帆医药,SZ,mainboard,sz.002019,1,myquant-strategy,2026-06-25
SZ002020,京新药业,SZ,mainboard,sz.002020,1,myquant-strategy,2026-06-25
SZ002021,中捷资源,SZ,mainboard,sz.002021,1,myquant-strategy,2026-06-25
SZ002022,科华生物,SZ,mainboard,sz.002022,1,myquant-strategy,2026-06-25
SZ002023,海特高新,SZ,mainboard,sz.002023,1,myquant-strategy,2026-06-25
SZ002024,ST易购,SZ,mainboard,sz.002024,1,myquant-strategy,2026-06-25
SZ002025,航天电器,SZ,mainboard,sz.002025,1,myquant-strategy,2026-06-25
SZ002026,山东威达,SZ,mainboard,sz.002026,1,myquant-strategy,2026-06-25
SZ002027,分众传媒,SZ,mainboard,sz.002027,1,myquant-strategy,2026-06-25
SZ002028,思源电气,SZ,mainboard,sz.002028,1,myquant-strategy,2026-06-25
SZ002029,七匹狼,SZ,mainboard,sz.002029,1,myquant-strategy,2026-06-25
SZ002030,达安基因,SZ,mainboard,sz.002030,1,myquant-strategy,2026-06-25
SZ002031,巨轮智能,SZ,mainboard,sz.002031,1,myquant-strategy,2026-06-25
SZ002032,苏泊尔,SZ,mainboard,sz.002032,1,myquant-strategy,2026-06-25
SZ002033,丽江股份,SZ,mainboard,sz.002033,1,myquant-strategy,2026-06-25
SZ002034,旺能环境,SZ,mainboard,sz.002034,1,myquant-strategy,2026-06-25
SZ002035,华帝股份,SZ,mainboard,sz.002035,1,myquant-strategy,2026-06-25
SZ002036,联创电子,SZ,mainboard,sz.002036,1,myquant-strategy,2026-06-25
SZ002037,保利联合,SZ,mainboard,sz.002037,1,myquant-strategy,2026-06-25
SZ002038,双鹭药业,SZ,mainboard,sz.002038,1,myquant-strategy,2026-06-25
SZ002039,黔源电力,SZ,mainboard,sz.002039,1,myquant-strategy,2026-06-25
SZ002040,南京港,SZ,mainboard,sz.002040,1,myquant-strategy,2026-06-25
SZ002041,登海种业,SZ,mainboard,sz.002041,1,myquant-strategy,2026-06-25
SZ002042,华孚时尚,SZ,mainboard,sz.002042,1,myquant-strategy,2026-06-25
SZ002043,兔宝宝,SZ,mainboard,sz.002043,1,myquant-strategy,2026-06-25
SZ002044,美年健康,SZ,mainboard,sz.002044,1,myquant-strategy,2026-06-25
SZ002045,国光电器,SZ,mainboard,sz.002045,1,myquant-strategy,2026-06-25
SZ002046,国机精工,SZ,mainboard,sz.002046,1,myquant-strategy,2026-06-25
SZ002047,*ST宝鹰,SZ,mainboard,sz.002047,1,myquant-strategy,2026-06-25
SZ002048,宁波华翔,SZ,mainboard,sz.002048,1,myquant-strategy,2026-06-25
SZ002049,紫光国微,SZ,mainboard,sz.002049,1,myquant-strategy,2026-06-25
SZ002050,三花智控,SZ,mainboard,sz.002050,1,myquant-strategy,2026-06-25
SZ002051,中工国际,SZ,mainboard,sz.002051,1,myquant-strategy,2026-06-25
SZ002052,同洲电子,SZ,mainboard,sz.002052,1,myquant-strategy,2026-06-25
SZ002053,云南能投,SZ,mainboard,sz.002053,1,myquant-strategy,2026-06-25
SZ002054,德美化工,SZ,mainboard,sz.002054,1,myquant-strategy,2026-06-25
SZ002055,ST得润,SZ,mainboard,sz.002055,1,myquant-strategy,2026-06-25
SZ002056,横店东磁,SZ,mainboard,sz.002056,1,myquant-strategy,2026-06-25
SZ002057,中钢天源,SZ,mainboard,sz.002057,1,myquant-strategy,2026-06-25
SZ002058,*ST威尔,SZ,mainboard,sz.002058,1,myquant-strategy,2026-06-25
SZ002059,云南旅游,SZ,mainboard,sz.002059,1,myquant-strategy,2026-06-25
SZ002060,广东建工,SZ,mainboard,sz.002060,1,myquant-strategy,2026-06-25
SZ002061,浙江交科,SZ,mainboard,sz.002061,1,myquant-strategy,2026-06-25
SZ002062,宏润建设,SZ,mainboard,sz.002062,1,myquant-strategy,2026-06-25
SZ002063,远光软件,SZ,mainboard,sz.002063,1,myquant-strategy,2026-06-25
SZ002064,华峰化学,SZ,mainboard,sz.002064,1,myquant-strategy,2026-06-25
SZ002065,东华软件,SZ,mainboard,sz.002065,1,myquant-strategy,2026-06-25
SZ002066,瑞泰科技,SZ,mainboard,sz.002066,1,myquant-strategy,2026-06-25
SZ002067,景兴纸业,SZ,mainboard,sz.002067,1,myquant-strategy,2026-06-25
SZ002068,黑猫股份,SZ,mainboard,sz.002068,1,myquant-strategy,2026-06-25
SZ002069,獐子岛,SZ,mainboard,sz.002069,1,myquant-strategy,2026-06-25
SZ002072,凯瑞德,SZ,mainboard,sz.002072,1,myquant-strategy,2026-06-25
SZ002073,软控股份,SZ,mainboard,sz.002073,1,myquant-strategy,2026-06-25
SZ002074,国轩高科,SZ,mainboard,sz.002074,1,myquant-strategy,2026-06-25
SZ002075,沙钢股份,SZ,mainboard,sz.002075,1,myquant-strategy,2026-06-25
SZ002076,*ST星光,SZ,mainboard,sz.002076,1,myquant-strategy,2026-06-25
SZ002077,大港股份,SZ,mainboard,sz.002077,1,myquant-strategy,2026-06-25
SZ002078,太阳纸业,SZ,mainboard,sz.002078,1,myquant-strategy,2026-06-25
SZ002079,苏州固锝,SZ,mainboard,sz.002079,1,myquant-strategy,2026-06-25
SZ002080,中材科技,SZ,mainboard,sz.002080,1,myquant-strategy,2026-06-25
SZ002081,金螳螂,SZ,mainboard,sz.002081,1,myquant-strategy,2026-06-25
SZ002082,万邦德,SZ,mainboard,sz.002082,1,myquant-strategy,2026-06-25
SZ002083,孚日股份,SZ,mainboard,sz.002083,1,myquant-strategy,2026-06-25
SZ002084,海鸥住工,SZ,mainboard,sz.002084,1,myquant-strategy,2026-06-25
SZ002085,万丰奥威,SZ,mainboard,sz.002085,1,myquant-strategy,2026-06-25
SZ002086,东方海洋,SZ,mainboard,sz.002086,1,myquant-strategy,2026-06-25
SZ002088,鲁阳节能,SZ,mainboard,sz.002088,1,myquant-strategy,2026-06-25
SZ002090,金智科技,SZ,mainboard,sz.002090,1,myquant-strategy,2026-06-25
SZ002091,江苏国泰,SZ,mainboard,sz.002091,1,myquant-strategy,2026-06-25
SZ002092,中泰化学,SZ,mainboard,sz.002092,1,myquant-strategy,2026-06-25
SZ002093,国脉科技,SZ,mainboard,sz.002093,1,myquant-strategy,2026-06-25
SZ002094,青岛金王,SZ,mainboard,sz.002094,1,myquant-strategy,2026-06-25
SZ002095,生意宝,SZ,mainboard,sz.002095,1,myquant-strategy,2026-06-25
SZ002096,易普力,SZ,mainboard,sz.002096,1,myquant-strategy,2026-06-25
SZ002097,山河智能,SZ,mainboard,sz.002097,1,myquant-strategy,2026-06-25
SZ002098,浔兴股份,SZ,mainboard,sz.002098,1,myquant-strategy,2026-06-25
SZ002099,海翔药业,SZ,mainboard,sz.002099,1,myquant-strategy,2026-06-25
SZ002100,天康生物,SZ,mainboard,sz.002100,1,myquant-strategy,2026-06-25
SZ002101,广东鸿图,SZ,mainboard,sz.002101,1,myquant-strategy,2026-06-25
SZ002102,能特科技,SZ,mainboard,sz.002102,1,myquant-strategy,2026-06-25
SZ002103,广博股份,SZ,mainboard,sz.002103,1,myquant-strategy,2026-06-25
SZ002104,恒宝股份,SZ,mainboard,sz.002104,1,myquant-strategy,2026-06-25
SZ002105,信隆健康,SZ,mainboard,sz.002105,1,myquant-strategy,2026-06-25
SZ002106,莱宝高科,SZ,mainboard,sz.002106,1,myquant-strategy,2026-06-25
SZ002107,沃华医药,SZ,mainboard,sz.002107,1,myquant-strategy,2026-06-25
SZ002108,沧州明珠,SZ,mainboard,sz.002108,1,myquant-strategy,2026-06-25
SZ002109,兴化股份,SZ,mainboard,sz.002109,1,myquant-strategy,2026-06-25
SZ002110,三钢闽光,SZ,mainboard,sz.002110,1,myquant-strategy,2026-06-25
SZ002111,威海广泰,SZ,mainboard,sz.002111,1,myquant-strategy,2026-06-25
SZ002112,三变科技,SZ,mainboard,sz.002112,1,myquant-strategy,2026-06-25
SZ002114,罗平锌电,SZ,mainboard,sz.002114,1,myquant-strategy,2026-06-25
SZ002115,三维通信,SZ,mainboard,sz.002115,1,myquant-strategy,2026-06-25
SZ002116,中国海诚,SZ,mainboard,sz.002116,1,myquant-strategy,2026-06-25
SZ002117,东港股份,SZ,mainboard,sz.002117,1,myquant-strategy,2026-06-25
SZ002119,康强电子,SZ,mainboard,sz.002119,1,myquant-strategy,2026-06-25
SZ002120,韵达股份,SZ,mainboard,sz.002120,1,myquant-strategy,2026-06-25
SZ002121,科陆电子,SZ,mainboard,sz.002121,1,myquant-strategy,2026-06-25
SZ002122,ST汇洲,SZ,mainboard,sz.002122,1,myquant-strategy,2026-06-25
SZ002123,梦网科技,SZ,mainboard,sz.002123,1,myquant-strategy,2026-06-25
SZ002124,天邦食品,SZ,mainboard,sz.002124,1,myquant-strategy,2026-06-25
SZ002125,湘潭电化,SZ,mainboard,sz.002125,1,myquant-strategy,2026-06-25
SZ002126,银轮股份,SZ,mainboard,sz.002126,1,myquant-strategy,2026-06-25
SZ002127,南极电商,SZ,mainboard,sz.002127,1,myquant-strategy,2026-06-25
SZ002128,电投能源,SZ,mainboard,sz.002128,1,myquant-strategy,2026-06-25
SZ002129,TCL中环,SZ,mainboard,sz.002129,1,myquant-strategy,2026-06-25
SZ002130,沃尔核材,SZ,mainboard,sz.002130,1,myquant-strategy,2026-06-25
SZ002131,利欧股份,SZ,mainboard,sz.002131,1,myquant-strategy,2026-06-25
SZ002132,恒星科技,SZ,mainboard,sz.002132,1,myquant-strategy,2026-06-25
SZ002133,广宇集团,SZ,mainboard,sz.002133,1,myquant-strategy,2026-06-25
SZ002134,天津普林,SZ,mainboard,sz.002134,1,myquant-strategy,2026-06-25
SZ002135,东南网架,SZ,mainboard,sz.002135,1,myquant-strategy,2026-06-25
SZ002136,安纳达,SZ,mainboard,sz.002136,1,myquant-strategy,2026-06-25
SZ002137,实益达,SZ,mainboard,sz.002137,1,myquant-strategy,2026-06-25
SZ002138,顺络电子,SZ,mainboard,sz.002138,1,myquant-strategy,2026-06-25
SZ002139,拓邦股份,SZ,mainboard,sz.002139,1,myquant-strategy,2026-06-25
SZ002140,东华科技,SZ,mainboard,sz.002140,1,myquant-strategy,2026-06-25
SZ002141,贤丰控股,SZ,mainboard,sz.002141,1,myquant-strategy,2026-06-25
SZ002142,宁波银行,SZ,mainboard,sz.002142,1,myquant-strategy,2026-06-25
SZ002144,宏达高科,SZ,mainboard,sz.002144,1,myquant-strategy,2026-06-25
SZ002145,钛能化学,SZ,mainboard,sz.002145,1,myquant-strategy,2026-06-25
SZ002146,荣盛发展,SZ,mainboard,sz.002146,1,myquant-strategy,2026-06-25
SZ002148,北纬科技,SZ,mainboard,sz.002148,1,myquant-strategy,2026-06-25
SZ002149,西部材料,SZ,mainboard,sz.002149,1,myquant-strategy,2026-06-25
SZ002150,正泰电源,SZ,mainboard,sz.002150,1,myquant-strategy,2026-06-25
SZ002151,北斗星通,SZ,mainboard,sz.002151,1,myquant-strategy,2026-06-25
SZ002152,广电运通,SZ,mainboard,sz.002152,1,myquant-strategy,2026-06-25
SZ002153,石基信息,SZ,mainboard,sz.002153,1,myquant-strategy,2026-06-25
SZ002154,报喜鸟,SZ,mainboard,sz.002154,1,myquant-strategy,2026-06-25
SZ002155,湖南黄金,SZ,mainboard,sz.002155,1,myquant-strategy,2026-06-25
SZ002156,通富微电,SZ,mainboard,sz.002156,1,myquant-strategy,2026-06-25
SZ002157,正邦科技,SZ,mainboard,sz.002157,1,myquant-strategy,2026-06-25
SZ002158,汉钟精机,SZ,mainboard,sz.002158,1,myquant-strategy,2026-06-25
SZ002159,三特索道,SZ,mainboard,sz.002159,1,myquant-strategy,2026-06-25
SZ002160,常铝股份,SZ,mainboard,sz.002160,1,myquant-strategy,2026-06-25
SZ002161,远望谷,SZ,mainboard,sz.002161,1,myquant-strategy,2026-06-25
SZ002162,悦心健康,SZ,mainboard,sz.002162,1,myquant-strategy,2026-06-25
SZ002163,海南发展,SZ,mainboard,sz.002163,1,myquant-strategy,2026-06-25
SZ002164,宁波东力,SZ,mainboard,sz.002164,1,myquant-strategy,2026-06-25
SZ002165,红宝丽,SZ,mainboard,sz.002165,1,myquant-strategy,2026-06-25
SZ002166,莱茵生物,SZ,mainboard,sz.002166,1,myquant-strategy,2026-06-25
SZ002167,东方锆业,SZ,mainboard,sz.002167,1,myquant-strategy,2026-06-25
SZ002168,*ST惠程,SZ,mainboard,sz.002168,1,myquant-strategy,2026-06-25
SZ002169,智光电气,SZ,mainboard,sz.002169,1,myquant-strategy,2026-06-25
SZ002170,芭田股份,SZ,mainboard,sz.002170,1,myquant-strategy,2026-06-25
SZ002171,楚江新材,SZ,mainboard,sz.002171,1,myquant-strategy,2026-06-25
SZ002172,澳洋健康,SZ,mainboard,sz.002172,1,myquant-strategy,2026-06-25
SZ002173,创新医疗,SZ,mainboard,sz.002173,1,myquant-strategy,2026-06-25
SZ002174,游族网络,SZ,mainboard,sz.002174,1,myquant-strategy,2026-06-25
SZ002175,东方智造,SZ,mainboard,sz.002175,1,myquant-strategy,2026-06-25
SZ002176,江特电机,SZ,mainboard,sz.002176,1,myquant-strategy,2026-06-25
SZ002177,御银股份,SZ,mainboard,sz.002177,1,myquant-strategy,2026-06-25
SZ002178,延华智能,SZ,mainboard,sz.002178,1,myquant-strategy,2026-06-25
SZ002179,中航光电,SZ,mainboard,sz.002179,1,myquant-strategy,2026-06-25
SZ002180,纳思达,SZ,mainboard,sz.002180,1,myquant-strategy,2026-06-25
SZ002181,粤传媒,SZ,mainboard,sz.002181,1,myquant-strategy,2026-06-25
SZ002182,宝武镁业,SZ,mainboard,sz.002182,1,myquant-strategy,2026-06-25
SZ002183,怡亚通,SZ,mainboard,sz.002183,1,myquant-strategy,2026-06-25
SZ002184,海得控制,SZ,mainboard,sz.002184,1,myquant-strategy,2026-06-25
SZ002185,华天科技,SZ,mainboard,sz.002185,1,myquant-strategy,2026-06-25
SZ002186,全聚德,SZ,mainboard,sz.002186,1,myquant-strategy,2026-06-25
SZ002187,广百股份,SZ,mainboard,sz.002187,1,myquant-strategy,2026-06-25
SZ002188,中天服务,SZ,mainboard,sz.002188,1,myquant-strategy,2026-06-25
SZ002189,中光学,SZ,mainboard,sz.002189,1,myquant-strategy,2026-06-25
SZ002190,成飞集成,SZ,mainboard,sz.002190,1,myquant-strategy,2026-06-25
SZ002191,劲嘉股份,SZ,mainboard,sz.002191,1,myquant-strategy,2026-06-25
SZ002192,融捷股份,SZ,mainboard,sz.002192,1,myquant-strategy,2026-06-25
SZ002193,如意集团,SZ,mainboard,sz.002193,1,myquant-strategy,2026-06-25
SZ002194,武汉凡谷,SZ,mainboard,sz.002194,1,myquant-strategy,2026-06-25
SZ002195,岩山科技,SZ,mainboard,sz.002195,1,myquant-strategy,2026-06-25
SZ002196,方正电机,SZ,mainboard,sz.002196,1,myquant-strategy,2026-06-25
SZ002197,证通电子,SZ,mainboard,sz.002197,1,myquant-strategy,2026-06-25
SZ002198,嘉应制药,SZ,mainboard,sz.002198,1,myquant-strategy,2026-06-25
SZ002199,*ST东晶,SZ,mainboard,sz.002199,1,myquant-strategy,2026-06-25
SZ002200,*ST交投,SZ,mainboard,sz.002200,1,myquant-strategy,2026-06-25
SZ002201,九鼎新材,SZ,mainboard,sz.002201,1,myquant-strategy,2026-06-25
SZ002202,金风科技,SZ,mainboard,sz.002202,1,myquant-strategy,2026-06-25
SZ002203,海亮股份,SZ,mainboard,sz.002203,1,myquant-strategy,2026-06-25
SZ002204,大连重工,SZ,mainboard,sz.002204,1,myquant-strategy,2026-06-25
SZ002205,国统股份,SZ,mainboard,sz.002205,1,myquant-strategy,2026-06-25
SZ002206,海利得,SZ,mainboard,sz.002206,1,myquant-strategy,2026-06-25
SZ002207,准油股份,SZ,mainboard,sz.002207,1,myquant-strategy,2026-06-25
SZ002208,合肥城建,SZ,mainboard,sz.002208,1,myquant-strategy,2026-06-25
SZ002209,达意隆,SZ,mainboard,sz.002209,1,myquant-strategy,2026-06-25
SZ002210,飞马国际,SZ,mainboard,sz.002210,1,myquant-strategy,2026-06-25
SZ002211,ST宏达,SZ,mainboard,sz.002211,1,myquant-strategy,2026-06-25
SZ002212,天融信,SZ,mainboard,sz.002212,1,myquant-strategy,2026-06-25
SZ002213,大为股份,SZ,mainboard,sz.002213,1,myquant-strategy,2026-06-25
SZ002214,*ST大立,SZ,mainboard,sz.002214,1,myquant-strategy,2026-06-25
SZ002215,诺普信,SZ,mainboard,sz.002215,1,myquant-strategy,2026-06-25
SZ002216,三全食品,SZ,mainboard,sz.002216,1,myquant-strategy,2026-06-25
SZ002217,合力泰,SZ,mainboard,sz.002217,1,myquant-strategy,2026-06-25
SZ002218,拓日新能,SZ,mainboard,sz.002218,1,myquant-strategy,2026-06-25
SZ002219,新里程,SZ,mainboard,sz.002219,1,myquant-strategy,2026-06-25
SZ002221,东华能源,SZ,mainboard,sz.002221,1,myquant-strategy,2026-06-25
SZ002222,福晶科技,SZ,mainboard,sz.002222,1,myquant-strategy,2026-06-25
SZ002223,鱼跃医疗,SZ,mainboard,sz.002223,1,myquant-strategy,2026-06-25
SZ002224,三力士,SZ,mainboard,sz.002224,1,myquant-strategy,2026-06-25
SZ002225,濮耐股份,SZ,mainboard,sz.002225,1,myquant-strategy,2026-06-25
SZ002226,江南化工,SZ,mainboard,sz.002226,1,myquant-strategy,2026-06-25
SZ002227,奥特迅,SZ,mainboard,sz.002227,1,myquant-strategy,2026-06-25
SZ002228,合兴包装,SZ,mainboard,sz.002228,1,myquant-strategy,2026-06-25
SZ002229,鸿博股份,SZ,mainboard,sz.002229,1,myquant-strategy,2026-06-25
SZ002230,科大讯飞,SZ,mainboard,sz.002230,1,myquant-strategy,2026-06-25
SZ002231,*ST奥维,SZ,mainboard,sz.002231,0,myquant-strategy,2026-06-25
SZ002232,启明信息,SZ,mainboard,sz.002232,1,myquant-strategy,2026-06-25
SZ002233,塔牌集团,SZ,mainboard,sz.002233,1,myquant-strategy,2026-06-25
SZ002234,民和股份,SZ,mainboard,sz.002234,1,myquant-strategy,2026-06-25
SZ002235,安妮股份,SZ,mainboard,sz.002235,1,myquant-strategy,2026-06-25
SZ002236,大华股份,SZ,mainboard,sz.002236,1,myquant-strategy,2026-06-25
SZ002237,恒邦股份,SZ,mainboard,sz.002237,1,myquant-strategy,2026-06-25
SZ002238,天威视讯,SZ,mainboard,sz.002238,1,myquant-strategy,2026-06-25
SZ002239,奥特佳,SZ,mainboard,sz.002239,1,myquant-strategy,2026-06-25
SZ002240,盛新锂能,SZ,mainboard,sz.002240,1,myquant-strategy,2026-06-25
SZ002241,歌尔股份,SZ,mainboard,sz.002241,1,myquant-strategy,2026-06-25
SZ002242,九阳股份,SZ,mainboard,sz.002242,1,myquant-strategy,2026-06-25
SZ002243,力合科创,SZ,mainboard,sz.002243,1,myquant-strategy,2026-06-25
SZ002244,滨江集团,SZ,mainboard,sz.002244,1,myquant-strategy,2026-06-25
SZ002245,蔚蓝锂芯,SZ,mainboard,sz.002245,1,myquant-strategy,2026-06-25
SZ002246,北化股份,SZ,mainboard,sz.002246,1,myquant-strategy,2026-06-25
SZ002247,聚力文化,SZ,mainboard,sz.002247,1,myquant-strategy,2026-06-25
SZ002248,华东数控,SZ,mainboard,sz.002248,1,myquant-strategy,2026-06-25
SZ002249,大洋电机,SZ,mainboard,sz.002249,1,myquant-strategy,2026-06-25
SZ002250,联化科技,SZ,mainboard,sz.002250,1,myquant-strategy,2026-06-25
SZ002251,步步高,SZ,mainboard,sz.002251,1,myquant-strategy,2026-06-25
SZ002252,上海莱士,SZ,mainboard,sz.002252,1,myquant-strategy,2026-06-25
SZ002253,*ST智胜,SZ,mainboard,sz.002253,1,myquant-strategy,2026-06-25
SZ002254,泰和新材,SZ,mainboard,sz.002254,1,myquant-strategy,2026-06-25
SZ002255,海陆重工,SZ,mainboard,sz.002255,1,myquant-strategy,2026-06-25
SZ002256,兆新股份,SZ,mainboard,sz.002256,1,myquant-strategy,2026-06-25
SZ002258,利尔化学,SZ,mainboard,sz.002258,1,myquant-strategy,2026-06-25
SZ002259,升达林业,SZ,mainboard,sz.002259,1,myquant-strategy,2026-06-25
SZ002261,拓维信息,SZ,mainboard,sz.002261,1,myquant-strategy,2026-06-25
SZ002262,恩华药业,SZ,mainboard,sz.002262,1,myquant-strategy,2026-06-25
SZ002263,大东南,SZ,mainboard,sz.002263,1,myquant-strategy,2026-06-25
SZ002264,新华都,SZ,mainboard,sz.002264,1,myquant-strategy,2026-06-25
SZ002265,建设工业,SZ,mainboard,sz.002265,1,myquant-strategy,2026-06-25
SZ002266,浙富控股,SZ,mainboard,sz.002266,1,myquant-strategy,2026-06-25
SZ002267,陕天然气,SZ,mainboard,sz.002267,1,myquant-strategy,2026-06-25
SZ002268,电科网安,SZ,mainboard,sz.002268,1,myquant-strategy,2026-06-25
SZ002269,美邦服饰,SZ,mainboard,sz.002269,1,myquant-strategy,2026-06-25
SZ002270,华明装备,SZ,mainboard,sz.002270,1,myquant-strategy,2026-06-25
SZ002271,东方雨虹,SZ,mainboard,sz.002271,1,myquant-strategy,2026-06-25
SZ002272,川润股份,SZ,mainboard,sz.002272,1,myquant-strategy,2026-06-25
SZ002273,水晶光电,SZ,mainboard,sz.002273,1,myquant-strategy,2026-06-25
SZ002274,华昌化工,SZ,mainboard,sz.002274,1,myquant-strategy,2026-06-25
SZ002275,桂林三金,SZ,mainboard,sz.002275,1,myquant-strategy,2026-06-25
SZ002276,万马股份,SZ,mainboard,sz.002276,1,myquant-strategy,2026-06-25
SZ002277,友阿股份,SZ,mainboard,sz.002277,1,myquant-strategy,2026-06-25
SZ002278,神开股份,SZ,mainboard,sz.002278,1,myquant-strategy,2026-06-25
SZ002279,久其软件,SZ,mainboard,sz.002279,1,myquant-strategy,2026-06-25
SZ002281,光迅科技,SZ,mainboard,sz.002281,1,myquant-strategy,2026-06-25
SZ002282,博深股份,SZ,mainboard,sz.002282,1,myquant-strategy,2026-06-25
SZ002283,天润工业,SZ,mainboard,sz.002283,1,myquant-strategy,2026-06-25
SZ002284,亚太股份,SZ,mainboard,sz.002284,1,myquant-strategy,2026-06-25
SZ002285,世联行,SZ,mainboard,sz.002285,1,myquant-strategy,2026-06-25
SZ002286,保龄宝,SZ,mainboard,sz.002286,1,myquant-strategy,2026-06-25
SZ002287,奇正藏药,SZ,mainboard,sz.002287,1,myquant-strategy,2026-06-25
SZ002289,*ST宇顺,SZ,mainboard,sz.002289,1,myquant-strategy,2026-06-25
SZ002290,禾盛新材,SZ,mainboard,sz.002290,1,myquant-strategy,2026-06-25
SZ002291,遥望科技,SZ,mainboard,sz.002291,1,myquant-strategy,2026-06-25
SZ002292,奥飞娱乐,SZ,mainboard,sz.002292,1,myquant-strategy,2026-06-25
SZ002293,罗莱生活,SZ,mainboard,sz.002293,1,myquant-strategy,2026-06-25
SZ002294,信立泰,SZ,mainboard,sz.002294,1,myquant-strategy,2026-06-25
SZ002295,精艺股份,SZ,mainboard,sz.002295,1,myquant-strategy,2026-06-25
SZ002296,辉煌科技,SZ,mainboard,sz.002296,1,myquant-strategy,2026-06-25
SZ002297,博云新材,SZ,mainboard,sz.002297,1,myquant-strategy,2026-06-25
SZ002298,中电鑫龙,SZ,mainboard,sz.002298,1,myquant-strategy,2026-06-25
SZ002299,圣农发展,SZ,mainboard,sz.002299,1,myquant-strategy,2026-06-25
SZ002300,太阳电缆,SZ,mainboard,sz.002300,1,myquant-strategy,2026-06-25
SZ002301,齐心集团,SZ,mainboard,sz.002301,1,myquant-strategy,2026-06-25
SZ002302,西部建设,SZ,mainboard,sz.002302,1,myquant-strategy,2026-06-25
SZ002303,美盈森,SZ,mainboard,sz.002303,1,myquant-strategy,2026-06-25
SZ002304,洋河股份,SZ,mainboard,sz.002304,1,myquant-strategy,2026-06-25
SZ002305,*ST南置,SZ,mainboard,sz.002305,1,myquant-strategy,2026-06-25
SZ002306,*ST云网,SZ,mainboard,sz.002306,1,myquant-strategy,2026-06-25
SZ002307,北新路桥,SZ,mainboard,sz.002307,1,myquant-strategy,2026-06-25
SZ002309,中利集团,SZ,mainboard,sz.002309,1,myquant-strategy,2026-06-25
SZ002310,东方新能,SZ,mainboard,sz.002310,1,myquant-strategy,2026-06-25
SZ002311,海大集团,SZ,mainboard,sz.002311,1,myquant-strategy,2026-06-25
SZ002312,川发龙蟒,SZ,mainboard,sz.002312,1,myquant-strategy,2026-06-25
SZ002313,日海智能,SZ,mainboard,sz.002313,1,myquant-strategy,2026-06-25
SZ002314,南山控股,SZ,mainboard,sz.002314,1,myquant-strategy,2026-06-25
SZ002315,焦点科技,SZ,mainboard,sz.002315,1,myquant-strategy,2026-06-25
SZ002316,亚联发展,SZ,mainboard,sz.002316,1,myquant-strategy,2026-06-25
SZ002317,众生药业,SZ,mainboard,sz.002317,1,myquant-strategy,2026-06-25
SZ002318,久立特材,SZ,mainboard,sz.002318,1,myquant-strategy,2026-06-25
SZ002319,乐通股份,SZ,mainboard,sz.002319,1,myquant-strategy,2026-06-25
SZ002320,海峡股份,SZ,mainboard,sz.002320,1,myquant-strategy,2026-06-25
SZ002321,华英农业,SZ,mainboard,sz.002321,1,myquant-strategy,2026-06-25
SZ002322,理工能科,SZ,mainboard,sz.002322,1,myquant-strategy,2026-06-25
SZ002323,雅博股份,SZ,mainboard,sz.002323,1,myquant-strategy,2026-06-25
SZ002324,普利特,SZ,mainboard,sz.002324,1,myquant-strategy,2026-06-25
SZ002326,永太科技,SZ,mainboard,sz.002326,1,myquant-strategy,2026-06-25
SZ002327,富安娜,SZ,mainboard,sz.002327,1,myquant-strategy,2026-06-25
SZ002328,新朋股份,SZ,mainboard,sz.002328,1,myquant-strategy,2026-06-25
SZ002329,皇氏集团,SZ,mainboard,sz.002329,1,myquant-strategy,2026-06-25
SZ002330,得利斯,SZ,mainboard,sz.002330,1,myquant-strategy,2026-06-25
SZ002331,皖通科技,SZ,mainboard,sz.002331,1,myquant-strategy,2026-06-25
SZ002332,仙琚制药,SZ,mainboard,sz.002332,1,myquant-strategy,2026-06-25
SZ002333,罗普斯金,SZ,mainboard,sz.002333,1,myquant-strategy,2026-06-25
SZ002334,英威腾,SZ,mainboard,sz.002334,1,myquant-strategy,2026-06-25
SZ002335,科华数据,SZ,mainboard,sz.002335,1,myquant-strategy,2026-06-25
SZ002337,赛象科技,SZ,mainboard,sz.002337,1,myquant-strategy,2026-06-25
SZ002338,奥普光电,SZ,mainboard,sz.002338,1,myquant-strategy,2026-06-25
SZ002339,积成电子,SZ,mainboard,sz.002339,1,myquant-strategy,2026-06-25
SZ002340,格林美,SZ,mainboard,sz.002340,1,myquant-strategy,2026-06-25
SZ002342,巨力索具,SZ,mainboard,sz.002342,1,myquant-strategy,2026-06-25
SZ002343,慈文传媒,SZ,mainboard,sz.002343,1,myquant-strategy,2026-06-25
SZ002344,海宁皮城,SZ,mainboard,sz.002344,1,myquant-strategy,2026-06-25
SZ002345,潮宏基,SZ,mainboard,sz.002345,1,myquant-strategy,2026-06-25
SZ002346,柘中股份,SZ,mainboard,sz.002346,1,myquant-strategy,2026-06-25
SZ002347,泰尔股份,SZ,mainboard,sz.002347,1,myquant-strategy,2026-06-25
SZ002348,高乐股份,SZ,mainboard,sz.002348,1,myquant-strategy,2026-06-25
SZ002349,精华制药,SZ,mainboard,sz.002349,1,myquant-strategy,2026-06-25
SZ002350,北京科锐,SZ,mainboard,sz.002350,1,myquant-strategy,2026-06-25
SZ002351,漫步者,SZ,mainboard,sz.002351,1,myquant-strategy,2026-06-25
SZ002352,顺丰控股,SZ,mainboard,sz.002352,1,myquant-strategy,2026-06-25
SZ002353,杰瑞股份,SZ,mainboard,sz.002353,1,myquant-strategy,2026-06-25
SZ002354,天娱数科,SZ,mainboard,sz.002354,1,myquant-strategy,2026-06-25
SZ002355,兴民智通,SZ,mainboard,sz.002355,1,myquant-strategy,2026-06-25
SZ002356,赫美集团,SZ,mainboard,sz.002356,1,myquant-strategy,2026-06-25
SZ002357,富临运业,SZ,mainboard,sz.002357,1,myquant-strategy,2026-06-25
SZ002358,森源电气,SZ,mainboard,sz.002358,1,myquant-strategy,2026-06-25
SZ002360,同德化工,SZ,mainboard,sz.002360,1,myquant-strategy,2026-06-25
SZ002361,神剑股份,SZ,mainboard,sz.002361,1,myquant-strategy,2026-06-25
SZ002362,汉王科技,SZ,mainboard,sz.002362,1,myquant-strategy,2026-06-25
SZ002363,隆基机械,SZ,mainboard,sz.002363,1,myquant-strategy,2026-06-25
SZ002364,中恒电气,SZ,mainboard,sz.002364,1,myquant-strategy,2026-06-25
SZ002365,永安药业,SZ,mainboard,sz.002365,1,myquant-strategy,2026-06-25
SZ002366,融发核电,SZ,mainboard,sz.002366,1,myquant-strategy,2026-06-25
SZ002367,康力电梯,SZ,mainboard,sz.002367,1,myquant-strategy,2026-06-25
SZ002368,太极股份,SZ,mainboard,sz.002368,1,myquant-strategy,2026-06-25
SZ002369,卓翼科技,SZ,mainboard,sz.002369,1,myquant-strategy,2026-06-25
SZ002370,亚太药业,SZ,mainboard,sz.002370,1,myquant-strategy,2026-06-25
SZ002371,北方华创,SZ,mainboard,sz.002371,1,myquant-strategy,2026-06-25
SZ002372,伟星新材,SZ,mainboard,sz.002372,1,myquant-strategy,2026-06-25
SZ002373,千方科技,SZ,mainboard,sz.002373,1,myquant-strategy,2026-06-25
SZ002374,中锐股份,SZ,mainboard,sz.002374,1,myquant-strategy,2026-06-25
SZ002375,亚厦股份,SZ,mainboard,sz.002375,1,myquant-strategy,2026-06-25
SZ002376,新北洋,SZ,mainboard,sz.002376,1,myquant-strategy,2026-06-25
SZ002377,国创高新,SZ,mainboard,sz.002377,1,myquant-strategy,2026-06-25
SZ002378,章源钨业,SZ,mainboard,sz.002378,1,myquant-strategy,2026-06-25
SZ002379,宏桥控股,SZ,mainboard,sz.002379,1,myquant-strategy,2026-06-25
SZ002380,科远智慧,SZ,mainboard,sz.002380,1,myquant-strategy,2026-06-25
SZ002381,双箭股份,SZ,mainboard,sz.002381,1,myquant-strategy,2026-06-25
SZ002382,蓝帆医疗,SZ,mainboard,sz.002382,1,myquant-strategy,2026-06-25
SZ002383,合众思壮,SZ,mainboard,sz.002383,1,myquant-strategy,2026-06-25
SZ002384,东山精密,SZ,mainboard,sz.002384,1,myquant-strategy,2026-06-25
SZ002385,大北农,SZ,mainboard,sz.002385,1,myquant-strategy,2026-06-25
SZ002386,天原股份,SZ,mainboard,sz.002386,1,myquant-strategy,2026-06-25
SZ002387,维信诺,SZ,mainboard,sz.002387,1,myquant-strategy,2026-06-25
SZ002388,新亚制程,SZ,mainboard,sz.002388,1,myquant-strategy,2026-06-25
SZ002389,航天彩虹,SZ,mainboard,sz.002389,1,myquant-strategy,2026-06-25
SZ002390,信邦制药,SZ,mainboard,sz.002390,1,myquant-strategy,2026-06-25
SZ002391,长青股份,SZ,mainboard,sz.002391,1,myquant-strategy,2026-06-25
SZ002392,北京利尔,SZ,mainboard,sz.002392,1,myquant-strategy,2026-06-25
SZ002393,力生制药,SZ,mainboard,sz.002393,1,myquant-strategy,2026-06-25
SZ002394,联发股份,SZ,mainboard,sz.002394,1,myquant-strategy,2026-06-25
SZ002395,双象股份,SZ,mainboard,sz.002395,1,myquant-strategy,2026-06-25
SZ002396,星网锐捷,SZ,mainboard,sz.002396,1,myquant-strategy,2026-06-25
SZ002397,梦洁股份,SZ,mainboard,sz.002397,1,myquant-strategy,2026-06-25
SZ002398,垒知集团,SZ,mainboard,sz.002398,1,myquant-strategy,2026-06-25
SZ002399,海普瑞,SZ,mainboard,sz.002399,1,myquant-strategy,2026-06-25
SZ002400,省广集团,SZ,mainboard,sz.002400,1,myquant-strategy,2026-06-25
SZ002401,中远海科,SZ,mainboard,sz.002401,1,myquant-strategy,2026-06-25
SZ002402,和而泰,SZ,mainboard,sz.002402,1,myquant-strategy,2026-06-25
SZ002403,爱仕达,SZ,mainboard,sz.002403,1,myquant-strategy,2026-06-25
SZ002404,嘉欣丝绸,SZ,mainboard,sz.002404,1,myquant-strategy,2026-06-25
SZ002405,四维图新,SZ,mainboard,sz.002405,1,myquant-strategy,2026-06-25
SZ002406,远东传动,SZ,mainboard,sz.002406,1,myquant-strategy,2026-06-25
SZ002407,多氟多,SZ,mainboard,sz.002407,1,myquant-strategy,2026-06-25
SZ002408,齐翔腾达,SZ,mainboard,sz.002408,1,myquant-strategy,2026-06-25
SZ002409,雅克科技,SZ,mainboard,sz.002409,1,myquant-strategy,2026-06-25
SZ002410,广联达,SZ,mainboard,sz.002410,1,myquant-strategy,2026-06-25
SZ002412,汉森制药,SZ,mainboard,sz.002412,1,myquant-strategy,2026-06-25
SZ002413,雷科防务,SZ,mainboard,sz.002413,1,myquant-strategy,2026-06-25
SZ002414,高德红外,SZ,mainboard,sz.002414,1,myquant-strategy,2026-06-25
SZ002415,海康威视,SZ,mainboard,sz.002415,1,myquant-strategy,2026-06-25
SZ002416,爱施德,SZ,mainboard,sz.002416,1,myquant-strategy,2026-06-25
SZ002418,康盛股份,SZ,mainboard,sz.002418,1,myquant-strategy,2026-06-25
SZ002419,天虹股份,SZ,mainboard,sz.002419,1,myquant-strategy,2026-06-25
SZ002420,毅昌科技,SZ,mainboard,sz.002420,1,myquant-strategy,2026-06-25
SZ002421,达实智能,SZ,mainboard,sz.002421,1,myquant-strategy,2026-06-25
SZ002422,科伦药业,SZ,mainboard,sz.002422,1,myquant-strategy,2026-06-25
SZ002423,中粮资本,SZ,mainboard,sz.002423,1,myquant-strategy,2026-06-25
SZ002424,ST百灵,SZ,mainboard,sz.002424,1,myquant-strategy,2026-06-25
SZ002425,凯撒文化,SZ,mainboard,sz.002425,1,myquant-strategy,2026-06-25
SZ002426,胜利精密,SZ,mainboard,sz.002426,1,myquant-strategy,2026-06-25
SZ002427,尤夫股份,SZ,mainboard,sz.002427,1,myquant-strategy,2026-06-25
SZ002428,云南锗业,SZ,mainboard,sz.002428,1,myquant-strategy,2026-06-25
SZ002429,兆驰股份,SZ,mainboard,sz.002429,1,myquant-strategy,2026-06-25
SZ002430,杭氧股份,SZ,mainboard,sz.002430,1,myquant-strategy,2026-06-25
SZ002431,棕榈股份,SZ,mainboard,sz.002431,1,myquant-strategy,2026-06-25
SZ002432,九安医疗,SZ,mainboard,sz.002432,1,myquant-strategy,2026-06-25
SZ002434,万里扬,SZ,mainboard,sz.002434,1,myquant-strategy,2026-06-25
SZ002436,兴森科技,SZ,mainboard,sz.002436,1,myquant-strategy,2026-06-25
SZ002437,誉衡药业,SZ,mainboard,sz.002437,1,myquant-strategy,2026-06-25
SZ002438,江苏神通,SZ,mainboard,sz.002438,1,myquant-strategy,2026-06-25
SZ002439,启明星辰,SZ,mainboard,sz.002439,1,myquant-strategy,2026-06-25
SZ002440,闰土股份,SZ,mainboard,sz.002440,1,myquant-strategy,2026-06-25
SZ002441,众业达,SZ,mainboard,sz.002441,1,myquant-strategy,2026-06-25
SZ002442,龙星科技,SZ,mainboard,sz.002442,1,myquant-strategy,2026-06-25
SZ002443,金洲管道,SZ,mainboard,sz.002443,1,myquant-strategy,2026-06-25
SZ002444,巨星科技,SZ,mainboard,sz.002444,1,myquant-strategy,2026-06-25
SZ002445,中南文化,SZ,mainboard,sz.002445,0,myquant-strategy,2026-06-25
SZ002446,盛路通信,SZ,mainboard,sz.002446,1,myquant-strategy,2026-06-25
SZ002448,中原内配,SZ,mainboard,sz.002448,1,myquant-strategy,2026-06-25
SZ002449,国星光电,SZ,mainboard,sz.002449,1,myquant-strategy,2026-06-25
SZ002451,摩恩电气,SZ,mainboard,sz.002451,1,myquant-strategy,2026-06-25
SZ002452,长高电新,SZ,mainboard,sz.002452,1,myquant-strategy,2026-06-25
SZ002453,华软科技,SZ,mainboard,sz.002453,1,myquant-strategy,2026-06-25
SZ002454,松芝股份,SZ,mainboard,sz.002454,1,myquant-strategy,2026-06-25
SZ002455,百川股份,SZ,mainboard,sz.002455,1,myquant-strategy,2026-06-25
SZ002456,欧菲光,SZ,mainboard,sz.002456,1,myquant-strategy,2026-06-25
SZ002457,青龙管业,SZ,mainboard,sz.002457,1,myquant-strategy,2026-06-25
SZ002458,益生股份,SZ,mainboard,sz.002458,1,myquant-strategy,2026-06-25
SZ002459,晶澳科技,SZ,mainboard,sz.002459,1,myquant-strategy,2026-06-25
SZ002460,赣锋锂业,SZ,mainboard,sz.002460,1,myquant-strategy,2026-06-25
SZ002461,珠江啤酒,SZ,mainboard,sz.002461,1,myquant-strategy,2026-06-25
SZ002462,嘉事堂,SZ,mainboard,sz.002462,1,myquant-strategy,2026-06-25
SZ002463,沪电股份,SZ,mainboard,sz.002463,1,myquant-strategy,2026-06-25
SZ002465,海格通信,SZ,mainboard,sz.002465,1,myquant-strategy,2026-06-25
SZ002466,天齐锂业,SZ,mainboard,sz.002466,1,myquant-strategy,2026-06-25
SZ002467,二六三,SZ,mainboard,sz.002467,1,myquant-strategy,2026-06-25
SZ002468,申通快递,SZ,mainboard,sz.002468,1,myquant-strategy,2026-06-25
SZ002469,三维化学,SZ,mainboard,sz.002469,1,myquant-strategy,2026-06-25
SZ002470,金正大,SZ,mainboard,sz.002470,1,myquant-strategy,2026-06-25
SZ002471,中超控股,SZ,mainboard,sz.002471,1,myquant-strategy,2026-06-25
SZ002472,双环传动,SZ,mainboard,sz.002472,1,myquant-strategy,2026-06-25
SZ002474,榕基软件,SZ,mainboard,sz.002474,1,myquant-strategy,2026-06-25
SZ002475,立讯精密,SZ,mainboard,sz.002475,1,myquant-strategy,2026-06-25
SZ002476,宝莫股份,SZ,mainboard,sz.002476,1,myquant-strategy,2026-06-25
SZ002478,常宝股份,SZ,mainboard,sz.002478,1,myquant-strategy,2026-06-25
SZ002479,富春环保,SZ,mainboard,sz.002479,1,myquant-strategy,2026-06-25
SZ002480,新筑股份,SZ,mainboard,sz.002480,1,myquant-strategy,2026-06-25
SZ002481,双塔食品,SZ,mainboard,sz.002481,1,myquant-strategy,2026-06-25
SZ002482,广田集团,SZ,mainboard,sz.002482,1,myquant-strategy,2026-06-25
SZ002483,润邦股份,SZ,mainboard,sz.002483,1,myquant-strategy,2026-06-25
SZ002484,江海股份,SZ,mainboard,sz.002484,1,myquant-strategy,2026-06-25
SZ002485,ST雪发,SZ,mainboard,sz.002485,1,myquant-strategy,2026-06-25
SZ002486,嘉麟杰,SZ,mainboard,sz.002486,1,myquant-strategy,2026-06-25
SZ002487,大金重工,SZ,mainboard,sz.002487,1,myquant-strategy,2026-06-25
SZ002488,金固股份,SZ,mainboard,sz.002488,1,myquant-strategy,2026-06-25
SZ002489,浙江永强,SZ,mainboard,sz.002489,1,myquant-strategy,2026-06-25
SZ002490,山东墨龙,SZ,mainboard,sz.002490,1,myquant-strategy,2026-06-25
SZ002491,通鼎互联,SZ,mainboard,sz.002491,1,myquant-strategy,2026-06-25
SZ002492,恒基达鑫,SZ,mainboard,sz.002492,1,myquant-strategy,2026-06-25
SZ002493,荣盛石化,SZ,mainboard,sz.002493,1,myquant-strategy,2026-06-25
SZ002494,华斯股份,SZ,mainboard,sz.002494,1,myquant-strategy,2026-06-25
SZ002495,佳隆股份,SZ,mainboard,sz.002495,1,myquant-strategy,2026-06-25
SZ002496,*ST辉丰,SZ,mainboard,sz.002496,1,myquant-strategy,2026-06-25
SZ002497,雅化集团,SZ,mainboard,sz.002497,1,myquant-strategy,2026-06-25
SZ002498,汉缆股份,SZ,mainboard,sz.002498,1,myquant-strategy,2026-06-25
SZ002500,山西证券,SZ,mainboard,sz.002500,1,myquant-strategy,2026-06-25
SZ002501,利源股份,SZ,mainboard,sz.002501,1,myquant-strategy,2026-06-25
SZ002506,协鑫集成,SZ,mainboard,sz.002506,1,myquant-strategy,2026-06-25
SZ002507,涪陵榨菜,SZ,mainboard,sz.002507,1,myquant-strategy,2026-06-25
SZ002508,老板电器,SZ,mainboard,sz.002508,1,myquant-strategy,2026-06-25
SZ002510,天汽模,SZ,mainboard,sz.002510,1,myquant-strategy,2026-06-25
SZ002511,中顺洁柔,SZ,mainboard,sz.002511,1,myquant-strategy,2026-06-25
SZ002512,ST达华,SZ,mainboard,sz.002512,1,myquant-strategy,2026-06-25
SZ002513,蓝丰生化,SZ,mainboard,sz.002513,1,myquant-strategy,2026-06-25
SZ002514,宝馨科技,SZ,mainboard,sz.002514,1,myquant-strategy,2026-06-25
SZ002515,金字火腿,SZ,mainboard,sz.002515,1,myquant-strategy,2026-06-25
SZ002516,旷达科技,SZ,mainboard,sz.002516,1,myquant-strategy,2026-06-25
SZ002517,恺英网络,SZ,mainboard,sz.002517,1,myquant-strategy,2026-06-25
SZ002518,科士达,SZ,mainboard,sz.002518,1,myquant-strategy,2026-06-25
SZ002519,银河电子,SZ,mainboard,sz.002519,1,myquant-strategy,2026-06-25
SZ002520,日发精机,SZ,mainboard,sz.002520,1,myquant-strategy,2026-06-25
SZ002521,齐峰新材,SZ,mainboard,sz.002521,1,myquant-strategy,2026-06-25
SZ002522,浙江众成,SZ,mainboard,sz.002522,1,myquant-strategy,2026-06-25
SZ002523,天桥起重,SZ,mainboard,sz.002523,1,myquant-strategy,2026-06-25
SZ002524,光正眼科,SZ,mainboard,sz.002524,1,myquant-strategy,2026-06-25
SZ002526,山东矿机,SZ,mainboard,sz.002526,1,myquant-strategy,2026-06-25
SZ002527,新时达,SZ,mainboard,sz.002527,1,myquant-strategy,2026-06-25
SZ002528,ST英飞拓,SZ,mainboard,sz.002528,1,myquant-strategy,2026-06-25
SZ002529,*ST海源,SZ,mainboard,sz.002529,1,myquant-strategy,2026-06-25
SZ002530,金财互联,SZ,mainboard,sz.002530,1,myquant-strategy,2026-06-25
SZ002531,天顺风能,SZ,mainboard,sz.002531,1,myquant-strategy,2026-06-25
SZ002532,天山铝业,SZ,mainboard,sz.002532,1,myquant-strategy,2026-06-25
SZ002533,金杯电工,SZ,mainboard,sz.002533,1,myquant-strategy,2026-06-25
SZ002534,西子洁能,SZ,mainboard,sz.002534,1,myquant-strategy,2026-06-25
SZ002535,林州重机,SZ,mainboard,sz.002535,1,myquant-strategy,2026-06-25
SZ002536,飞龙股份,SZ,mainboard,sz.002536,1,myquant-strategy,2026-06-25
SZ002537,海联金汇,SZ,mainboard,sz.002537,1,myquant-strategy,2026-06-25
SZ002538,司尔特,SZ,mainboard,sz.002538,1,myquant-strategy,2026-06-25
SZ002539,云图控股,SZ,mainboard,sz.002539,1,myquant-strategy,2026-06-25
SZ002540,亚太科技,SZ,mainboard,sz.002540,1,myquant-strategy,2026-06-25
SZ002541,鸿路钢构,SZ,mainboard,sz.002541,1,myquant-strategy,2026-06-25
SZ002542,中化岩土,SZ,mainboard,sz.002542,1,myquant-strategy,2026-06-25
SZ002543,万和电气,SZ,mainboard,sz.002543,1,myquant-strategy,2026-06-25
SZ002544,普天科技,SZ,mainboard,sz.002544,1,myquant-strategy,2026-06-25
SZ002545,东方铁塔,SZ,mainboard,sz.002545,1,myquant-strategy,2026-06-25
SZ002546,新联电子,SZ,mainboard,sz.002546,1,myquant-strategy,2026-06-25
SZ002547,春兴精工,SZ,mainboard,sz.002547,1,myquant-strategy,2026-06-25
SZ002548,金新农,SZ,mainboard,sz.002548,1,myquant-strategy,2026-06-25
SZ002549,凯美特气,SZ,mainboard,sz.002549,1,myquant-strategy,2026-06-25
SZ002550,千红制药,SZ,mainboard,sz.002550,1,myquant-strategy,2026-06-25
SZ002551,尚荣医疗,SZ,mainboard,sz.002551,1,myquant-strategy,2026-06-25
SZ002552,宝鼎科技,SZ,mainboard,sz.002552,1,myquant-strategy,2026-06-25
SZ002553,南方精工,SZ,mainboard,sz.002553,1,myquant-strategy,2026-06-25
SZ002554,惠博普,SZ,mainboard,sz.002554,1,myquant-strategy,2026-06-25
SZ002555,三七互娱,SZ,mainboard,sz.002555,1,myquant-strategy,2026-06-25
SZ002556,辉隆股份,SZ,mainboard,sz.002556,1,myquant-strategy,2026-06-25
SZ002557,洽洽食品,SZ,mainboard,sz.002557,1,myquant-strategy,2026-06-25
SZ002558,巨人网络,SZ,mainboard,sz.002558,1,myquant-strategy,2026-06-25
SZ002559,亚威股份,SZ,mainboard,sz.002559,1,myquant-strategy,2026-06-25
SZ002560,通达股份,SZ,mainboard,sz.002560,1,myquant-strategy,2026-06-25
SZ002561,徐家汇,SZ,mainboard,sz.002561,1,myquant-strategy,2026-06-25
SZ002562,兄弟科技,SZ,mainboard,sz.002562,1,myquant-strategy,2026-06-25
SZ002563,森马服饰,SZ,mainboard,sz.002563,1,myquant-strategy,2026-06-25
SZ002564,天沃科技,SZ,mainboard,sz.002564,1,myquant-strategy,2026-06-25
SZ002565,顺灏股份,SZ,mainboard,sz.002565,1,myquant-strategy,2026-06-25
SZ002566,益盛药业,SZ,mainboard,sz.002566,1,myquant-strategy,2026-06-25
SZ002567,唐人神,SZ,mainboard,sz.002567,1,myquant-strategy,2026-06-25
SZ002568,百润股份,SZ,mainboard,sz.002568,1,myquant-strategy,2026-06-25
SZ002569,*ST步森,SZ,mainboard,sz.002569,1,myquant-strategy,2026-06-25
SZ002570,贝因美,SZ,mainboard,sz.002570,1,myquant-strategy,2026-06-25
SZ002571,德力股份,SZ,mainboard,sz.002571,1,myquant-strategy,2026-06-25
SZ002572,索菲亚,SZ,mainboard,sz.002572,1,myquant-strategy,2026-06-25
SZ002573,清新环境,SZ,mainboard,sz.002573,1,myquant-strategy,2026-06-25
SZ002574,明牌珠宝,SZ,mainboard,sz.002574,1,myquant-strategy,2026-06-25
SZ002575,群兴玩具,SZ,mainboard,sz.002575,1,myquant-strategy,2026-06-25
SZ002576,通达动力,SZ,mainboard,sz.002576,1,myquant-strategy,2026-06-25
SZ002577,雷柏科技,SZ,mainboard,sz.002577,1,myquant-strategy,2026-06-25
SZ002578,闽发铝业,SZ,mainboard,sz.002578,1,myquant-strategy,2026-06-25
SZ002579,中京电子,SZ,mainboard,sz.002579,1,myquant-strategy,2026-06-25
SZ002580,圣阳股份,SZ,mainboard,sz.002580,1,myquant-strategy,2026-06-25
SZ002581,ST未名,SZ,mainboard,sz.002581,1,myquant-strategy,2026-06-25
SZ002582,好想你,SZ,mainboard,sz.002582,1,myquant-strategy,2026-06-25
SZ002583,海能达,SZ,mainboard,sz.002583,1,myquant-strategy,2026-06-25
SZ002584,西陇科学,SZ,mainboard,sz.002584,1,myquant-strategy,2026-06-25
SZ002585,双星新材,SZ,mainboard,sz.002585,1,myquant-strategy,2026-06-25
SZ002586,ST围海,SZ,mainboard,sz.002586,1,myquant-strategy,2026-06-25
SZ002587,奥拓电子,SZ,mainboard,sz.002587,1,myquant-strategy,2026-06-25
SZ002588,史丹利,SZ,mainboard,sz.002588,1,myquant-strategy,2026-06-25
SZ002589,瑞康医药,SZ,mainboard,sz.002589,1,myquant-strategy,2026-06-25
SZ002590,万安科技,SZ,mainboard,sz.002590,1,myquant-strategy,2026-06-25
SZ002591,恒大高新,SZ,mainboard,sz.002591,1,myquant-strategy,2026-06-25
SZ002592,ST八菱,SZ,mainboard,sz.002592,1,myquant-strategy,2026-06-25
SZ002593,日上集团,SZ,mainboard,sz.002593,1,myquant-strategy,2026-06-25
SZ002594,比亚迪,SZ,mainboard,sz.002594,1,myquant-strategy,2026-06-25
SZ002595,豪迈科技,SZ,mainboard,sz.002595,1,myquant-strategy,2026-06-25
SZ002596,海南瑞泽,SZ,mainboard,sz.002596,1,myquant-strategy,2026-06-25
SZ002597,金禾实业,SZ,mainboard,sz.002597,1,myquant-strategy,2026-06-25
SZ002598,山东章鼓,SZ,mainboard,sz.002598,1,myquant-strategy,2026-06-25
SZ002599,盛通股份,SZ,mainboard,sz.002599,1,myquant-strategy,2026-06-25
SZ002600,领益智造,SZ,mainboard,sz.002600,1,myquant-strategy,2026-06-25
SZ002601,龙佰集团,SZ,mainboard,sz.002601,1,myquant-strategy,2026-06-25
SZ002602,世纪华通,SZ,mainboard,sz.002602,1,myquant-strategy,2026-06-25
SZ002603,以岭药业,SZ,mainboard,sz.002603,1,myquant-strategy,2026-06-25
SZ002605,姚记科技,SZ,mainboard,sz.002605,1,myquant-strategy,2026-06-25
SZ002606,大连电瓷,SZ,mainboard,sz.002606,1,myquant-strategy,2026-06-25
SZ002607,中公教育,SZ,mainboard,sz.002607,1,myquant-strategy,2026-06-25
SZ002608,江苏国信,SZ,mainboard,sz.002608,1,myquant-strategy,2026-06-25
SZ002609,捷顺科技,SZ,mainboard,sz.002609,1,myquant-strategy,2026-06-25
SZ002611,东方精工,SZ,mainboard,sz.002611,1,myquant-strategy,2026-06-25
SZ002612,朗姿股份,SZ,mainboard,sz.002612,1,myquant-strategy,2026-06-25
SZ002613,北玻股份,SZ,mainboard,sz.002613,1,myquant-strategy,2026-06-25
SZ002614,奥佳华,SZ,mainboard,sz.002614,1,myquant-strategy,2026-06-25
SZ002615,哈尔斯,SZ,mainboard,sz.002615,1,myquant-strategy,2026-06-25
SZ002616,长青集团,SZ,mainboard,sz.002616,1,myquant-strategy,2026-06-25
SZ002617,露笑科技,SZ,mainboard,sz.002617,1,myquant-strategy,2026-06-25
SZ002620,ST瑞和,SZ,mainboard,sz.002620,1,myquant-strategy,2026-06-25
SZ002622,皓宸医疗,SZ,mainboard,sz.002622,1,myquant-strategy,2026-06-25
SZ002623,亚玛顿,SZ,mainboard,sz.002623,1,myquant-strategy,2026-06-25
SZ002624,完美世界,SZ,mainboard,sz.002624,1,myquant-strategy,2026-06-25
SZ002625,光启技术,SZ,mainboard,sz.002625,1,myquant-strategy,2026-06-25
SZ002626,金达威,SZ,mainboard,sz.002626,1,myquant-strategy,2026-06-25
SZ002627,三峡旅游,SZ,mainboard,sz.002627,1,myquant-strategy,2026-06-25
SZ002628,成都路桥,SZ,mainboard,sz.002628,1,myquant-strategy,2026-06-25
SZ002629,仁智股份,SZ,mainboard,sz.002629,1,myquant-strategy,2026-06-25
SZ002630,ST华西,SZ,mainboard,sz.002630,1,myquant-strategy,2026-06-25
SZ002631,德尔未来,SZ,mainboard,sz.002631,1,myquant-strategy,2026-06-25
SZ002632,道明光学,SZ,mainboard,sz.002632,1,myquant-strategy,2026-06-25
SZ002633,申科股份,SZ,mainboard,sz.002633,1,myquant-strategy,2026-06-25
SZ002634,棒杰股份,SZ,mainboard,sz.002634,1,myquant-strategy,2026-06-25
SZ002635,安洁科技,SZ,mainboard,sz.002635,1,myquant-strategy,2026-06-25
SZ002636,金安国纪,SZ,mainboard,sz.002636,1,myquant-strategy,2026-06-25
SZ002637,赞宇科技,SZ,mainboard,sz.002637,1,myquant-strategy,2026-06-25
SZ002638,勤上股份,SZ,mainboard,sz.002638,1,myquant-strategy,2026-06-25
SZ002639,雪人集团,SZ,mainboard,sz.002639,1,myquant-strategy,2026-06-25
SZ002640,跨境通,SZ,mainboard,sz.002640,1,myquant-strategy,2026-06-25
SZ002641,公元股份,SZ,mainboard,sz.002641,1,myquant-strategy,2026-06-25
SZ002642,荣联科技,SZ,mainboard,sz.002642,1,myquant-strategy,2026-06-25
SZ002643,万润股份,SZ,mainboard,sz.002643,1,myquant-strategy,2026-06-25
SZ002644,佛慈制药,SZ,mainboard,sz.002644,1,myquant-strategy,2026-06-25
SZ002645,华宏科技,SZ,mainboard,sz.002645,1,myquant-strategy,2026-06-25
SZ002646,天佑德酒,SZ,mainboard,sz.002646,1,myquant-strategy,2026-06-25
SZ002647,*ST仁东,SZ,mainboard,sz.002647,1,myquant-strategy,2026-06-25
SZ002648,卫星化学,SZ,mainboard,sz.002648,1,myquant-strategy,2026-06-25
SZ002649,博彦科技,SZ,mainboard,sz.002649,1,myquant-strategy,2026-06-25
SZ002650,ST加加,SZ,mainboard,sz.002650,1,myquant-strategy,2026-06-25
SZ002651,利君股份,SZ,mainboard,sz.002651,1,myquant-strategy,2026-06-25
SZ002652,扬子新材,SZ,mainboard,sz.002652,1,myquant-strategy,2026-06-25
SZ002653,海思科,SZ,mainboard,sz.002653,1,myquant-strategy,2026-06-25
SZ002654,万润科技,SZ,mainboard,sz.002654,1,myquant-strategy,2026-06-25
SZ002655,共达电声,SZ,mainboard,sz.002655,1,myquant-strategy,2026-06-25
SZ002656,*ST摩登,SZ,mainboard,sz.002656,1,myquant-strategy,2026-06-25
SZ002657,中科金财,SZ,mainboard,sz.002657,1,myquant-strategy,2026-06-25
SZ002658,雪迪龙,SZ,mainboard,sz.002658,1,myquant-strategy,2026-06-25
SZ002659,凯文教育,SZ,mainboard,sz.002659,1,myquant-strategy,2026-06-25
SZ002660,茂硕电源,SZ,mainboard,sz.002660,1,myquant-strategy,2026-06-25
SZ002661,克明食品,SZ,mainboard,sz.002661,1,myquant-strategy,2026-06-25
SZ002662,峰璟股份,SZ,mainboard,sz.002662,1,myquant-strategy,2026-06-25
SZ002663,普邦股份,SZ,mainboard,sz.002663,1,myquant-strategy,2026-06-25
SZ002664,信质集团,SZ,mainboard,sz.002664,1,myquant-strategy,2026-06-25
SZ002666,德联集团,SZ,mainboard,sz.002666,1,myquant-strategy,2026-06-25
SZ002667,威领股份,SZ,mainboard,sz.002667,1,myquant-strategy,2026-06-25
SZ002668,TCL智家,SZ,mainboard,sz.002668,1,myquant-strategy,2026-06-25
SZ002669,康达新材,SZ,mainboard,sz.002669,1,myquant-strategy,2026-06-25
SZ002670,国盛证券,SZ,mainboard,sz.002670,1,myquant-strategy,2026-06-25
SZ002671,龙泉股份,SZ,mainboard,sz.002671,1,myquant-strategy,2026-06-25
SZ002672,东江环保,SZ,mainboard,sz.002672,1,myquant-strategy,2026-06-25
SZ002673,西部证券,SZ,mainboard,sz.002673,1,myquant-strategy,2026-06-25
SZ002674,兴业科技,SZ,mainboard,sz.002674,1,myquant-strategy,2026-06-25
SZ002675,东诚药业,SZ,mainboard,sz.002675,1,myquant-strategy,2026-06-25
SZ002676,顺威股份,SZ,mainboard,sz.002676,1,myquant-strategy,2026-06-25
SZ002677,浙江美大,SZ,mainboard,sz.002677,1,myquant-strategy,2026-06-25
SZ002678,珠江钢琴,SZ,mainboard,sz.002678,1,myquant-strategy,2026-06-25
SZ002679,福建金森,SZ,mainboard,sz.002679,1,myquant-strategy,2026-06-25
SZ002681,奋达科技,SZ,mainboard,sz.002681,1,myquant-strategy,2026-06-25
SZ002682,龙洲股份,SZ,mainboard,sz.002682,1,myquant-strategy,2026-06-25
SZ002683,广东宏大,SZ,mainboard,sz.002683,1,myquant-strategy,2026-06-25
SZ002685,华东重机,SZ,mainboard,sz.002685,1,myquant-strategy,2026-06-25
SZ002686,亿利达,SZ,mainboard,sz.002686,1,myquant-strategy,2026-06-25
SZ002687,乔治白,SZ,mainboard,sz.002687,1,myquant-strategy,2026-06-25
SZ002688,金河生物,SZ,mainboard,sz.002688,1,myquant-strategy,2026-06-25
SZ002689,ST远智,SZ,mainboard,sz.002689,1,myquant-strategy,2026-06-25
SZ002690,美亚光电,SZ,mainboard,sz.002690,1,myquant-strategy,2026-06-25
SZ002691,冀凯股份,SZ,mainboard,sz.002691,1,myquant-strategy,2026-06-25
SZ002692,远程股份,SZ,mainboard,sz.002692,1,myquant-strategy,2026-06-25
SZ002693,*ST双成,SZ,mainboard,sz.002693,1,myquant-strategy,2026-06-25
SZ002694,顾地科技,SZ,mainboard,sz.002694,1,myquant-strategy,2026-06-25
SZ002695,煌上煌,SZ,mainboard,sz.002695,1,myquant-strategy,2026-06-25
SZ002696,百洋股份,SZ,mainboard,sz.002696,1,myquant-strategy,2026-06-25
SZ002697,红旗连锁,SZ,mainboard,sz.002697,1,myquant-strategy,2026-06-25
SZ002698,博实股份,SZ,mainboard,sz.002698,1,myquant-strategy,2026-06-25
SZ002700,万憬能源,SZ,mainboard,sz.002700,1,myquant-strategy,2026-06-25
SZ002701,奥瑞金,SZ,mainboard,sz.002701,1,myquant-strategy,2026-06-25
SZ002702,海欣食品,SZ,mainboard,sz.002702,1,myquant-strategy,2026-06-25
SZ002703,浙江世宝,SZ,mainboard,sz.002703,1,myquant-strategy,2026-06-25
SZ002705,新宝股份,SZ,mainboard,sz.002705,1,myquant-strategy,2026-06-25
SZ002706,良信股份,SZ,mainboard,sz.002706,1,myquant-strategy,2026-06-25
SZ002707,众信旅游,SZ,mainboard,sz.002707,1,myquant-strategy,2026-06-25
SZ002708,光洋股份,SZ,mainboard,sz.002708,1,myquant-strategy,2026-06-25
SZ002709,天赐材料,SZ,mainboard,sz.002709,1,myquant-strategy,2026-06-25
SZ002712,思美传媒,SZ,mainboard,sz.002712,1,myquant-strategy,2026-06-25
SZ002713,*ST东易,SZ,mainboard,sz.002713,1,myquant-strategy,2026-06-25
SZ002714,牧原股份,SZ,mainboard,sz.002714,1,myquant-strategy,2026-06-25
SZ002715,登云股份,SZ,mainboard,sz.002715,1,myquant-strategy,2026-06-25
SZ002716,湖南白银,SZ,mainboard,sz.002716,1,myquant-strategy,2026-06-25
SZ002717,ST岭南,SZ,mainboard,sz.002717,1,myquant-strategy,2026-06-25
SZ002718,友邦吊顶,SZ,mainboard,sz.002718,1,myquant-strategy,2026-06-25
SZ002719,麦趣尔,SZ,mainboard,sz.002719,1,myquant-strategy,2026-06-25
SZ002721,金一文化,SZ,mainboard,sz.002721,1,myquant-strategy,2026-06-25
SZ002722,物产金轮,SZ,mainboard,sz.002722,1,myquant-strategy,2026-06-25
SZ002723,小崧股份,SZ,mainboard,sz.002723,1,myquant-strategy,2026-06-25
SZ002724,海洋王,SZ,mainboard,sz.002724,1,myquant-strategy,2026-06-25
SZ002725,跃岭股份,SZ,mainboard,sz.002725,1,myquant-strategy,2026-06-25
SZ002726,龙大美食,SZ,mainboard,sz.002726,1,myquant-strategy,2026-06-25
SZ002727,一心堂,SZ,mainboard,sz.002727,1,myquant-strategy,2026-06-25
SZ002728,特一药业,SZ,mainboard,sz.002728,1,myquant-strategy,2026-06-25
SZ002729,好利科技,SZ,mainboard,sz.002729,1,myquant-strategy,2026-06-25
SZ002730,电光科技,SZ,mainboard,sz.002730,1,myquant-strategy,2026-06-25
SZ002731,ST萃华,SZ,mainboard,sz.002731,1,myquant-strategy,2026-06-25
SZ002732,燕塘乳业,SZ,mainboard,sz.002732,1,myquant-strategy,2026-06-25
SZ002733,雄韬股份,SZ,mainboard,sz.002733,1,myquant-strategy,2026-06-25
SZ002734,利民股份,SZ,mainboard,sz.002734,1,myquant-strategy,2026-06-25
SZ002735,王子新材,SZ,mainboard,sz.002735,1,myquant-strategy,2026-06-25
SZ002736,国信证券,SZ,mainboard,sz.002736,1,myquant-strategy,2026-06-25
SZ002737,葵花药业,SZ,mainboard,sz.002737,1,myquant-strategy,2026-06-25
SZ002738,中矿资源,SZ,mainboard,sz.002738,1,myquant-strategy,2026-06-25
SZ002739,万达电影,SZ,mainboard,sz.002739,1,myquant-strategy,2026-06-25
SZ002741,光华科技,SZ,mainboard,sz.002741,1,myquant-strategy,2026-06-25
SZ002742,*ST三圣,SZ,mainboard,sz.002742,1,myquant-strategy,2026-06-25
SZ002743,富煌钢构,SZ,mainboard,sz.002743,1,myquant-strategy,2026-06-25
SZ002745,木林森,SZ,mainboard,sz.002745,1,myquant-strategy,2026-06-25
SZ002746,仙坛股份,SZ,mainboard,sz.002746,1,myquant-strategy,2026-06-25
SZ002747,埃斯顿,SZ,mainboard,sz.002747,1,myquant-strategy,2026-06-25
SZ002748,世龙实业,SZ,mainboard,sz.002748,1,myquant-strategy,2026-06-25
SZ002749,国光股份,SZ,mainboard,sz.002749,1,myquant-strategy,2026-06-25
SZ002752,昇兴股份,SZ,mainboard,sz.002752,1,myquant-strategy,2026-06-25
SZ002753,永东股份,SZ,mainboard,sz.002753,1,myquant-strategy,2026-06-25
SZ002755,奥赛康,SZ,mainboard,sz.002755,1,myquant-strategy,2026-06-25
SZ002756,永兴材料,SZ,mainboard,sz.002756,1,myquant-strategy,2026-06-25
SZ002757,南兴股份,SZ,mainboard,sz.002757,1,myquant-strategy,2026-06-25
SZ002758,浙农股份,SZ,mainboard,sz.002758,1,myquant-strategy,2026-06-25
SZ002759,天际股份,SZ,mainboard,sz.002759,1,myquant-strategy,2026-06-25
SZ002760,凤形股份,SZ,mainboard,sz.002760,1,myquant-strategy,2026-06-25
SZ002761,浙江建投,SZ,mainboard,sz.002761,1,myquant-strategy,2026-06-25
SZ002762,*ST金比,SZ,mainboard,sz.002762,1,myquant-strategy,2026-06-25
SZ002763,汇洁股份,SZ,mainboard,sz.002763,1,myquant-strategy,2026-06-25
SZ002765,蓝黛科技,SZ,mainboard,sz.002765,1,myquant-strategy,2026-06-25
SZ002766,索菱股份,SZ,mainboard,sz.002766,1,myquant-strategy,2026-06-25
SZ002767,先锋电子,SZ,mainboard,sz.002767,1,myquant-strategy,2026-06-25
SZ002768,国恩股份,SZ,mainboard,sz.002768,1,myquant-strategy,2026-06-25
SZ002769,普路通,SZ,mainboard,sz.002769,1,myquant-strategy,2026-06-25
SZ002771,真视通,SZ,mainboard,sz.002771,1,myquant-strategy,2026-06-25
SZ002772,众兴菌业,SZ,mainboard,sz.002772,1,myquant-strategy,2026-06-25
SZ002773,康弘药业,SZ,mainboard,sz.002773,1,myquant-strategy,2026-06-25
SZ002774,快意电梯,SZ,mainboard,sz.002774,1,myquant-strategy,2026-06-25
SZ002775,文科股份,SZ,mainboard,sz.002775,1,myquant-strategy,2026-06-25
SZ002777,久远银海,SZ,mainboard,sz.002777,1,myquant-strategy,2026-06-25
SZ002778,中晟高科,SZ,mainboard,sz.002778,1,myquant-strategy,2026-06-25
SZ002779,中坚科技,SZ,mainboard,sz.002779,1,myquant-strategy,2026-06-25
SZ002780,三夫户外,SZ,mainboard,sz.002780,1,myquant-strategy,2026-06-25
SZ002782,可立克,SZ,mainboard,sz.002782,1,myquant-strategy,2026-06-25
SZ002783,凯龙股份,SZ,mainboard,sz.002783,1,myquant-strategy,2026-06-25
SZ002785,万里石,SZ,mainboard,sz.002785,1,myquant-strategy,2026-06-25
SZ002786,银宝山新,SZ,mainboard,sz.002786,1,myquant-strategy,2026-06-25
SZ002787,华源控股,SZ,mainboard,sz.002787,1,myquant-strategy,2026-06-25
SZ002788,鹭燕医药,SZ,mainboard,sz.002788,1,myquant-strategy,2026-06-25
SZ002789,*ST建艺,SZ,mainboard,sz.002789,1,myquant-strategy,2026-06-25
SZ002790,瑞尔特,SZ,mainboard,sz.002790,1,myquant-strategy,2026-06-25
SZ002791,坚朗五金,SZ,mainboard,sz.002791,1,myquant-strategy,2026-06-25
SZ002792,通宇通讯,SZ,mainboard,sz.002792,1,myquant-strategy,2026-06-25
SZ002793,罗欣药业,SZ,mainboard,sz.002793,1,myquant-strategy,2026-06-25
SZ002795,永和智控,SZ,mainboard,sz.002795,1,myquant-strategy,2026-06-25
SZ002796,世嘉科技,SZ,mainboard,sz.002796,1,myquant-strategy,2026-06-25
SZ002797,第一创业,SZ,mainboard,sz.002797,1,myquant-strategy,2026-06-25
SZ002798,帝欧水华,SZ,mainboard,sz.002798,1,myquant-strategy,2026-06-25
SZ002799,环球印务,SZ,mainboard,sz.002799,1,myquant-strategy,2026-06-25
SZ002800,天顺股份,SZ,mainboard,sz.002800,1,myquant-strategy,2026-06-25
SZ002801,微光股份,SZ,mainboard,sz.002801,1,myquant-strategy,2026-06-25
SZ002802,洪汇新材,SZ,mainboard,sz.002802,1,myquant-strategy,2026-06-25
SZ002803,吉宏股份,SZ,mainboard,sz.002803,1,myquant-strategy,2026-06-25
SZ002805,丰元股份,SZ,mainboard,sz.002805,1,myquant-strategy,2026-06-25
SZ002806,华锋股份,SZ,mainboard,sz.002806,1,myquant-strategy,2026-06-25
SZ002807,江阴银行,SZ,mainboard,sz.002807,1,myquant-strategy,2026-06-25
SZ002808,*ST恒久,SZ,mainboard,sz.002808,1,myquant-strategy,2026-06-25
SZ002809,红墙股份,SZ,mainboard,sz.002809,1,myquant-strategy,2026-06-25
SZ002810,山东赫达,SZ,mainboard,sz.002810,1,myquant-strategy,2026-06-25
SZ002811,郑中设计,SZ,mainboard,sz.002811,1,myquant-strategy,2026-06-25
SZ002812,恩捷股份,SZ,mainboard,sz.002812,1,myquant-strategy,2026-06-25
SZ002813,路畅科技,SZ,mainboard,sz.002813,1,myquant-strategy,2026-06-25
SZ002815,崇达技术,SZ,mainboard,sz.002815,1,myquant-strategy,2026-06-25
SZ002816,*ST和科,SZ,mainboard,sz.002816,1,myquant-strategy,2026-06-25
SZ002817,黄山胶囊,SZ,mainboard,sz.002817,1,myquant-strategy,2026-06-25
SZ002818,富森美,SZ,mainboard,sz.002818,1,myquant-strategy,2026-06-25
SZ002819,东方中科,SZ,mainboard,sz.002819,1,myquant-strategy,2026-06-25
SZ002820,桂发祥,SZ,mainboard,sz.002820,1,myquant-strategy,2026-06-25
SZ002821,凯莱英,SZ,mainboard,sz.002821,1,myquant-strategy,2026-06-25
SZ002822,ST中装,SZ,mainboard,sz.002822,1,myquant-strategy,2026-06-25
SZ002823,凯中精密,SZ,mainboard,sz.002823,1,myquant-strategy,2026-06-25
SZ002824,和胜股份,SZ,mainboard,sz.002824,1,myquant-strategy,2026-06-25
SZ002825,纳尔股份,SZ,mainboard,sz.002825,1,myquant-strategy,2026-06-25
SZ002826,易明医药,SZ,mainboard,sz.002826,1,myquant-strategy,2026-06-25
SZ002827,高争民爆,SZ,mainboard,sz.002827,1,myquant-strategy,2026-06-25
SZ002828,贝肯能源,SZ,mainboard,sz.002828,1,myquant-strategy,2026-06-25
SZ002829,星网宇达,SZ,mainboard,sz.002829,1,myquant-strategy,2026-06-25
SZ002830,名雕股份,SZ,mainboard,sz.002830,1,myquant-strategy,2026-06-25
SZ002831,裕同科技,SZ,mainboard,sz.002831,1,myquant-strategy,2026-06-25
SZ002832,比音勒芬,SZ,mainboard,sz.002832,1,myquant-strategy,2026-06-25
SZ002833,弘亚数控,SZ,mainboard,sz.002833,1,myquant-strategy,2026-06-25
SZ002835,同为股份,SZ,mainboard,sz.002835,1,myquant-strategy,2026-06-25
SZ002836,新宏泽,SZ,mainboard,sz.002836,1,myquant-strategy,2026-06-25
SZ002837,英维克,SZ,mainboard,sz.002837,1,myquant-strategy,2026-06-25
SZ002838,道恩股份,SZ,mainboard,sz.002838,1,myquant-strategy,2026-06-25
SZ002839,张家港行,SZ,mainboard,sz.002839,1,myquant-strategy,2026-06-25
SZ002840,华统股份,SZ,mainboard,sz.002840,1,myquant-strategy,2026-06-25
SZ002841,视源股份,SZ,mainboard,sz.002841,1,myquant-strategy,2026-06-25
SZ002842,翔鹭钨业,SZ,mainboard,sz.002842,1,myquant-strategy,2026-06-25
SZ002843,泰嘉股份,SZ,mainboard,sz.002843,1,myquant-strategy,2026-06-25
SZ002845,同兴达,SZ,mainboard,sz.002845,1,myquant-strategy,2026-06-25
SZ002846,英联股份,SZ,mainboard,sz.002846,1,myquant-strategy,2026-06-25
SZ002847,盐津铺子,SZ,mainboard,sz.002847,1,myquant-strategy,2026-06-25
SZ002848,*ST高斯,SZ,mainboard,sz.002848,1,myquant-strategy,2026-06-25
SZ002849,威星智能,SZ,mainboard,sz.002849,1,myquant-strategy,2026-06-25
SZ002850,科达利,SZ,mainboard,sz.002850,1,myquant-strategy,2026-06-25
SZ002851,麦格米特,SZ,mainboard,sz.002851,1,myquant-strategy,2026-06-25
SZ002852,道道全,SZ,mainboard,sz.002852,1,myquant-strategy,2026-06-25
SZ002853,皮阿诺,SZ,mainboard,sz.002853,1,myquant-strategy,2026-06-25
SZ002855,捷荣技术,SZ,mainboard,sz.002855,1,myquant-strategy,2026-06-25
SZ002856,美芝股份,SZ,mainboard,sz.002856,1,myquant-strategy,2026-06-25
SZ002857,三晖电气,SZ,mainboard,sz.002857,1,myquant-strategy,2026-06-25
SZ002858,力盛体育,SZ,mainboard,sz.002858,1,myquant-strategy,2026-06-25
SZ002859,洁美科技,SZ,mainboard,sz.002859,0,myquant-strategy,2026-06-25
SZ002860,星帅尔,SZ,mainboard,sz.002860,1,myquant-strategy,2026-06-25
SZ002861,瀛通通讯,SZ,mainboard,sz.002861,1,myquant-strategy,2026-06-25
SZ002862,实丰文化,SZ,mainboard,sz.002862,1,myquant-strategy,2026-06-25
SZ002863,今飞凯达,SZ,mainboard,sz.002863,1,myquant-strategy,2026-06-25
SZ002864,盘龙药业,SZ,mainboard,sz.002864,1,myquant-strategy,2026-06-25
SZ002865,钧达股份,SZ,mainboard,sz.002865,1,myquant-strategy,2026-06-25
SZ002866,传艺科技,SZ,mainboard,sz.002866,1,myquant-strategy,2026-06-25
SZ002867,周大生,SZ,mainboard,sz.002867,1,myquant-strategy,2026-06-25
SZ002868,*ST绿康,SZ,mainboard,sz.002868,1,myquant-strategy,2026-06-25
SZ002869,金溢科技,SZ,mainboard,sz.002869,1,myquant-strategy,2026-06-25
SZ002870,香山股份,SZ,mainboard,sz.002870,1,myquant-strategy,2026-06-25
SZ002871,伟隆股份,SZ,mainboard,sz.002871,1,myquant-strategy,2026-06-25
SZ002872,ST天圣,SZ,mainboard,sz.002872,1,myquant-strategy,2026-06-25
SZ002873,新天药业,SZ,mainboard,sz.002873,1,myquant-strategy,2026-06-25
SZ002875,安奈儿,SZ,mainboard,sz.002875,1,myquant-strategy,2026-06-25
SZ002876,三利谱,SZ,mainboard,sz.002876,1,myquant-strategy,2026-06-25
SZ002877,智能自控,SZ,mainboard,sz.002877,1,myquant-strategy,2026-06-25
SZ002878,元隆雅图,SZ,mainboard,sz.002878,1,myquant-strategy,2026-06-25
SZ002879,长缆科技,SZ,mainboard,sz.002879,1,myquant-strategy,2026-06-25
SZ002880,卫光生物,SZ,mainboard,sz.002880,1,myquant-strategy,2026-06-25
SZ002881,美格智能,SZ,mainboard,sz.002881,1,myquant-strategy,2026-06-25
SZ002882,金龙羽,SZ,mainboard,sz.002882,1,myquant-strategy,2026-06-25
SZ002883,中设股份,SZ,mainboard,sz.002883,1,myquant-strategy,2026-06-25
SZ002884,凌霄泵业,SZ,mainboard,sz.002884,1,myquant-strategy,2026-06-25
SZ002885,京泉华,SZ,mainboard,sz.002885,1,myquant-strategy,2026-06-25
SZ002886,沃特股份,SZ,mainboard,sz.002886,1,myquant-strategy,2026-06-25
SZ002887,绿茵生态,SZ,mainboard,sz.002887,1,myquant-strategy,2026-06-25
SZ002888,惠威科技,SZ,mainboard,sz.002888,1,myquant-strategy,2026-06-25
SZ002889,东方嘉盛,SZ,mainboard,sz.002889,1,myquant-strategy,2026-06-25
SZ002890,弘宇股份,SZ,mainboard,sz.002890,1,myquant-strategy,2026-06-25
SZ002891,中宠股份,SZ,mainboard,sz.002891,1,myquant-strategy,2026-06-25
SZ002892,科力尔,SZ,mainboard,sz.002892,1,myquant-strategy,2026-06-25
SZ002893,京能热力,SZ,mainboard,sz.002893,1,myquant-strategy,2026-06-25
SZ002895,川恒股份,SZ,mainboard,sz.002895,1,myquant-strategy,2026-06-25
SZ002896,中大力德,SZ,mainboard,sz.002896,1,myquant-strategy,2026-06-25
SZ002897,意华股份,SZ,mainboard,sz.002897,1,myquant-strategy,2026-06-25
SZ002898,*ST赛隆,SZ,mainboard,sz.002898,1,myquant-strategy,2026-06-25
SZ002899,英派斯,SZ,mainboard,sz.002899,1,myquant-strategy,2026-06-25
SZ002900,哈三联,SZ,mainboard,sz.002900,1,myquant-strategy,2026-06-25
SZ002901,大博医疗,SZ,mainboard,sz.002901,1,myquant-strategy,2026-06-25
SZ002902,铭普光磁,SZ,mainboard,sz.002902,1,myquant-strategy,2026-06-25
SZ002903,宇环数控,SZ,mainboard,sz.002903,1,myquant-strategy,2026-06-25
SZ002905,金逸影视,SZ,mainboard,sz.002905,1,myquant-strategy,2026-06-25
SZ002906,华阳集团,SZ,mainboard,sz.002906,1,myquant-strategy,2026-06-25
SZ002907,华森制药,SZ,mainboard,sz.002907,1,myquant-strategy,2026-06-25
SZ002908,德生科技,SZ,mainboard,sz.002908,1,myquant-strategy,2026-06-25
SZ002909,集泰股份,SZ,mainboard,sz.002909,1,myquant-strategy,2026-06-25
SZ002910,庄园牧场,SZ,mainboard,sz.002910,1,myquant-strategy,2026-06-25
SZ002911,佛燃能源,SZ,mainboard,sz.002911,1,myquant-strategy,2026-06-25
SZ002912,中新赛克,SZ,mainboard,sz.002912,1,myquant-strategy,2026-06-25
SZ002913,奥士康,SZ,mainboard,sz.002913,1,myquant-strategy,2026-06-25
SZ002915,中欣氟材,SZ,mainboard,sz.002915,1,myquant-strategy,2026-06-25
SZ002916,深南电路,SZ,mainboard,sz.002916,1,myquant-strategy,2026-06-25
SZ002917,金奥博,SZ,mainboard,sz.002917,1,myquant-strategy,2026-06-25
SZ002918,蒙娜丽莎,SZ,mainboard,sz.002918,1,myquant-strategy,2026-06-25
SZ002919,名臣健康,SZ,mainboard,sz.002919,1,myquant-strategy,2026-06-25
SZ002920,德赛西威,SZ,mainboard,sz.002920,1,myquant-strategy,2026-06-25
SZ002921,联诚精密,SZ,mainboard,sz.002921,1,myquant-strategy,2026-06-25
SZ002922,伊戈尔,SZ,mainboard,sz.002922,1,myquant-strategy,2026-06-25
SZ002923,润都股份,SZ,mainboard,sz.002923,1,myquant-strategy,2026-06-25
SZ002925,盈趣科技,SZ,mainboard,sz.002925,1,myquant-strategy,2026-06-25
SZ002926,华西证券,SZ,mainboard,sz.002926,1,myquant-strategy,2026-06-25
SZ002927,泰永长征,SZ,mainboard,sz.002927,1,myquant-strategy,2026-06-25
SZ002928,华夏航空,SZ,mainboard,sz.002928,1,myquant-strategy,2026-06-25
SZ002929,润建股份,SZ,mainboard,sz.002929,1,myquant-strategy,2026-06-25
SZ002930,宏川智慧,SZ,mainboard,sz.002930,1,myquant-strategy,2026-06-25
SZ002931,锋龙股份,SZ,mainboard,sz.002931,1,myquant-strategy,2026-06-25
SZ002932,明德生物,SZ,mainboard,sz.002932,1,myquant-strategy,2026-06-25
SZ002933,新兴装备,SZ,mainboard,sz.002933,1,myquant-strategy,2026-06-25
SZ002935,天奥电子,SZ,mainboard,sz.002935,1,myquant-strategy,2026-06-25
SZ002936,郑州银行,SZ,mainboard,sz.002936,1,myquant-strategy,2026-06-25
SZ002937,兴瑞科技,SZ,mainboard,sz.002937,1,myquant-strategy,2026-06-25
SZ002938,鹏鼎控股,SZ,mainboard,sz.002938,1,myquant-strategy,2026-06-25
SZ002939,长城证券,SZ,mainboard,sz.002939,1,myquant-strategy,2026-06-25
SZ002940,昂利康,SZ,mainboard,sz.002940,1,myquant-strategy,2026-06-25
SZ002941,新疆交建,SZ,mainboard,sz.002941,1,myquant-strategy,2026-06-25
SZ002942,新农股份,SZ,mainboard,sz.002942,1,myquant-strategy,2026-06-25
SZ002943,宇晶股份,SZ,mainboard,sz.002943,1,myquant-strategy,2026-06-25
SZ002945,华林证券,SZ,mainboard,sz.002945,1,myquant-strategy,2026-06-25
SZ002946,新乳业,SZ,mainboard,sz.002946,1,myquant-strategy,2026-06-25
SZ002947,恒铭达,SZ,mainboard,sz.002947,1,myquant-strategy,2026-06-25
SZ002948,青岛银行,SZ,mainboard,sz.002948,1,myquant-strategy,2026-06-25
SZ002949,华阳国际,SZ,mainboard,sz.002949,1,myquant-strategy,2026-06-25
SZ002950,奥美医疗,SZ,mainboard,sz.002950,1,myquant-strategy,2026-06-25
SZ002951,金时科技,SZ,mainboard,sz.002951,1,myquant-strategy,2026-06-25
SZ002952,亚世光电,SZ,mainboard,sz.002952,1,myquant-strategy,2026-06-25
SZ002953,日丰股份,SZ,mainboard,sz.002953,1,myquant-strategy,2026-06-25
SZ002955,鸿合科技,SZ,mainboard,sz.002955,1,myquant-strategy,2026-06-25
SZ002956,西麦食品,SZ,mainboard,sz.002956,1,myquant-strategy,2026-06-25
SZ002957,科瑞技术,SZ,mainboard,sz.002957,1,myquant-strategy,2026-06-25
SZ002958,青农商行,SZ,mainboard,sz.002958,1,myquant-strategy,2026-06-25
SZ002959,小熊电器,SZ,mainboard,sz.002959,1,myquant-strategy,2026-06-25
SZ002960,青鸟消防,SZ,mainboard,sz.002960,1,myquant-strategy,2026-06-25
SZ002961,瑞达期货,SZ,mainboard,sz.002961,1,myquant-strategy,2026-06-25
SZ002962,五方光电,SZ,mainboard,sz.002962,1,myquant-strategy,2026-06-25
SZ002963,豪尔赛,SZ,mainboard,sz.002963,1,myquant-strategy,2026-06-25
SZ002965,祥鑫科技,SZ,mainboard,sz.002965,1,myquant-strategy,2026-06-25
SZ002966,苏州银行,SZ,mainboard,sz.002966,1,myquant-strategy,2026-06-25
SZ002967,广电计量,SZ,mainboard,sz.002967,1,myquant-strategy,2026-06-25
SZ002968,新大正,SZ,mainboard,sz.002968,1,myquant-strategy,2026-06-25
SZ002969,嘉美包装,SZ,mainboard,sz.002969,1,myquant-strategy,2026-06-25
SZ002970,锐明技术,SZ,mainboard,sz.002970,1,myquant-strategy,2026-06-25
SZ002971,和远气体,SZ,mainboard,sz.002971,1,myquant-strategy,2026-06-25
SZ002972,科安达,SZ,mainboard,sz.002972,1,myquant-strategy,2026-06-25
SZ002973,侨银股份,SZ,mainboard,sz.002973,1,myquant-strategy,2026-06-25
SZ002975,博杰股份,SZ,mainboard,sz.002975,1,myquant-strategy,2026-06-25
SZ002976,瑞玛精密,SZ,mainboard,sz.002976,1,myquant-strategy,2026-06-25
SZ002977,天箭科技,SZ,mainboard,sz.002977,1,myquant-strategy,2026-06-25
SZ002978,安宁股份,SZ,mainboard,sz.002978,1,myquant-strategy,2026-06-25
SZ002979,雷赛智能,SZ,mainboard,sz.002979,1,myquant-strategy,2026-06-25
SZ002980,华盛昌,SZ,mainboard,sz.002980,1,myquant-strategy,2026-06-25
SZ002981,朝阳科技,SZ,mainboard,sz.002981,1,myquant-strategy,2026-06-25
SZ002982,湘佳股份,SZ,mainboard,sz.002982,1,myquant-strategy,2026-06-25
SZ002983,芯瑞达,SZ,mainboard,sz.002983,1,myquant-strategy,2026-06-25
SZ002984,森麒麟,SZ,mainboard,sz.002984,1,myquant-strategy,2026-06-25
SZ002985,北摩高科,SZ,mainboard,sz.002985,1,myquant-strategy,2026-06-25
SZ002986,宇新股份,SZ,mainboard,sz.002986,1,myquant-strategy,2026-06-25
SZ002987,京北方,SZ,mainboard,sz.002987,1,myquant-strategy,2026-06-25
SZ002988,豪美新材,SZ,mainboard,sz.002988,1,myquant-strategy,2026-06-25
SZ002989,中天精装,SZ,mainboard,sz.002989,1,myquant-strategy,2026-06-25
SZ002990,盛视科技,SZ,mainboard,sz.002990,1,myquant-strategy,2026-06-25
SZ002991,甘源食品,SZ,mainboard,sz.002991,1,myquant-strategy,2026-06-25
SZ002992,宝明科技,SZ,mainboard,sz.002992,1,myquant-strategy,2026-06-25
SZ002993,奥海科技,SZ,mainboard,sz.002993,1,myquant-strategy,2026-06-25
SZ002995,天地在线,SZ,mainboard,sz.002995,1,myquant-strategy,2026-06-25
SZ002996,顺博合金,SZ,mainboard,sz.002996,1,myquant-strategy,2026-06-25
SZ002997,瑞鹄模具,SZ,mainboard,sz.002997,1,myquant-strategy,2026-06-25
SZ002998,优彩资源,SZ,mainboard,sz.002998,1,myquant-strategy,2026-06-25
SZ002999,天禾股份,SZ,mainboard,sz.002999,1,myquant-strategy,2026-06-25
SZ003000,劲仔食品,SZ,mainboard,sz.003000,1,myquant-strategy,2026-06-25
SZ003001,中岩大地,SZ,mainboard,sz.003001,1,myquant-strategy,2026-06-25
SZ003002,壶化股份,SZ,mainboard,sz.003002,1,myquant-strategy,2026-06-25
SZ003003,天元股份,SZ,mainboard,sz.003003,1,myquant-strategy,2026-06-25
SZ003004,*ST声迅,SZ,mainboard,sz.003004,1,myquant-strategy,2026-06-25
SZ003005,竞业达,SZ,mainboard,sz.003005,1,myquant-strategy,2026-06-25
SZ003006,百亚股份,SZ,mainboard,sz.003006,1,myquant-strategy,2026-06-25
SZ003007,直真科技,SZ,mainboard,sz.003007,1,myquant-strategy,2026-06-25
SZ003008,开普检测,SZ,mainboard,sz.003008,1,myquant-strategy,2026-06-25
SZ003009,中天火箭,SZ,mainboard,sz.003009,1,myquant-strategy,2026-06-25
SZ003010,若羽臣,SZ,mainboard,sz.003010,1,myquant-strategy,2026-06-25
SZ003011,海象新材,SZ,mainboard,sz.003011,1,myquant-strategy,2026-06-25
SZ003012,东鹏控股,SZ,mainboard,sz.003012,1,myquant-strategy,2026-06-25
SZ003013,地铁设计,SZ,mainboard,sz.003013,1,myquant-strategy,2026-06-25
SZ003015,日久光电,SZ,mainboard,sz.003015,1,myquant-strategy,2026-06-25
SZ003016,欣贺股份,SZ,mainboard,sz.003016,1,myquant-strategy,2026-06-25
SZ003017,大洋生物,SZ,mainboard,sz.003017,1,myquant-strategy,2026-06-25
SZ003018,金富科技,SZ,mainboard,sz.003018,1,myquant-strategy,2026-06-25
SZ003019,宸展光电,SZ,mainboard,sz.003019,1,myquant-strategy,2026-06-25
SZ003020,立方制药,SZ,mainboard,sz.003020,1,myquant-strategy,2026-06-25
SZ003021,兆威机电,SZ,mainboard,sz.003021,1,myquant-strategy,2026-06-25
SZ003022,联泓新科,SZ,mainboard,sz.003022,1,myquant-strategy,2026-06-25
SZ003023,彩虹集团,SZ,mainboard,sz.003023,1,myquant-strategy,2026-06-25
SZ003025,思进智能,SZ,mainboard,sz.003025,1,myquant-strategy,2026-06-25
SZ003026,中晶科技,SZ,mainboard,sz.003026,1,myquant-strategy,2026-06-25
SZ003027,同兴科技,SZ,mainboard,sz.003027,1,myquant-strategy,2026-06-25
SZ003028,振邦智能,SZ,mainboard,sz.003028,1,myquant-strategy,2026-06-25
SZ003029,吉大正元,SZ,mainboard,sz.003029,1,myquant-strategy,2026-06-25
SZ003030,祖名股份,SZ,mainboard,sz.003030,1,myquant-strategy,2026-06-25
SZ003031,中瓷电子,SZ,mainboard,sz.003031,1,myquant-strategy,2026-06-25
SZ003032,*ST传智,SZ,mainboard,sz.003032,1,myquant-strategy,2026-06-25
SZ003033,征和工业,SZ,mainboard,sz.003033,1,myquant-strategy,2026-06-25
SZ003035,南网能源,SZ,mainboard,sz.003035,1,myquant-strategy,2026-06-25
SZ003036,泰坦股份,SZ,mainboard,sz.003036,1,myquant-strategy,2026-06-25
SZ003037,三和管桩,SZ,mainboard,sz.003037,1,myquant-strategy,2026-06-25
SZ003038,鑫铂股份,SZ,mainboard,sz.003038,1,myquant-strategy,2026-06-25
SZ003039,顺控发展,SZ,mainboard,sz.003039,1,myquant-strategy,2026-06-25
SZ003040,楚天龙,SZ,mainboard,sz.003040,1,myquant-strategy,2026-06-25
SZ003041,真爱美家,SZ,mainboard,sz.003041,1,myquant-strategy,2026-06-25
SZ003042,中农联合,SZ,mainboard,sz.003042,1,myquant-strategy,2026-06-25
SZ003043,华亚智能,SZ,mainboard,sz.003043,1,myquant-strategy,2026-06-25
SZ003816,中国广核,SZ,mainboard,sz.003816,1,myquant-strategy,2026-06-25
SZ300001,特锐德,SZ,chi_next,sz.300001,1,myquant-strategy,2026-06-25
SZ300002,神州泰岳,SZ,chi_next,sz.300002,1,myquant-strategy,2026-06-25
SZ300003,乐普医疗,SZ,chi_next,sz.300003,1,myquant-strategy,2026-06-25
SZ300004,南风股份,SZ,chi_next,sz.300004,1,myquant-strategy,2026-06-25
SZ300005,探路者,SZ,chi_next,sz.300005,1,myquant-strategy,2026-06-25
SZ300006,莱美药业,SZ,chi_next,sz.300006,1,myquant-strategy,2026-06-25
SZ300007,汉威科技,SZ,chi_next,sz.300007,1,myquant-strategy,2026-06-25
SZ300008,天海防务,SZ,chi_next,sz.300008,1,myquant-strategy,2026-06-25
SZ300009,安科生物,SZ,chi_next,sz.300009,1,myquant-strategy,2026-06-25
SZ300010,豆神教育,SZ,chi_next,sz.300010,1,myquant-strategy,2026-06-25
SZ300011,鼎汉技术,SZ,chi_next,sz.300011,1,myquant-strategy,2026-06-25
SZ300012,华测检测,SZ,chi_next,sz.300012,1,myquant-strategy,2026-06-25
SZ300013,新宁物流,SZ,chi_next,sz.300013,1,myquant-strategy,2026-06-25
SZ300014,亿纬锂能,SZ,chi_next,sz.300014,1,myquant-strategy,2026-06-25
SZ300015,爱尔眼科,SZ,chi_next,sz.300015,1,myquant-strategy,2026-06-25
SZ300016,北陆药业,SZ,chi_next,sz.300016,1,myquant-strategy,2026-06-25
SZ300017,网宿科技,SZ,chi_next,sz.300017,1,myquant-strategy,2026-06-25
SZ300018,中元股份,SZ,chi_next,sz.300018,1,myquant-strategy,2026-06-25
SZ300019,硅宝科技,SZ,chi_next,sz.300019,1,myquant-strategy,2026-06-25
SZ300020,ST银江,SZ,chi_next,sz.300020,1,myquant-strategy,2026-06-25
SZ300021,大禹节水,SZ,chi_next,sz.300021,1,myquant-strategy,2026-06-25
SZ300022,吉峰科技,SZ,chi_next,sz.300022,1,myquant-strategy,2026-06-25
SZ300024,机器人,SZ,chi_next,sz.300024,1,myquant-strategy,2026-06-25
SZ300025,华星创业,SZ,chi_next,sz.300025,1,myquant-strategy,2026-06-25
SZ300026,红日药业,SZ,chi_next,sz.300026,1,myquant-strategy,2026-06-25
SZ300027,华谊兄弟,SZ,chi_next,sz.300027,1,myquant-strategy,2026-06-25
SZ300029,*ST天龙,SZ,chi_next,sz.300029,1,myquant-strategy,2026-06-25
SZ300030,阳普医疗,SZ,chi_next,sz.300030,1,myquant-strategy,2026-06-25
SZ300031,宝通科技,SZ,chi_next,sz.300031,1,myquant-strategy,2026-06-25
SZ300032,金龙机电,SZ,chi_next,sz.300032,1,myquant-strategy,2026-06-25
SZ300033,同花顺,SZ,chi_next,sz.300033,1,myquant-strategy,2026-06-25
SZ300034,钢研高纳,SZ,chi_next,sz.300034,1,myquant-strategy,2026-06-25
SZ300035,中科电气,SZ,chi_next,sz.300035,1,myquant-strategy,2026-06-25
SZ300036,超图软件,SZ,chi_next,sz.300036,1,myquant-strategy,2026-06-25
SZ300037,新宙邦,SZ,chi_next,sz.300037,1,myquant-strategy,2026-06-25
SZ300039,上海凯宝,SZ,chi_next,sz.300039,1,myquant-strategy,2026-06-25
SZ300040,九洲集团,SZ,chi_next,sz.300040,1,myquant-strategy,2026-06-25
SZ300041,回天新材,SZ,chi_next,sz.300041,1,myquant-strategy,2026-06-25
SZ300042,朗科科技,SZ,chi_next,sz.300042,1,myquant-strategy,2026-06-25
SZ300043,星辉娱乐,SZ,chi_next,sz.300043,1,myquant-strategy,2026-06-25
SZ300044,ST赛为,SZ,chi_next,sz.300044,1,myquant-strategy,2026-06-25
SZ300045,华力创通,SZ,chi_next,sz.300045,1,myquant-strategy,2026-06-25
SZ300046,台基股份,SZ,chi_next,sz.300046,1,myquant-strategy,2026-06-25
SZ300047,天源迪科,SZ,chi_next,sz.300047,1,myquant-strategy,2026-06-25
SZ300048,合康新能,SZ,chi_next,sz.300048,1,myquant-strategy,2026-06-25
SZ300049,福瑞医科,SZ,chi_next,sz.300049,1,myquant-strategy,2026-06-25
SZ300050,世纪鼎利,SZ,chi_next,sz.300050,1,myquant-strategy,2026-06-25
SZ300051,琏升科技,SZ,chi_next,sz.300051,1,myquant-strategy,2026-06-25
SZ300052,ST中青宝,SZ,chi_next,sz.300052,1,myquant-strategy,2026-06-25
SZ300053,航宇微,SZ,chi_next,sz.300053,1,myquant-strategy,2026-06-25
SZ300054,鼎龙股份,SZ,chi_next,sz.300054,1,myquant-strategy,2026-06-25
SZ300055,万邦达,SZ,chi_next,sz.300055,1,myquant-strategy,2026-06-25
SZ300056,中创环保,SZ,chi_next,sz.300056,1,myquant-strategy,2026-06-25
SZ300057,万顺新材,SZ,chi_next,sz.300057,1,myquant-strategy,2026-06-25
SZ300058,蓝色光标,SZ,chi_next,sz.300058,1,myquant-strategy,2026-06-25
SZ300059,东方财富,SZ,chi_next,sz.300059,1,myquant-strategy,2026-06-25
SZ300061,旗天科技,SZ,chi_next,sz.300061,1,myquant-strategy,2026-06-25
SZ300062,中能电气,SZ,chi_next,sz.300062,1,myquant-strategy,2026-06-25
SZ300063,天龙集团,SZ,chi_next,sz.300063,1,myquant-strategy,2026-06-25
SZ300065,海兰信,SZ,chi_next,sz.300065,1,myquant-strategy,2026-06-25
SZ300066,三川智慧,SZ,chi_next,sz.300066,1,myquant-strategy,2026-06-25
SZ300067,安诺其,SZ,chi_next,sz.300067,1,myquant-strategy,2026-06-25
SZ300068,南都电源,SZ,chi_next,sz.300068,1,myquant-strategy,2026-06-25
SZ300069,金利华电,SZ,chi_next,sz.300069,1,myquant-strategy,2026-06-25
SZ300070,碧水源,SZ,chi_next,sz.300070,1,myquant-strategy,2026-06-25
SZ300071,福石控股,SZ,chi_next,sz.300071,1,myquant-strategy,2026-06-25
SZ300072,海新能科,SZ,chi_next,sz.300072,1,myquant-strategy,2026-06-25
SZ300073,当升科技,SZ,chi_next,sz.300073,1,myquant-strategy,2026-06-25
SZ300074,华平股份,SZ,chi_next,sz.300074,1,myquant-strategy,2026-06-25
SZ300075,数字政通,SZ,chi_next,sz.300075,1,myquant-strategy,2026-06-25
SZ300076,GQY视讯,SZ,chi_next,sz.300076,1,myquant-strategy,2026-06-25
SZ300077,国民技术,SZ,chi_next,sz.300077,1,myquant-strategy,2026-06-25
SZ300078,思创智联,SZ,chi_next,sz.300078,1,myquant-strategy,2026-06-25
SZ300079,数码视讯,SZ,chi_next,sz.300079,1,myquant-strategy,2026-06-25
SZ300080,易成新能,SZ,chi_next,sz.300080,1,myquant-strategy,2026-06-25
SZ300081,恒信东方,SZ,chi_next,sz.300081,1,myquant-strategy,2026-06-25
SZ300082,奥克股份,SZ,chi_next,sz.300082,1,myquant-strategy,2026-06-25
SZ300083,创世纪,SZ,chi_next,sz.300083,1,myquant-strategy,2026-06-25
SZ300084,海默科技,SZ,chi_next,sz.300084,1,myquant-strategy,2026-06-25
SZ300085,银之杰,SZ,chi_next,sz.300085,1,myquant-strategy,2026-06-25
SZ300086,康芝药业,SZ,chi_next,sz.300086,1,myquant-strategy,2026-06-25
SZ300087,荃银高科,SZ,chi_next,sz.300087,1,myquant-strategy,2026-06-25
SZ300088,长信科技,SZ,chi_next,sz.300088,1,myquant-strategy,2026-06-25
SZ300091,*ST金灵,SZ,chi_next,sz.300091,1,myquant-strategy,2026-06-25
SZ300092,科新机电,SZ,chi_next,sz.300092,1,myquant-strategy,2026-06-25
SZ300093,*ST金刚,SZ,chi_next,sz.300093,1,myquant-strategy,2026-06-25
SZ300094,国联水产,SZ,chi_next,sz.300094,1,myquant-strategy,2026-06-25
SZ300095,华伍股份,SZ,chi_next,sz.300095,1,myquant-strategy,2026-06-25
SZ300096,ST易联众,SZ,chi_next,sz.300096,1,myquant-strategy,2026-06-25
SZ300097,ST智云,SZ,chi_next,sz.300097,1,myquant-strategy,2026-06-25
SZ300098,高新兴,SZ,chi_next,sz.300098,1,myquant-strategy,2026-06-25
SZ300099,尤洛卡,SZ,chi_next,sz.300099,1,myquant-strategy,2026-06-25
SZ300100,双林股份,SZ,chi_next,sz.300100,1,myquant-strategy,2026-06-25
SZ300101,振芯科技,SZ,chi_next,sz.300101,1,myquant-strategy,2026-06-25
SZ300102,乾照光电,SZ,chi_next,sz.300102,1,myquant-strategy,2026-06-25
SZ300103,达刚控股,SZ,chi_next,sz.300103,1,myquant-strategy,2026-06-25
SZ300105,龙源技术,SZ,chi_next,sz.300105,1,myquant-strategy,2026-06-25
SZ300106,西部牧业,SZ,chi_next,sz.300106,1,myquant-strategy,2026-06-25
SZ300107,建新股份,SZ,chi_next,sz.300107,1,myquant-strategy,2026-06-25
SZ300109,新开源,SZ,chi_next,sz.300109,1,myquant-strategy,2026-06-25
SZ300110,华仁药业,SZ,chi_next,sz.300110,1,myquant-strategy,2026-06-25
SZ300111,向日葵,SZ,chi_next,sz.300111,1,myquant-strategy,2026-06-25
SZ300112,万讯自控,SZ,chi_next,sz.300112,1,myquant-strategy,2026-06-25
SZ300113,顺网科技,SZ,chi_next,sz.300113,1,myquant-strategy,2026-06-25
SZ300115,长盈精密,SZ,chi_next,sz.300115,1,myquant-strategy,2026-06-25
SZ300118,东方日升,SZ,chi_next,sz.300118,1,myquant-strategy,2026-06-25
SZ300119,瑞普生物,SZ,chi_next,sz.300119,1,myquant-strategy,2026-06-25
SZ300120,经纬辉开,SZ,chi_next,sz.300120,1,myquant-strategy,2026-06-25
SZ300121,阳谷华泰,SZ,chi_next,sz.300121,1,myquant-strategy,2026-06-25
SZ300122,智飞生物,SZ,chi_next,sz.300122,1,myquant-strategy,2026-06-25
SZ300123,亚光科技,SZ,chi_next,sz.300123,1,myquant-strategy,2026-06-25
SZ300124,汇川技术,SZ,chi_next,sz.300124,1,myquant-strategy,2026-06-25
SZ300125,*ST聆达,SZ,chi_next,sz.300125,1,myquant-strategy,2026-06-25
SZ300126,锐奇股份,SZ,chi_next,sz.300126,1,myquant-strategy,2026-06-25
SZ300127,银河磁体,SZ,chi_next,sz.300127,1,myquant-strategy,2026-06-25
SZ300128,锦富技术,SZ,chi_next,sz.300128,1,myquant-strategy,2026-06-25
SZ300129,泰胜风能,SZ,chi_next,sz.300129,1,myquant-strategy,2026-06-25
SZ300130,新国都,SZ,chi_next,sz.300130,1,myquant-strategy,2026-06-25
SZ300131,英唐智控,SZ,chi_next,sz.300131,1,myquant-strategy,2026-06-25
SZ300132,青松股份,SZ,chi_next,sz.300132,1,myquant-strategy,2026-06-25
SZ300133,华策影视,SZ,chi_next,sz.300133,1,myquant-strategy,2026-06-25
SZ300134,大富科技,SZ,chi_next,sz.300134,1,myquant-strategy,2026-06-25
SZ300135,宝利国际,SZ,chi_next,sz.300135,1,myquant-strategy,2026-06-25
SZ300136,信维通信,SZ,chi_next,sz.300136,1,myquant-strategy,2026-06-25
SZ300137,先河环保,SZ,chi_next,sz.300137,1,myquant-strategy,2026-06-25
SZ300138,晨光生物,SZ,chi_next,sz.300138,1,myquant-strategy,2026-06-25
SZ300139,晓程科技,SZ,chi_next,sz.300139,1,myquant-strategy,2026-06-25
SZ300140,节能环境,SZ,chi_next,sz.300140,1,myquant-strategy,2026-06-25
SZ300141,和顺电气,SZ,chi_next,sz.300141,1,myquant-strategy,2026-06-25
SZ300142,沃森生物,SZ,chi_next,sz.300142,1,myquant-strategy,2026-06-25
SZ300143,盈康生命,SZ,chi_next,sz.300143,1,myquant-strategy,2026-06-25
SZ300144,宋城演艺,SZ,chi_next,sz.300144,1,myquant-strategy,2026-06-25
SZ300145,南方泵业,SZ,chi_next,sz.300145,1,myquant-strategy,2026-06-25
SZ300146,汤臣倍健,SZ,chi_next,sz.300146,1,myquant-strategy,2026-06-25
SZ300147,ST香雪,SZ,chi_next,sz.300147,1,myquant-strategy,2026-06-25
SZ300148,天舟文化,SZ,chi_next,sz.300148,1,myquant-strategy,2026-06-25
SZ300149,睿智医药,SZ,chi_next,sz.300149,1,myquant-strategy,2026-06-25
SZ300150,世纪瑞尔,SZ,chi_next,sz.300150,1,myquant-strategy,2026-06-25
SZ300151,昌红科技,SZ,chi_next,sz.300151,1,myquant-strategy,2026-06-25
SZ300152,ST新动力,SZ,chi_next,sz.300152,1,myquant-strategy,2026-06-25
SZ300153,科泰电源,SZ,chi_next,sz.300153,1,myquant-strategy,2026-06-25
SZ300154,瑞凌股份,SZ,chi_next,sz.300154,1,myquant-strategy,2026-06-25
SZ300155,安居宝,SZ,chi_next,sz.300155,1,myquant-strategy,2026-06-25
SZ300157,新锦动力,SZ,chi_next,sz.300157,1,myquant-strategy,2026-06-25
SZ300158,振东制药,SZ,chi_next,sz.300158,1,myquant-strategy,2026-06-25
SZ300159,*ST新研,SZ,chi_next,sz.300159,1,myquant-strategy,2026-06-25
SZ300160,秀强股份,SZ,chi_next,sz.300160,1,myquant-strategy,2026-06-25
SZ300161,华中数控,SZ,chi_next,sz.300161,1,myquant-strategy,2026-06-25
SZ300162,雷曼光电,SZ,chi_next,sz.300162,1,myquant-strategy,2026-06-25
SZ300163,先锋新材,SZ,chi_next,sz.300163,1,myquant-strategy,2026-06-25
SZ300164,通源石油,SZ,chi_next,sz.300164,1,myquant-strategy,2026-06-25
SZ300165,ST天瑞,SZ,chi_next,sz.300165,1,myquant-strategy,2026-06-25
SZ300166,东方国信,SZ,chi_next,sz.300166,1,myquant-strategy,2026-06-25
SZ300167,ST迪威迅,SZ,chi_next,sz.300167,1,myquant-strategy,2026-06-25
SZ300168,万达信息,SZ,chi_next,sz.300168,1,myquant-strategy,2026-06-25
SZ300169,天晟新材,SZ,chi_next,sz.300169,1,myquant-strategy,2026-06-25
SZ300170,汉得信息,SZ,chi_next,sz.300170,1,myquant-strategy,2026-06-25
SZ300171,东富龙,SZ,chi_next,sz.300171,1,myquant-strategy,2026-06-25
SZ300172,中电环保,SZ,chi_next,sz.300172,1,myquant-strategy,2026-06-25
SZ300173,ST福能,SZ,chi_next,sz.300173,1,myquant-strategy,2026-06-25
SZ300174,元力股份,SZ,chi_next,sz.300174,1,myquant-strategy,2026-06-25
SZ300175,ST朗源,SZ,chi_next,sz.300175,1,myquant-strategy,2026-06-25
SZ300176,鸿特科技,SZ,chi_next,sz.300176,1,myquant-strategy,2026-06-25
SZ300177,中海达,SZ,chi_next,sz.300177,1,myquant-strategy,2026-06-25
SZ300179,四方达,SZ,chi_next,sz.300179,1,myquant-strategy,2026-06-25
SZ300180,华峰超纤,SZ,chi_next,sz.300180,1,myquant-strategy,2026-06-25
SZ300181,佐力药业,SZ,chi_next,sz.300181,1,myquant-strategy,2026-06-25
SZ300182,捷成股份,SZ,chi_next,sz.300182,1,myquant-strategy,2026-06-25
SZ300183,东软载波,SZ,chi_next,sz.300183,1,myquant-strategy,2026-06-25
SZ300184,力源信息,SZ,chi_next,sz.300184,1,myquant-strategy,2026-06-25
SZ300185,通裕重工,SZ,chi_next,sz.300185,1,myquant-strategy,2026-06-25
SZ300187,永清环保,SZ,chi_next,sz.300187,1,myquant-strategy,2026-06-25
SZ300188,国投智能,SZ,chi_next,sz.300188,1,myquant-strategy,2026-06-25
SZ300189,神农种业,SZ,chi_next,sz.300189,1,myquant-strategy,2026-06-25
SZ300190,维尔利,SZ,chi_next,sz.300190,1,myquant-strategy,2026-06-25
SZ300191,潜能恒信,SZ,chi_next,sz.300191,1,myquant-strategy,2026-06-25
SZ300192,科德教育,SZ,chi_next,sz.300192,1,myquant-strategy,2026-06-25
SZ300193,佳士科技,SZ,chi_next,sz.300193,1,myquant-strategy,2026-06-25
SZ300194,福安药业,SZ,chi_next,sz.300194,1,myquant-strategy,2026-06-25
SZ300195,长荣股份,SZ,chi_next,sz.300195,1,myquant-strategy,2026-06-25
SZ300196,长海股份,SZ,chi_next,sz.300196,1,myquant-strategy,2026-06-25
SZ300197,节能铁汉,SZ,chi_next,sz.300197,1,myquant-strategy,2026-06-25
SZ300198,ST纳川,SZ,chi_next,sz.300198,1,myquant-strategy,2026-06-25
SZ300199,翰宇药业,SZ,chi_next,sz.300199,1,myquant-strategy,2026-06-25
SZ300200,高盟新材,SZ,chi_next,sz.300200,1,myquant-strategy,2026-06-25
SZ300201,海伦哲,SZ,chi_next,sz.300201,1,myquant-strategy,2026-06-25
SZ300203,聚光科技,SZ,chi_next,sz.300203,1,myquant-strategy,2026-06-25
SZ300204,舒泰神,SZ,chi_next,sz.300204,1,myquant-strategy,2026-06-25
SZ300205,*ST天喻,SZ,chi_next,sz.300205,1,myquant-strategy,2026-06-25
SZ300206,理邦仪器,SZ,chi_next,sz.300206,1,myquant-strategy,2026-06-25
SZ300207,欣旺达,SZ,chi_next,sz.300207,1,myquant-strategy,2026-06-25
SZ300209,行云科技,SZ,chi_next,sz.300209,1,myquant-strategy,2026-06-25
SZ300210,森远股份,SZ,chi_next,sz.300210,1,myquant-strategy,2026-06-25
SZ300211,*ST亿通,SZ,chi_next,sz.300211,1,myquant-strategy,2026-06-25
SZ300212,易华录,SZ,chi_next,sz.300212,1,myquant-strategy,2026-06-25
SZ300213,佳讯飞鸿,SZ,chi_next,sz.300213,1,myquant-strategy,2026-06-25
SZ300214,日科化学,SZ,chi_next,sz.300214,1,myquant-strategy,2026-06-25
SZ300215,电科院,SZ,chi_next,sz.300215,1,myquant-strategy,2026-06-25
SZ300217,东方电热,SZ,chi_next,sz.300217,1,myquant-strategy,2026-06-25
SZ300218,安利股份,SZ,chi_next,sz.300218,1,myquant-strategy,2026-06-25
SZ300219,鸿利智汇,SZ,chi_next,sz.300219,1,myquant-strategy,2026-06-25
SZ300220,金运激光,SZ,chi_next,sz.300220,1,myquant-strategy,2026-06-25
SZ300221,银禧科技,SZ,chi_next,sz.300221,1,myquant-strategy,2026-06-25
SZ300222,科大智能,SZ,chi_next,sz.300222,1,myquant-strategy,2026-06-25
SZ300223,北京君正,SZ,chi_next,sz.300223,1,myquant-strategy,2026-06-25
SZ300224,正海磁材,SZ,chi_next,sz.300224,1,myquant-strategy,2026-06-25
SZ300225,*ST金泰,SZ,chi_next,sz.300225,1,myquant-strategy,2026-06-25
SZ300226,上海钢联,SZ,chi_next,sz.300226,1,myquant-strategy,2026-06-25
SZ300227,光韵达,SZ,chi_next,sz.300227,1,myquant-strategy,2026-06-25
SZ300228,富瑞特装,SZ,chi_next,sz.300228,1,myquant-strategy,2026-06-25
SZ300229,拓尔思,SZ,chi_next,sz.300229,1,myquant-strategy,2026-06-25
SZ300230,永利股份,SZ,chi_next,sz.300230,1,myquant-strategy,2026-06-25
SZ300231,银信科技,SZ,chi_next,sz.300231,1,myquant-strategy,2026-06-25
SZ300232,洲明科技,SZ,chi_next,sz.300232,1,myquant-strategy,2026-06-25
SZ300233,金城医药,SZ,chi_next,sz.300233,1,myquant-strategy,2026-06-25
SZ300234,开尔新材,SZ,chi_next,sz.300234,1,myquant-strategy,2026-06-25
SZ300235,方直科技,SZ,chi_next,sz.300235,1,myquant-strategy,2026-06-25
SZ300236,上海新阳,SZ,chi_next,sz.300236,1,myquant-strategy,2026-06-25
SZ300237,ST美晨,SZ,chi_next,sz.300237,1,myquant-strategy,2026-06-25
SZ300238,冠昊生物,SZ,chi_next,sz.300238,1,myquant-strategy,2026-06-25
SZ300239,东宝生物,SZ,chi_next,sz.300239,1,myquant-strategy,2026-06-25
SZ300240,飞力达,SZ,chi_next,sz.300240,1,myquant-strategy,2026-06-25
SZ300241,瑞丰光电,SZ,chi_next,sz.300241,1,myquant-strategy,2026-06-25
SZ300242,佳云科技,SZ,chi_next,sz.300242,1,myquant-strategy,2026-06-25
SZ300243,瑞丰高材,SZ,chi_next,sz.300243,1,myquant-strategy,2026-06-25
SZ300244,迪安诊断,SZ,chi_next,sz.300244,1,myquant-strategy,2026-06-25
SZ300245,天玑科技,SZ,chi_next,sz.300245,1,myquant-strategy,2026-06-25
SZ300246,宝莱特,SZ,chi_next,sz.300246,1,myquant-strategy,2026-06-25
SZ300247,融捷健康,SZ,chi_next,sz.300247,1,myquant-strategy,2026-06-25
SZ300248,新开普,SZ,chi_next,sz.300248,1,myquant-strategy,2026-06-25
SZ300249,依米康,SZ,chi_next,sz.300249,1,myquant-strategy,2026-06-25
SZ300250,初灵信息,SZ,chi_next,sz.300250,1,myquant-strategy,2026-06-25
SZ300251,光线传媒,SZ,chi_next,sz.300251,1,myquant-strategy,2026-06-25
SZ300252,金信诺,SZ,chi_next,sz.300252,1,myquant-strategy,2026-06-25
SZ300253,卫宁健康,SZ,chi_next,sz.300253,1,myquant-strategy,2026-06-25
SZ300254,仟源医药,SZ,chi_next,sz.300254,1,myquant-strategy,2026-06-25
SZ300255,常山药业,SZ,chi_next,sz.300255,1,myquant-strategy,2026-06-25
SZ300256,星星科技,SZ,chi_next,sz.300256,1,myquant-strategy,2026-06-25
SZ300257,开山股份,SZ,chi_next,sz.300257,1,myquant-strategy,2026-06-25
SZ300258,精锻科技,SZ,chi_next,sz.300258,1,myquant-strategy,2026-06-25
SZ300259,新天科技,SZ,chi_next,sz.300259,1,myquant-strategy,2026-06-25
SZ300260,新莱应材,SZ,chi_next,sz.300260,1,myquant-strategy,2026-06-25
SZ300261,雅本化学,SZ,chi_next,sz.300261,1,myquant-strategy,2026-06-25
SZ300263,隆华科技,SZ,chi_next,sz.300263,1,myquant-strategy,2026-06-25
SZ300264,佳创视讯,SZ,chi_next,sz.300264,1,myquant-strategy,2026-06-25
SZ300265,通光线缆,SZ,chi_next,sz.300265,1,myquant-strategy,2026-06-25
SZ300266,兴源环境,SZ,chi_next,sz.300266,1,myquant-strategy,2026-06-25
SZ300267,尔康制药,SZ,chi_next,sz.300267,1,myquant-strategy,2026-06-25
SZ300268,*ST佳沃,SZ,chi_next,sz.300268,1,myquant-strategy,2026-06-25
SZ300269,联建光电,SZ,chi_next,sz.300269,1,myquant-strategy,2026-06-25
SZ300270,中威电子,SZ,chi_next,sz.300270,1,myquant-strategy,2026-06-25
SZ300271,华宇软件,SZ,chi_next,sz.300271,1,myquant-strategy,2026-06-25
SZ300272,开能健康,SZ,chi_next,sz.300272,1,myquant-strategy,2026-06-25
SZ300274,阳光电源,SZ,chi_next,sz.300274,1,myquant-strategy,2026-06-25
SZ300275,梅安森,SZ,chi_next,sz.300275,1,myquant-strategy,2026-06-25
SZ300276,三丰智能,SZ,chi_next,sz.300276,1,myquant-strategy,2026-06-25
SZ300277,海联讯,SZ,chi_next,sz.300277,1,myquant-strategy,2026-06-25
SZ300278,华昌达,SZ,chi_next,sz.300278,1,myquant-strategy,2026-06-25
SZ300279,和晶科技,SZ,chi_next,sz.300279,1,myquant-strategy,2026-06-25
SZ300281,金明精机,SZ,chi_next,sz.300281,1,myquant-strategy,2026-06-25
SZ300283,温州宏丰,SZ,chi_next,sz.300283,1,myquant-strategy,2026-06-25
SZ300284,苏交科,SZ,chi_next,sz.300284,1,myquant-strategy,2026-06-25
SZ300285,国瓷材料,SZ,chi_next,sz.300285,1,myquant-strategy,2026-06-25
SZ300286,安科瑞,SZ,chi_next,sz.300286,1,myquant-strategy,2026-06-25
SZ300287,飞利信,SZ,chi_next,sz.300287,1,myquant-strategy,2026-06-25
SZ300288,朗玛信息,SZ,chi_next,sz.300288,1,myquant-strategy,2026-06-25
SZ300289,利德曼,SZ,chi_next,sz.300289,1,myquant-strategy,2026-06-25
SZ300290,荣科科技,SZ,chi_next,sz.300290,1,myquant-strategy,2026-06-25
SZ300291,百纳千成,SZ,chi_next,sz.300291,1,myquant-strategy,2026-06-25
SZ300292,吴通控股,SZ,chi_next,sz.300292,1,myquant-strategy,2026-06-25
SZ300293,蓝英装备,SZ,chi_next,sz.300293,1,myquant-strategy,2026-06-25
SZ300294,博雅生物,SZ,chi_next,sz.300294,1,myquant-strategy,2026-06-25
SZ300295,三六五网,SZ,chi_next,sz.300295,1,myquant-strategy,2026-06-25
SZ300296,利亚德,SZ,chi_next,sz.300296,1,myquant-strategy,2026-06-25
SZ300298,三诺生物,SZ,chi_next,sz.300298,1,myquant-strategy,2026-06-25
SZ300299,富春股份,SZ,chi_next,sz.300299,1,myquant-strategy,2026-06-25
SZ300300,海峡创新,SZ,chi_next,sz.300300,1,myquant-strategy,2026-06-25
SZ300301,ST长方,SZ,chi_next,sz.300301,1,myquant-strategy,2026-06-25
SZ300302,同有科技,SZ,chi_next,sz.300302,1,myquant-strategy,2026-06-25
SZ300303,聚飞光电,SZ,chi_next,sz.300303,1,myquant-strategy,2026-06-25
SZ300304,云意电气,SZ,chi_next,sz.300304,1,myquant-strategy,2026-06-25
SZ300305,裕兴股份,SZ,chi_next,sz.300305,1,myquant-strategy,2026-06-25
SZ300306,远方信息,SZ,chi_next,sz.300306,1,myquant-strategy,2026-06-25
SZ300307,慈星股份,SZ,chi_next,sz.300307,1,myquant-strategy,2026-06-25
SZ300308,中际旭创,SZ,chi_next,sz.300308,1,myquant-strategy,2026-06-25
SZ300310,宜通世纪,SZ,chi_next,sz.300310,1,myquant-strategy,2026-06-25
SZ300311,ST任子行,SZ,chi_next,sz.300311,1,myquant-strategy,2026-06-25
SZ300313,*ST天山,SZ,chi_next,sz.300313,1,myquant-strategy,2026-06-25
SZ300314,戴维医疗,SZ,chi_next,sz.300314,1,myquant-strategy,2026-06-25
SZ300315,掌趣科技,SZ,chi_next,sz.300315,1,myquant-strategy,2026-06-25
SZ300316,晶盛机电,SZ,chi_next,sz.300316,1,myquant-strategy,2026-06-25
SZ300317,珈伟新能,SZ,chi_next,sz.300317,1,myquant-strategy,2026-06-25
SZ300318,博晖创新,SZ,chi_next,sz.300318,1,myquant-strategy,2026-06-25
SZ300319,麦捷科技,SZ,chi_next,sz.300319,1,myquant-strategy,2026-06-25
SZ300320,海达股份,SZ,chi_next,sz.300320,1,myquant-strategy,2026-06-25
SZ300321,同大股份,SZ,chi_next,sz.300321,1,myquant-strategy,2026-06-25
SZ300322,硕贝德,SZ,chi_next,sz.300322,1,myquant-strategy,2026-06-25
SZ300323,华灿光电,SZ,chi_next,sz.300323,1,myquant-strategy,2026-06-25
SZ300324,旋极信息,SZ,chi_next,sz.300324,1,myquant-strategy,2026-06-25
SZ300326,ST凯利,SZ,chi_next,sz.300326,1,myquant-strategy,2026-06-25
SZ300327,中颖电子,SZ,chi_next,sz.300327,1,myquant-strategy,2026-06-25
SZ300328,宜安科技,SZ,chi_next,sz.300328,1,myquant-strategy,2026-06-25
SZ300329,海伦钢琴,SZ,chi_next,sz.300329,1,myquant-strategy,2026-06-25
SZ300331,苏大维格,SZ,chi_next,sz.300331,1,myquant-strategy,2026-06-25
SZ300332,天壕能源,SZ,chi_next,sz.300332,1,myquant-strategy,2026-06-25
SZ300333,兆日科技,SZ,chi_next,sz.300333,1,myquant-strategy,2026-06-25
SZ300334,津膜科技,SZ,chi_next,sz.300334,1,myquant-strategy,2026-06-25
SZ300335,迪森股份,SZ,chi_next,sz.300335,1,myquant-strategy,2026-06-25
SZ300337,银邦股份,SZ,chi_next,sz.300337,1,myquant-strategy,2026-06-25
SZ300338,ST开元,SZ,chi_next,sz.300338,1,myquant-strategy,2026-06-25
SZ300339,润和软件,SZ,chi_next,sz.300339,1,myquant-strategy,2026-06-25
SZ300340,科恒股份,SZ,chi_next,sz.300340,1,myquant-strategy,2026-06-25
SZ300341,麦克奥迪,SZ,chi_next,sz.300341,1,myquant-strategy,2026-06-25
SZ300342,天银机电,SZ,chi_next,sz.300342,1,myquant-strategy,2026-06-25
SZ300343,ST联创,SZ,chi_next,sz.300343,1,myquant-strategy,2026-06-25
SZ300344,*ST立方,SZ,chi_next,sz.300344,0,myquant-strategy,2026-06-25
SZ300345,华民股份,SZ,chi_next,sz.300345,1,myquant-strategy,2026-06-25
SZ300346,南大光电,SZ,chi_next,sz.300346,1,myquant-strategy,2026-06-25
SZ300347,泰格医药,SZ,chi_next,sz.300347,1,myquant-strategy,2026-06-25
SZ300348,长亮科技,SZ,chi_next,sz.300348,1,myquant-strategy,2026-06-25
SZ300349,金卡智能,SZ,chi_next,sz.300349,1,myquant-strategy,2026-06-25
SZ300350,华鹏飞,SZ,chi_next,sz.300350,1,myquant-strategy,2026-06-25
SZ300351,永贵电器,SZ,chi_next,sz.300351,1,myquant-strategy,2026-06-25
SZ300352,北信源,SZ,chi_next,sz.300352,1,myquant-strategy,2026-06-25
SZ300353,东土科技,SZ,chi_next,sz.300353,1,myquant-strategy,2026-06-25
SZ300354,东华测试,SZ,chi_next,sz.300354,1,myquant-strategy,2026-06-25
SZ300355,蒙草生态,SZ,chi_next,sz.300355,1,myquant-strategy,2026-06-25
SZ300357,我武生物,SZ,chi_next,sz.300357,1,myquant-strategy,2026-06-25
SZ300358,楚天科技,SZ,chi_next,sz.300358,1,myquant-strategy,2026-06-25
SZ300359,全通教育,SZ,chi_next,sz.300359,1,myquant-strategy,2026-06-25
SZ300360,炬华科技,SZ,chi_next,sz.300360,1,myquant-strategy,2026-06-25
SZ300363,博腾股份,SZ,chi_next,sz.300363,1,myquant-strategy,2026-06-25
SZ300364,中文在线,SZ,chi_next,sz.300364,1,myquant-strategy,2026-06-25
SZ300365,恒华科技,SZ,chi_next,sz.300365,1,myquant-strategy,2026-06-25
SZ300366,ST创意,SZ,chi_next,sz.300366,1,myquant-strategy,2026-06-25
SZ300368,汇金股份,SZ,chi_next,sz.300368,1,myquant-strategy,2026-06-25
SZ300369,绿盟科技,SZ,chi_next,sz.300369,1,myquant-strategy,2026-06-25
SZ300370,安控科技,SZ,chi_next,sz.300370,1,myquant-strategy,2026-06-25
SZ300371,汇中股份,SZ,chi_next,sz.300371,1,myquant-strategy,2026-06-25
SZ300373,扬杰科技,SZ,chi_next,sz.300373,1,myquant-strategy,2026-06-25
SZ300374,中铁装配,SZ,chi_next,sz.300374,1,myquant-strategy,2026-06-25
SZ300375,鹏翎股份,SZ,chi_next,sz.300375,1,myquant-strategy,2026-06-25
SZ300376,易事特,SZ,chi_next,sz.300376,1,myquant-strategy,2026-06-25
SZ300377,赢时胜,SZ,chi_next,sz.300377,1,myquant-strategy,2026-06-25
SZ300378,鼎捷数智,SZ,chi_next,sz.300378,1,myquant-strategy,2026-06-25
SZ300380,安硕信息,SZ,chi_next,sz.300380,1,myquant-strategy,2026-06-25
SZ300381,溢多利,SZ,chi_next,sz.300381,1,myquant-strategy,2026-06-25
SZ300382,斯莱克,SZ,chi_next,sz.300382,1,myquant-strategy,2026-06-25
SZ300383,光环新网,SZ,chi_next,sz.300383,1,myquant-strategy,2026-06-25
SZ300384,三联虹普,SZ,chi_next,sz.300384,1,myquant-strategy,2026-06-25
SZ300385,雪浪环境,SZ,chi_next,sz.300385,1,myquant-strategy,2026-06-25
SZ300386,飞天诚信,SZ,chi_next,sz.300386,1,myquant-strategy,2026-06-25
SZ300387,富邦科技,SZ,chi_next,sz.300387,1,myquant-strategy,2026-06-25
SZ300388,节能国祯,SZ,chi_next,sz.300388,1,myquant-strategy,2026-06-25
SZ300389,艾比森,SZ,chi_next,sz.300389,1,myquant-strategy,2026-06-25
SZ300390,天华新能,SZ,chi_next,sz.300390,1,myquant-strategy,2026-06-25
SZ300391,*ST长药,SZ,chi_next,sz.300391,0,myquant-strategy,2026-06-25
SZ300393,中来股份,SZ,chi_next,sz.300393,1,myquant-strategy,2026-06-25
SZ300394,天孚通信,SZ,chi_next,sz.300394,1,myquant-strategy,2026-06-25
SZ300395,菲利华,SZ,chi_next,sz.300395,1,myquant-strategy,2026-06-25
SZ300396,迪瑞医疗,SZ,chi_next,sz.300396,1,myquant-strategy,2026-06-25
SZ300397,天和防务,SZ,chi_next,sz.300397,1,myquant-strategy,2026-06-25
SZ300398,飞凯材料,SZ,chi_next,sz.300398,1,myquant-strategy,2026-06-25
SZ300399,天利科技,SZ,chi_next,sz.300399,1,myquant-strategy,2026-06-25
SZ300400,劲拓股份,SZ,chi_next,sz.300400,1,myquant-strategy,2026-06-25
SZ300401,花园生物,SZ,chi_next,sz.300401,1,myquant-strategy,2026-06-25
SZ300402,宝色股份,SZ,chi_next,sz.300402,1,myquant-strategy,2026-06-25
SZ300403,汉宇集团,SZ,chi_next,sz.300403,1,myquant-strategy,2026-06-25
SZ300404,博济医药,SZ,chi_next,sz.300404,1,myquant-strategy,2026-06-25
SZ300405,科隆股份,SZ,chi_next,sz.300405,1,myquant-strategy,2026-06-25
SZ300406,九强生物,SZ,chi_next,sz.300406,1,myquant-strategy,2026-06-25
SZ300407,凯发电气,SZ,chi_next,sz.300407,1,myquant-strategy,2026-06-25
SZ300408,三环集团,SZ,chi_next,sz.300408,1,myquant-strategy,2026-06-25
SZ300409,道氏技术,SZ,chi_next,sz.300409,1,myquant-strategy,2026-06-25
SZ300410,正业科技,SZ,chi_next,sz.300410,1,myquant-strategy,2026-06-25
SZ300411,金盾股份,SZ,chi_next,sz.300411,1,myquant-strategy,2026-06-25
SZ300412,迦南科技,SZ,chi_next,sz.300412,1,myquant-strategy,2026-06-25
SZ300413,芒果超媒,SZ,chi_next,sz.300413,1,myquant-strategy,2026-06-25
SZ300414,中光防雷,SZ,chi_next,sz.300414,1,myquant-strategy,2026-06-25
SZ300415,伊之密,SZ,chi_next,sz.300415,1,myquant-strategy,2026-06-25
SZ300416,苏试试验,SZ,chi_next,sz.300416,1,myquant-strategy,2026-06-25
SZ300417,南华仪器,SZ,chi_next,sz.300417,1,myquant-strategy,2026-06-25
SZ300418,昆仑万维,SZ,chi_next,sz.300418,1,myquant-strategy,2026-06-25
SZ300419,ST浩丰,SZ,chi_next,sz.300419,1,myquant-strategy,2026-06-25
SZ300420,五洋自控,SZ,chi_next,sz.300420,1,myquant-strategy,2026-06-25
SZ300421,力星股份,SZ,chi_next,sz.300421,1,myquant-strategy,2026-06-25
SZ300422,博世科,SZ,chi_next,sz.300422,1,myquant-strategy,2026-06-25
SZ300423,昇辉科技,SZ,chi_next,sz.300423,1,myquant-strategy,2026-06-25
SZ300424,航新科技,SZ,chi_next,sz.300424,1,myquant-strategy,2026-06-25
SZ300425,中建环能,SZ,chi_next,sz.300425,1,myquant-strategy,2026-06-25
SZ300426,华智数媒,SZ,chi_next,sz.300426,1,myquant-strategy,2026-06-25
SZ300427,红相股份,SZ,chi_next,sz.300427,1,myquant-strategy,2026-06-25
SZ300428,立中集团,SZ,chi_next,sz.300428,1,myquant-strategy,2026-06-25
SZ300429,强力新材,SZ,chi_next,sz.300429,1,myquant-strategy,2026-06-25
SZ300430,诚益通,SZ,chi_next,sz.300430,1,myquant-strategy,2026-06-25
SZ300432,富临精工,SZ,chi_next,sz.300432,1,myquant-strategy,2026-06-25
SZ300433,蓝思科技,SZ,chi_next,sz.300433,1,myquant-strategy,2026-06-25
SZ300434,金石亚药,SZ,chi_next,sz.300434,1,myquant-strategy,2026-06-25
SZ300435,中泰股份,SZ,chi_next,sz.300435,1,myquant-strategy,2026-06-25
SZ300436,广生堂,SZ,chi_next,sz.300436,1,myquant-strategy,2026-06-25
SZ300437,清水源,SZ,chi_next,sz.300437,1,myquant-strategy,2026-06-25
SZ300438,鹏辉能源,SZ,chi_next,sz.300438,1,myquant-strategy,2026-06-25
SZ300439,美康生物,SZ,chi_next,sz.300439,1,myquant-strategy,2026-06-25
SZ300440,运达科技,SZ,chi_next,sz.300440,1,myquant-strategy,2026-06-25
SZ300441,鲍斯股份,SZ,chi_next,sz.300441,1,myquant-strategy,2026-06-25
SZ300442,润泽科技,SZ,chi_next,sz.300442,1,myquant-strategy,2026-06-25
SZ300443,金雷股份,SZ,chi_next,sz.300443,1,myquant-strategy,2026-06-25
SZ300444,双杰电气,SZ,chi_next,sz.300444,1,myquant-strategy,2026-06-25
SZ300445,康斯特,SZ,chi_next,sz.300445,1,myquant-strategy,2026-06-25
SZ300446,航天智造,SZ,chi_next,sz.300446,1,myquant-strategy,2026-06-25
SZ300447,全信股份,SZ,chi_next,sz.300447,1,myquant-strategy,2026-06-25
SZ300448,浩云科技,SZ,chi_next,sz.300448,1,myquant-strategy,2026-06-25
SZ300449,汉邦高科,SZ,chi_next,sz.300449,1,myquant-strategy,2026-06-25
SZ300450,先导智能,SZ,chi_next,sz.300450,1,myquant-strategy,2026-06-25
SZ300451,创业慧康,SZ,chi_next,sz.300451,1,myquant-strategy,2026-06-25
SZ300452,山河药辅,SZ,chi_next,sz.300452,1,myquant-strategy,2026-06-25
SZ300453,三鑫医疗,SZ,chi_next,sz.300453,1,myquant-strategy,2026-06-25
SZ300454,深信服,SZ,chi_next,sz.300454,1,myquant-strategy,2026-06-25
SZ300455,航天智装,SZ,chi_next,sz.300455,1,myquant-strategy,2026-06-25
SZ300456,赛微电子,SZ,chi_next,sz.300456,1,myquant-strategy,2026-06-25
SZ300457,赢合科技,SZ,chi_next,sz.300457,1,myquant-strategy,2026-06-25
SZ300458,全志科技,SZ,chi_next,sz.300458,1,myquant-strategy,2026-06-25
SZ300459,汤姆猫,SZ,chi_next,sz.300459,1,myquant-strategy,2026-06-25
SZ300460,ST惠伦,SZ,chi_next,sz.300460,1,myquant-strategy,2026-06-25
SZ300461,田中精机,SZ,chi_next,sz.300461,1,myquant-strategy,2026-06-25
SZ300462,ST华铭,SZ,chi_next,sz.300462,1,myquant-strategy,2026-06-25
SZ300463,迈克生物,SZ,chi_next,sz.300463,1,myquant-strategy,2026-06-25
SZ300464,星徽股份,SZ,chi_next,sz.300464,1,myquant-strategy,2026-06-25
SZ300465,高伟达,SZ,chi_next,sz.300465,1,myquant-strategy,2026-06-25
SZ300466,赛摩智能,SZ,chi_next,sz.300466,1,myquant-strategy,2026-06-25
SZ300467,迅游科技,SZ,chi_next,sz.300467,1,myquant-strategy,2026-06-25
SZ300468,四方精创,SZ,chi_next,sz.300468,1,myquant-strategy,2026-06-25
SZ300469,信息发展,SZ,chi_next,sz.300469,1,myquant-strategy,2026-06-25
SZ300470,中密控股,SZ,chi_next,sz.300470,1,myquant-strategy,2026-06-25
SZ300471,厚普股份,SZ,chi_next,sz.300471,1,myquant-strategy,2026-06-25
SZ300472,*ST新元,SZ,chi_next,sz.300472,1,myquant-strategy,2026-06-25
SZ300473,德尔股份,SZ,chi_next,sz.300473,1,myquant-strategy,2026-06-25
SZ300474,景嘉微,SZ,chi_next,sz.300474,1,myquant-strategy,2026-06-25
SZ300475,香农芯创,SZ,chi_next,sz.300475,1,myquant-strategy,2026-06-25
SZ300476,胜宏科技,SZ,chi_next,sz.300476,1,myquant-strategy,2026-06-25
SZ300477,ST合纵,SZ,chi_next,sz.300477,1,myquant-strategy,2026-06-25
SZ300478,杭州高新,SZ,chi_next,sz.300478,1,myquant-strategy,2026-06-25
SZ300479,神思电子,SZ,chi_next,sz.300479,1,myquant-strategy,2026-06-25
SZ300480,光力科技,SZ,chi_next,sz.300480,1,myquant-strategy,2026-06-25
SZ300481,濮阳惠成,SZ,chi_next,sz.300481,1,myquant-strategy,2026-06-25
SZ300482,万孚生物,SZ,chi_next,sz.300482,1,myquant-strategy,2026-06-25
SZ300483,首华燃气,SZ,chi_next,sz.300483,1,myquant-strategy,2026-06-25
SZ300484,蓝海华腾,SZ,chi_next,sz.300484,1,myquant-strategy,2026-06-25
SZ300485,赛升药业,SZ,chi_next,sz.300485,1,myquant-strategy,2026-06-25
SZ300486,东杰智能,SZ,chi_next,sz.300486,1,myquant-strategy,2026-06-25
SZ300487,蓝晓科技,SZ,chi_next,sz.300487,1,myquant-strategy,2026-06-25
SZ300488,恒锋工具,SZ,chi_next,sz.300488,1,myquant-strategy,2026-06-25
SZ300489,光智科技,SZ,chi_next,sz.300489,1,myquant-strategy,2026-06-25
SZ300490,华自科技,SZ,chi_next,sz.300490,1,myquant-strategy,2026-06-25
SZ300491,通合科技,SZ,chi_next,sz.300491,1,myquant-strategy,2026-06-25
SZ300492,华图山鼎,SZ,chi_next,sz.300492,1,myquant-strategy,2026-06-25
SZ300493,润欣科技,SZ,chi_next,sz.300493,1,myquant-strategy,2026-06-25
SZ300494,盛天网络,SZ,chi_next,sz.300494,1,myquant-strategy,2026-06-25
SZ300496,中科创达,SZ,chi_next,sz.300496,1,myquant-strategy,2026-06-25
SZ300497,富祥药业,SZ,chi_next,sz.300497,1,myquant-strategy,2026-06-25
SZ300498,温氏股份,SZ,chi_next,sz.300498,1,myquant-strategy,2026-06-25
SZ300499,高澜股份,SZ,chi_next,sz.300499,1,myquant-strategy,2026-06-25
SZ300500,启迪设计,SZ,chi_next,sz.300500,1,myquant-strategy,2026-06-25
SZ300501,海顺新材,SZ,chi_next,sz.300501,1,myquant-strategy,2026-06-25
SZ300502,新易盛,SZ,chi_next,sz.300502,1,myquant-strategy,2026-06-25
SZ300503,昊志机电,SZ,chi_next,sz.300503,1,myquant-strategy,2026-06-25
SZ300504,天邑股份,SZ,chi_next,sz.300504,1,myquant-strategy,2026-06-25
SZ300505,川金诺,SZ,chi_next,sz.300505,1,myquant-strategy,2026-06-25
SZ300506,ST名家汇,SZ,chi_next,sz.300506,1,myquant-strategy,2026-06-25
SZ300507,苏奥传感,SZ,chi_next,sz.300507,1,myquant-strategy,2026-06-25
SZ300508,维宏股份,SZ,chi_next,sz.300508,1,myquant-strategy,2026-06-25
SZ300509,新美星,SZ,chi_next,sz.300509,1,myquant-strategy,2026-06-25
SZ300510,金冠股份,SZ,chi_next,sz.300510,1,myquant-strategy,2026-06-25
SZ300511,雪榕生物,SZ,chi_next,sz.300511,1,myquant-strategy,2026-06-25
SZ300512,中亚股份,SZ,chi_next,sz.300512,1,myquant-strategy,2026-06-25
SZ300513,恒实科技,SZ,chi_next,sz.300513,1,myquant-strategy,2026-06-25
SZ300514,友讯达,SZ,chi_next,sz.300514,1,myquant-strategy,2026-06-25
SZ300515,三德科技,SZ,chi_next,sz.300515,1,myquant-strategy,2026-06-25
SZ300516,久之洋,SZ,chi_next,sz.300516,1,myquant-strategy,2026-06-25
SZ300517,海波重科,SZ,chi_next,sz.300517,1,myquant-strategy,2026-06-25
SZ300518,新迅达,SZ,chi_next,sz.300518,1,myquant-strategy,2026-06-25
SZ300519,新光药业,SZ,chi_next,sz.300519,1,myquant-strategy,2026-06-25
SZ300520,科大国创,SZ,chi_next,sz.300520,1,myquant-strategy,2026-06-25
SZ300521,爱司凯,SZ,chi_next,sz.300521,1,myquant-strategy,2026-06-25
SZ300522,世名科技,SZ,chi_next,sz.300522,1,myquant-strategy,2026-06-25
SZ300523,辰安科技,SZ,chi_next,sz.300523,1,myquant-strategy,2026-06-25
SZ300525,博思软件,SZ,chi_next,sz.300525,1,myquant-strategy,2026-06-25
SZ300527,ST应急,SZ,chi_next,sz.300527,1,myquant-strategy,2026-06-25
SZ300528,幸福蓝海,SZ,chi_next,sz.300528,1,myquant-strategy,2026-06-25
SZ300529,健帆生物,SZ,chi_next,sz.300529,1,myquant-strategy,2026-06-25
SZ300530,领湃科技,SZ,chi_next,sz.300530,1,myquant-strategy,2026-06-25
SZ300531,优博讯,SZ,chi_next,sz.300531,1,myquant-strategy,2026-06-25
SZ300532,今天国际,SZ,chi_next,sz.300532,1,myquant-strategy,2026-06-25
SZ300533,冰川网络,SZ,chi_next,sz.300533,1,myquant-strategy,2026-06-25
SZ300534,陇神戎发,SZ,chi_next,sz.300534,1,myquant-strategy,2026-06-25
SZ300535,达威股份,SZ,chi_next,sz.300535,1,myquant-strategy,2026-06-25
SZ300536,农尚环境,SZ,chi_next,sz.300536,1,myquant-strategy,2026-06-25
SZ300537,广信材料,SZ,chi_next,sz.300537,1,myquant-strategy,2026-06-25
SZ300538,同益股份,SZ,chi_next,sz.300538,1,myquant-strategy,2026-06-25
SZ300539,横河精密,SZ,chi_next,sz.300539,1,myquant-strategy,2026-06-25
SZ300540,蜀道装备,SZ,chi_next,sz.300540,1,myquant-strategy,2026-06-25
SZ300541,先进数通,SZ,chi_next,sz.300541,1,myquant-strategy,2026-06-25
SZ300542,新晨科技,SZ,chi_next,sz.300542,1,myquant-strategy,2026-06-25
SZ300543,朗科智能,SZ,chi_next,sz.300543,1,myquant-strategy,2026-06-25
SZ300545,联得装备,SZ,chi_next,sz.300545,1,myquant-strategy,2026-06-25
SZ300546,雄帝科技,SZ,chi_next,sz.300546,1,myquant-strategy,2026-06-25
SZ300547,川环科技,SZ,chi_next,sz.300547,1,myquant-strategy,2026-06-25
SZ300548,长芯博创,SZ,chi_next,sz.300548,1,myquant-strategy,2026-06-25
SZ300549,优德精密,SZ,chi_next,sz.300549,1,myquant-strategy,2026-06-25
SZ300550,和仁科技,SZ,chi_next,sz.300550,1,myquant-strategy,2026-06-25
SZ300551,古鳌科技,SZ,chi_next,sz.300551,1,myquant-strategy,2026-06-25
SZ300552,万集科技,SZ,chi_next,sz.300552,1,myquant-strategy,2026-06-25
SZ300553,集智股份,SZ,chi_next,sz.300553,1,myquant-strategy,2026-06-25
SZ300554,三超新材,SZ,chi_next,sz.300554,1,myquant-strategy,2026-06-25
SZ300555,ST路通,SZ,chi_next,sz.300555,1,myquant-strategy,2026-06-25
SZ300556,丝路视觉,SZ,chi_next,sz.300556,1,myquant-strategy,2026-06-25
SZ300557,理工光科,SZ,chi_next,sz.300557,1,myquant-strategy,2026-06-25
SZ300558,贝达药业,SZ,chi_next,sz.300558,1,myquant-strategy,2026-06-25
SZ300559,佳发教育,SZ,chi_next,sz.300559,1,myquant-strategy,2026-06-25
SZ300560,中富通,SZ,chi_next,sz.300560,1,myquant-strategy,2026-06-25
SZ300561,*ST汇科,SZ,chi_next,sz.300561,1,myquant-strategy,2026-06-25
SZ300562,乐心医疗,SZ,chi_next,sz.300562,1,myquant-strategy,2026-06-25
SZ300563,神宇股份,SZ,chi_next,sz.300563,1,myquant-strategy,2026-06-25
SZ300564,筑博设计,SZ,chi_next,sz.300564,1,myquant-strategy,2026-06-25
SZ300565,科信技术,SZ,chi_next,sz.300565,1,myquant-strategy,2026-06-25
SZ300566,激智科技,SZ,chi_next,sz.300566,1,myquant-strategy,2026-06-25
SZ300567,精测电子,SZ,chi_next,sz.300567,1,myquant-strategy,2026-06-25
SZ300568,星源材质,SZ,chi_next,sz.300568,1,myquant-strategy,2026-06-25
SZ300569,天能重工,SZ,chi_next,sz.300569,1,myquant-strategy,2026-06-25
SZ300570,太辰光,SZ,chi_next,sz.300570,1,myquant-strategy,2026-06-25
SZ300571,平治信息,SZ,chi_next,sz.300571,1,myquant-strategy,2026-06-25
SZ300572,安车检测,SZ,chi_next,sz.300572,1,myquant-strategy,2026-06-25
SZ300573,兴齐眼药,SZ,chi_next,sz.300573,1,myquant-strategy,2026-06-25
SZ300575,中旗股份,SZ,chi_next,sz.300575,1,myquant-strategy,2026-06-25
SZ300576,容大感光,SZ,chi_next,sz.300576,1,myquant-strategy,2026-06-25
SZ300577,开润股份,SZ,chi_next,sz.300577,1,myquant-strategy,2026-06-25
SZ300578,会畅科技,SZ,chi_next,sz.300578,1,myquant-strategy,2026-06-25
SZ300579,数字认证,SZ,chi_next,sz.300579,1,myquant-strategy,2026-06-25
SZ300580,贝斯特,SZ,chi_next,sz.300580,1,myquant-strategy,2026-06-25
SZ300581,晨曦航空,SZ,chi_next,sz.300581,1,myquant-strategy,2026-06-25
SZ300582,英飞特,SZ,chi_next,sz.300582,1,myquant-strategy,2026-06-25
SZ300583,赛托生物,SZ,chi_next,sz.300583,1,myquant-strategy,2026-06-25
SZ300584,海辰药业,SZ,chi_next,sz.300584,1,myquant-strategy,2026-06-25
SZ300585,奥联电子,SZ,chi_next,sz.300585,1,myquant-strategy,2026-06-25
SZ300586,美联新材,SZ,chi_next,sz.300586,1,myquant-strategy,2026-06-25
SZ300587,天铁科技,SZ,chi_next,sz.300587,1,myquant-strategy,2026-06-25
SZ300588,熙菱信息,SZ,chi_next,sz.300588,1,myquant-strategy,2026-06-25
SZ300589,江龙船艇,SZ,chi_next,sz.300589,1,myquant-strategy,2026-06-25
SZ300590,移为通信,SZ,chi_next,sz.300590,1,myquant-strategy,2026-06-25
SZ300591,万里马,SZ,chi_next,sz.300591,1,myquant-strategy,2026-06-25
SZ300592,华凯易佰,SZ,chi_next,sz.300592,1,myquant-strategy,2026-06-25
SZ300593,新雷能,SZ,chi_next,sz.300593,1,myquant-strategy,2026-06-25
SZ300594,朗进科技,SZ,chi_next,sz.300594,1,myquant-strategy,2026-06-25
SZ300595,欧普康视,SZ,chi_next,sz.300595,1,myquant-strategy,2026-06-25
SZ300596,利安隆,SZ,chi_next,sz.300596,1,myquant-strategy,2026-06-25
SZ300597,吉大通信,SZ,chi_next,sz.300597,1,myquant-strategy,2026-06-25
SZ300598,诚迈科技,SZ,chi_next,sz.300598,1,myquant-strategy,2026-06-25
SZ300599,雄塑科技,SZ,chi_next,sz.300599,1,myquant-strategy,2026-06-25
SZ300600,国瑞科技,SZ,chi_next,sz.300600,1,myquant-strategy,2026-06-25
SZ300601,康泰生物,SZ,chi_next,sz.300601,1,myquant-strategy,2026-06-25
SZ300602,飞荣达,SZ,chi_next,sz.300602,1,myquant-strategy,2026-06-25
SZ300603,立昂技术,SZ,chi_next,sz.300603,1,myquant-strategy,2026-06-25
SZ300604,长川科技,SZ,chi_next,sz.300604,1,myquant-strategy,2026-06-25
SZ300605,恒锋信息,SZ,chi_next,sz.300605,1,myquant-strategy,2026-06-25
SZ300606,金太阳,SZ,chi_next,sz.300606,1,myquant-strategy,2026-06-25
SZ300607,拓斯达,SZ,chi_next,sz.300607,1,myquant-strategy,2026-06-25
SZ300608,思特奇,SZ,chi_next,sz.300608,1,myquant-strategy,2026-06-25
SZ300609,汇纳科技,SZ,chi_next,sz.300609,1,myquant-strategy,2026-06-25
SZ300610,晨化股份,SZ,chi_next,sz.300610,1,myquant-strategy,2026-06-25
SZ300611,美力科技,SZ,chi_next,sz.300611,1,myquant-strategy,2026-06-25
SZ300612,宣亚国际,SZ,chi_next,sz.300612,1,myquant-strategy,2026-06-25
SZ300613,富瀚微,SZ,chi_next,sz.300613,1,myquant-strategy,2026-06-25
SZ300614,百川畅银,SZ,chi_next,sz.300614,1,myquant-strategy,2026-06-25
SZ300615,欣天科技,SZ,chi_next,sz.300615,1,myquant-strategy,2026-06-25
SZ300616,尚品宅配,SZ,chi_next,sz.300616,1,myquant-strategy,2026-06-25
SZ300617,安靠智电,SZ,chi_next,sz.300617,1,myquant-strategy,2026-06-25
SZ300618,寒锐钴业,SZ,chi_next,sz.300618,1,myquant-strategy,2026-06-25
SZ300619,金银河,SZ,chi_next,sz.300619,1,myquant-strategy,2026-06-25
SZ300620,光库科技,SZ,chi_next,sz.300620,1,myquant-strategy,2026-06-25
SZ300621,维业股份,SZ,chi_next,sz.300621,1,myquant-strategy,2026-06-25
SZ300622,博士眼镜,SZ,chi_next,sz.300622,1,myquant-strategy,2026-06-25
SZ300623,捷捷微电,SZ,chi_next,sz.300623,1,myquant-strategy,2026-06-25
SZ300624,万兴科技,SZ,chi_next,sz.300624,1,myquant-strategy,2026-06-25
SZ300625,三雄极光,SZ,chi_next,sz.300625,1,myquant-strategy,2026-06-25
SZ300626,华瑞股份,SZ,chi_next,sz.300626,1,myquant-strategy,2026-06-25
SZ300627,华测导航,SZ,chi_next,sz.300627,1,myquant-strategy,2026-06-25
SZ300628,亿联网络,SZ,chi_next,sz.300628,1,myquant-strategy,2026-06-25
SZ300629,新劲刚,SZ,chi_next,sz.300629,1,myquant-strategy,2026-06-25
SZ300631,久吾高科,SZ,chi_next,sz.300631,1,myquant-strategy,2026-06-25
SZ300632,光莆股份,SZ,chi_next,sz.300632,1,myquant-strategy,2026-06-25
SZ300633,开立医疗,SZ,chi_next,sz.300633,1,myquant-strategy,2026-06-25
SZ300634,彩讯股份,SZ,chi_next,sz.300634,1,myquant-strategy,2026-06-25
SZ300635,中达安,SZ,chi_next,sz.300635,1,myquant-strategy,2026-06-25
SZ300636,同和药业,SZ,chi_next,sz.300636,1,myquant-strategy,2026-06-25
SZ300637,扬帆新材,SZ,chi_next,sz.300637,1,myquant-strategy,2026-06-25
SZ300638,广和通,SZ,chi_next,sz.300638,1,myquant-strategy,2026-06-25
SZ300639,凯普生物,SZ,chi_next,sz.300639,1,myquant-strategy,2026-06-25
SZ300640,德艺文创,SZ,chi_next,sz.300640,1,myquant-strategy,2026-06-25
SZ300641,正丹股份,SZ,chi_next,sz.300641,1,myquant-strategy,2026-06-25
SZ300642,透景生命,SZ,chi_next,sz.300642,1,myquant-strategy,2026-06-25
SZ300643,万通智控,SZ,chi_next,sz.300643,1,myquant-strategy,2026-06-25
SZ300644,南京聚隆,SZ,chi_next,sz.300644,1,myquant-strategy,2026-06-25
SZ300645,正元智慧,SZ,chi_next,sz.300645,1,myquant-strategy,2026-06-25
SZ300647,超频三,SZ,chi_next,sz.300647,1,myquant-strategy,2026-06-25
SZ300648,星云股份,SZ,chi_next,sz.300648,1,myquant-strategy,2026-06-25
SZ300649,杭州园林,SZ,chi_next,sz.300649,1,myquant-strategy,2026-06-25
SZ300650,太龙股份,SZ,chi_next,sz.300650,1,myquant-strategy,2026-06-25
SZ300651,金陵体育,SZ,chi_next,sz.300651,1,myquant-strategy,2026-06-25
SZ300652,雷迪克,SZ,chi_next,sz.300652,1,myquant-strategy,2026-06-25
SZ300653,正海生物,SZ,chi_next,sz.300653,1,myquant-strategy,2026-06-25
SZ300654,世纪天鸿,SZ,chi_next,sz.300654,1,myquant-strategy,2026-06-25
SZ300655,晶瑞电材,SZ,chi_next,sz.300655,1,myquant-strategy,2026-06-25
SZ300656,民德电子,SZ,chi_next,sz.300656,1,myquant-strategy,2026-06-25
SZ300657,弘信电子,SZ,chi_next,sz.300657,1,myquant-strategy,2026-06-25
SZ300658,延江股份,SZ,chi_next,sz.300658,1,myquant-strategy,2026-06-25
SZ300659,中孚信息,SZ,chi_next,sz.300659,1,myquant-strategy,2026-06-25
SZ300660,江苏雷利,SZ,chi_next,sz.300660,1,myquant-strategy,2026-06-25
SZ300661,圣邦股份,SZ,chi_next,sz.300661,1,myquant-strategy,2026-06-25
SZ300662,科锐国际,SZ,chi_next,sz.300662,1,myquant-strategy,2026-06-25
SZ300663,科蓝软件,SZ,chi_next,sz.300663,1,myquant-strategy,2026-06-25
SZ300664,鹏鹞环保,SZ,chi_next,sz.300664,1,myquant-strategy,2026-06-25
SZ300665,飞鹿股份,SZ,chi_next,sz.300665,1,myquant-strategy,2026-06-25
SZ300666,江丰电子,SZ,chi_next,sz.300666,1,myquant-strategy,2026-06-25
SZ300667,必创科技,SZ,chi_next,sz.300667,1,myquant-strategy,2026-06-25
SZ300668,杰恩设计,SZ,chi_next,sz.300668,1,myquant-strategy,2026-06-25
SZ300669,沪宁股份,SZ,chi_next,sz.300669,1,myquant-strategy,2026-06-25
SZ300670,大烨智能,SZ,chi_next,sz.300670,1,myquant-strategy,2026-06-25
SZ300671,富满微,SZ,chi_next,sz.300671,1,myquant-strategy,2026-06-25
SZ300672,国科微,SZ,chi_next,sz.300672,1,myquant-strategy,2026-06-25
SZ300673,佩蒂股份,SZ,chi_next,sz.300673,1,myquant-strategy,2026-06-25
SZ300674,宇信科技,SZ,chi_next,sz.300674,1,myquant-strategy,2026-06-25
SZ300675,建科院,SZ,chi_next,sz.300675,1,myquant-strategy,2026-06-25
SZ300676,华大基因,SZ,chi_next,sz.300676,1,myquant-strategy,2026-06-25
SZ300677,英科医疗,SZ,chi_next,sz.300677,1,myquant-strategy,2026-06-25
SZ300678,中科信息,SZ,chi_next,sz.300678,1,myquant-strategy,2026-06-25
SZ300679,电连技术,SZ,chi_next,sz.300679,1,myquant-strategy,2026-06-25
SZ300680,隆盛科技,SZ,chi_next,sz.300680,1,myquant-strategy,2026-06-25
SZ300681,英搏尔,SZ,chi_next,sz.300681,1,myquant-strategy,2026-06-25
SZ300682,朗新科技,SZ,chi_next,sz.300682,1,myquant-strategy,2026-06-25
SZ300683,海特生物,SZ,chi_next,sz.300683,1,myquant-strategy,2026-06-25
SZ300684,中石科技,SZ,chi_next,sz.300684,1,myquant-strategy,2026-06-25
SZ300685,艾德生物,SZ,chi_next,sz.300685,1,myquant-strategy,2026-06-25
SZ300686,智动力,SZ,chi_next,sz.300686,1,myquant-strategy,2026-06-25
SZ300687,赛意信息,SZ,chi_next,sz.300687,1,myquant-strategy,2026-06-25
SZ300688,创业黑马,SZ,chi_next,sz.300688,1,myquant-strategy,2026-06-25
SZ300689,澄天伟业,SZ,chi_next,sz.300689,1,myquant-strategy,2026-06-25
SZ300690,双一科技,SZ,chi_next,sz.300690,1,myquant-strategy,2026-06-25
SZ300691,联合光电,SZ,chi_next,sz.300691,1,myquant-strategy,2026-06-25
SZ300692,中赋科技,SZ,chi_next,sz.300692,1,myquant-strategy,2026-06-25
SZ300693,盛弘股份,SZ,chi_next,sz.300693,1,myquant-strategy,2026-06-25
SZ300694,蠡湖股份,SZ,chi_next,sz.300694,1,myquant-strategy,2026-06-25
SZ300695,兆丰股份,SZ,chi_next,sz.300695,1,myquant-strategy,2026-06-25
SZ300696,爱乐达,SZ,chi_next,sz.300696,1,myquant-strategy,2026-06-25
SZ300697,电工合金,SZ,chi_next,sz.300697,1,myquant-strategy,2026-06-25
SZ300698,万马科技,SZ,chi_next,sz.300698,1,myquant-strategy,2026-06-25
SZ300699,光威复材,SZ,chi_next,sz.300699,1,myquant-strategy,2026-06-25
SZ300700,岱勒新材,SZ,chi_next,sz.300700,1,myquant-strategy,2026-06-25
SZ300701,森霸传感,SZ,chi_next,sz.300701,1,myquant-strategy,2026-06-25
SZ300702,天宇股份,SZ,chi_next,sz.300702,1,myquant-strategy,2026-06-25
SZ300703,创源股份,SZ,chi_next,sz.300703,1,myquant-strategy,2026-06-25
SZ300705,九典制药,SZ,chi_next,sz.300705,1,myquant-strategy,2026-06-25
SZ300706,阿石创,SZ,chi_next,sz.300706,1,myquant-strategy,2026-06-25
SZ300707,威唐工业,SZ,chi_next,sz.300707,1,myquant-strategy,2026-06-25
SZ300708,聚灿光电,SZ,chi_next,sz.300708,1,myquant-strategy,2026-06-25
SZ300709,精研科技,SZ,chi_next,sz.300709,1,myquant-strategy,2026-06-25
SZ300710,万隆光电,SZ,chi_next,sz.300710,1,myquant-strategy,2026-06-25
SZ300711,广哈通信,SZ,chi_next,sz.300711,1,myquant-strategy,2026-06-25
SZ300712,永福股份,SZ,chi_next,sz.300712,1,myquant-strategy,2026-06-25
SZ300713,英可瑞,SZ,chi_next,sz.300713,1,myquant-strategy,2026-06-25
SZ300715,凯伦股份,SZ,chi_next,sz.300715,1,myquant-strategy,2026-06-25
SZ300716,ST泉为,SZ,chi_next,sz.300716,1,myquant-strategy,2026-06-25
SZ300717,华信新材,SZ,chi_next,sz.300717,1,myquant-strategy,2026-06-25
SZ300718,长盛轴承,SZ,chi_next,sz.300718,1,myquant-strategy,2026-06-25
SZ300719,安达维尔,SZ,chi_next,sz.300719,1,myquant-strategy,2026-06-25
SZ300720,海川智能,SZ,chi_next,sz.300720,1,myquant-strategy,2026-06-25
SZ300721,怡达股份,SZ,chi_next,sz.300721,1,myquant-strategy,2026-06-25
SZ300722,新余国科,SZ,chi_next,sz.300722,1,myquant-strategy,2026-06-25
SZ300723,一品红,SZ,chi_next,sz.300723,1,myquant-strategy,2026-06-25
SZ300724,捷佳伟创,SZ,chi_next,sz.300724,1,myquant-strategy,2026-06-25
SZ300725,药石科技,SZ,chi_next,sz.300725,1,myquant-strategy,2026-06-25
SZ300726,宏达电子,SZ,chi_next,sz.300726,1,myquant-strategy,2026-06-25
SZ300727,润禾材料,SZ,chi_next,sz.300727,1,myquant-strategy,2026-06-25
SZ300729,乐歌股份,SZ,chi_next,sz.300729,1,myquant-strategy,2026-06-25
SZ300730,科创信息,SZ,chi_next,sz.300730,1,myquant-strategy,2026-06-25
SZ300731,科创新源,SZ,chi_next,sz.300731,1,myquant-strategy,2026-06-25
SZ300732,设研院,SZ,chi_next,sz.300732,1,myquant-strategy,2026-06-25
SZ300733,西菱动力,SZ,chi_next,sz.300733,1,myquant-strategy,2026-06-25
SZ300735,光弘科技,SZ,chi_next,sz.300735,1,myquant-strategy,2026-06-25
SZ300736,百邦科技,SZ,chi_next,sz.300736,1,myquant-strategy,2026-06-25
SZ300737,科顺股份,SZ,chi_next,sz.300737,1,myquant-strategy,2026-06-25
SZ300738,奥飞数据,SZ,chi_next,sz.300738,1,myquant-strategy,2026-06-25
SZ300739,明阳电路,SZ,chi_next,sz.300739,1,myquant-strategy,2026-06-25
SZ300740,水羊股份,SZ,chi_next,sz.300740,1,myquant-strategy,2026-06-25
SZ300741,华宝股份,SZ,chi_next,sz.300741,1,myquant-strategy,2026-06-25
SZ300743,天地数码,SZ,chi_next,sz.300743,1,myquant-strategy,2026-06-25
SZ300745,欣锐科技,SZ,chi_next,sz.300745,1,myquant-strategy,2026-06-25
SZ300746,汉嘉数智,SZ,chi_next,sz.300746,1,myquant-strategy,2026-06-25
SZ300747,锐科激光,SZ,chi_next,sz.300747,1,myquant-strategy,2026-06-25
SZ300748,金力永磁,SZ,chi_next,sz.300748,1,myquant-strategy,2026-06-25
SZ300749,顶固集创,SZ,chi_next,sz.300749,1,myquant-strategy,2026-06-25
SZ300750,宁德时代,SZ,chi_next,sz.300750,1,myquant-strategy,2026-06-25
SZ300751,迈为股份,SZ,chi_next,sz.300751,1,myquant-strategy,2026-06-25
SZ300752,隆利科技,SZ,chi_next,sz.300752,1,myquant-strategy,2026-06-25
SZ300753,爱朋医疗,SZ,chi_next,sz.300753,1,myquant-strategy,2026-06-25
SZ300755,华致酒行,SZ,chi_next,sz.300755,1,myquant-strategy,2026-06-25
SZ300756,金马游乐,SZ,chi_next,sz.300756,1,myquant-strategy,2026-06-25
SZ300757,罗博特科,SZ,chi_next,sz.300757,1,myquant-strategy,2026-06-25
SZ300758,七彩化学,SZ,chi_next,sz.300758,1,myquant-strategy,2026-06-25
SZ300759,康龙化成,SZ,chi_next,sz.300759,1,myquant-strategy,2026-06-25
SZ300760,迈瑞医疗,SZ,chi_next,sz.300760,1,myquant-strategy,2026-06-25
SZ300761,立华股份,SZ,chi_next,sz.300761,1,myquant-strategy,2026-06-25
SZ300762,上海瀚讯,SZ,chi_next,sz.300762,1,myquant-strategy,2026-06-25
SZ300763,锦浪科技,SZ,chi_next,sz.300763,1,myquant-strategy,2026-06-25
SZ300765,新诺威,SZ,chi_next,sz.300765,1,myquant-strategy,2026-06-25
SZ300766,每日互动,SZ,chi_next,sz.300766,1,myquant-strategy,2026-06-25
SZ300767,震安科技,SZ,chi_next,sz.300767,1,myquant-strategy,2026-06-25
SZ300768,迪普科技,SZ,chi_next,sz.300768,1,myquant-strategy,2026-06-25
SZ300769,德方纳米,SZ,chi_next,sz.300769,1,myquant-strategy,2026-06-25
SZ300770,新媒股份,SZ,chi_next,sz.300770,1,myquant-strategy,2026-06-25
SZ300771,智莱科技,SZ,chi_next,sz.300771,1,myquant-strategy,2026-06-25
SZ300772,运达股份,SZ,chi_next,sz.300772,1,myquant-strategy,2026-06-25
SZ300773,拉卡拉,SZ,chi_next,sz.300773,1,myquant-strategy,2026-06-25
SZ300774,倍杰特,SZ,chi_next,sz.300774,1,myquant-strategy,2026-06-25
SZ300775,三角防务,SZ,chi_next,sz.300775,1,myquant-strategy,2026-06-25
SZ300776,帝尔激光,SZ,chi_next,sz.300776,1,myquant-strategy,2026-06-25
SZ300777,中简科技,SZ,chi_next,sz.300777,1,myquant-strategy,2026-06-25
SZ300778,新城市,SZ,chi_next,sz.300778,1,myquant-strategy,2026-06-25
SZ300779,惠城环保,SZ,chi_next,sz.300779,1,myquant-strategy,2026-06-25
SZ300780,德恩精工,SZ,chi_next,sz.300780,1,myquant-strategy,2026-06-25
SZ300781,因赛集团,SZ,chi_next,sz.300781,1,myquant-strategy,2026-06-25
SZ300782,卓胜微,SZ,chi_next,sz.300782,1,myquant-strategy,2026-06-25
SZ300783,三只松鼠,SZ,chi_next,sz.300783,1,myquant-strategy,2026-06-25
SZ300784,利安科技,SZ,chi_next,sz.300784,1,myquant-strategy,2026-06-25
SZ300785,值得买,SZ,chi_next,sz.300785,1,myquant-strategy,2026-06-25
SZ300786,国林科技,SZ,chi_next,sz.300786,1,myquant-strategy,2026-06-25
SZ300787,海能实业,SZ,chi_next,sz.300787,1,myquant-strategy,2026-06-25
SZ300788,中信出版,SZ,chi_next,sz.300788,1,myquant-strategy,2026-06-25
SZ300789,唐源电气,SZ,chi_next,sz.300789,1,myquant-strategy,2026-06-25
SZ300790,宇瞳光学,SZ,chi_next,sz.300790,1,myquant-strategy,2026-06-25
SZ300791,仙乐健康,SZ,chi_next,sz.300791,1,myquant-strategy,2026-06-25
SZ300792,壹网壹创,SZ,chi_next,sz.300792,1,myquant-strategy,2026-06-25
SZ300793,佳禾智能,SZ,chi_next,sz.300793,1,myquant-strategy,2026-06-25
SZ300795,米奥会展,SZ,chi_next,sz.300795,1,myquant-strategy,2026-06-25
SZ300796,贝斯美,SZ,chi_next,sz.300796,1,myquant-strategy,2026-06-25
SZ300797,钢研纳克,SZ,chi_next,sz.300797,1,myquant-strategy,2026-06-25
SZ300798,锦鸡股份,SZ,chi_next,sz.300798,1,myquant-strategy,2026-06-25
SZ300800,力合科技,SZ,chi_next,sz.300800,1,myquant-strategy,2026-06-25
SZ300801,泰和科技,SZ,chi_next,sz.300801,1,myquant-strategy,2026-06-25
SZ300802,矩子科技,SZ,chi_next,sz.300802,1,myquant-strategy,2026-06-25
SZ300803,指南针,SZ,chi_next,sz.300803,1,myquant-strategy,2026-06-25
SZ300804,广康生化,SZ,chi_next,sz.300804,1,myquant-strategy,2026-06-25
SZ300805,电声股份,SZ,chi_next,sz.300805,1,myquant-strategy,2026-06-25
SZ300806,斯迪克,SZ,chi_next,sz.300806,1,myquant-strategy,2026-06-25
SZ300807,天迈科技,SZ,chi_next,sz.300807,1,myquant-strategy,2026-06-25
SZ300808,久量股份,SZ,chi_next,sz.300808,1,myquant-strategy,2026-06-25
SZ300809,华辰装备,SZ,chi_next,sz.300809,1,myquant-strategy,2026-06-25
SZ300810,中科海讯,SZ,chi_next,sz.300810,1,myquant-strategy,2026-06-25
SZ300811,铂科新材,SZ,chi_next,sz.300811,1,myquant-strategy,2026-06-25
SZ300812,易天股份,SZ,chi_next,sz.300812,1,myquant-strategy,2026-06-25
SZ300813,泰林生物,SZ,chi_next,sz.300813,1,myquant-strategy,2026-06-25
SZ300814,中富电路,SZ,chi_next,sz.300814,1,myquant-strategy,2026-06-25
SZ300815,玉禾田,SZ,chi_next,sz.300815,1,myquant-strategy,2026-06-25
SZ300816,艾可蓝,SZ,chi_next,sz.300816,1,myquant-strategy,2026-06-25
SZ300817,双飞集团,SZ,chi_next,sz.300817,1,myquant-strategy,2026-06-25
SZ300818,耐普矿机,SZ,chi_next,sz.300818,1,myquant-strategy,2026-06-25
SZ300819,聚杰微纤,SZ,chi_next,sz.300819,1,myquant-strategy,2026-06-25
SZ300820,英杰电气,SZ,chi_next,sz.300820,1,myquant-strategy,2026-06-25
SZ300821,东岳硅材,SZ,chi_next,sz.300821,1,myquant-strategy,2026-06-25
SZ300822,贝仕达克,SZ,chi_next,sz.300822,1,myquant-strategy,2026-06-25
SZ300823,建科智能,SZ,chi_next,sz.300823,1,myquant-strategy,2026-06-25
SZ300824,北鼎股份,SZ,chi_next,sz.300824,1,myquant-strategy,2026-06-25
SZ300825,阿尔特,SZ,chi_next,sz.300825,1,myquant-strategy,2026-06-25
SZ300826,测绘股份,SZ,chi_next,sz.300826,1,myquant-strategy,2026-06-25
SZ300827,上能电气,SZ,chi_next,sz.300827,1,myquant-strategy,2026-06-25
SZ300828,锐新科技,SZ,chi_next,sz.300828,1,myquant-strategy,2026-06-25
SZ300829,金丹科技,SZ,chi_next,sz.300829,1,myquant-strategy,2026-06-25
SZ300830,金现代,SZ,chi_next,sz.300830,1,myquant-strategy,2026-06-25
SZ300831,派瑞股份,SZ,chi_next,sz.300831,1,myquant-strategy,2026-06-25
SZ300832,新产业,SZ,chi_next,sz.300832,1,myquant-strategy,2026-06-25
SZ300833,浩洋股份,SZ,chi_next,sz.300833,1,myquant-strategy,2026-06-25
SZ300834,星辉环材,SZ,chi_next,sz.300834,1,myquant-strategy,2026-06-25
SZ300835,龙磁科技,SZ,chi_next,sz.300835,1,myquant-strategy,2026-06-25
SZ300836,佰奥智能,SZ,chi_next,sz.300836,1,myquant-strategy,2026-06-25
SZ300837,浙矿股份,SZ,chi_next,sz.300837,1,myquant-strategy,2026-06-25
SZ300838,浙江力诺,SZ,chi_next,sz.300838,1,myquant-strategy,2026-06-25
SZ300839,博汇股份,SZ,chi_next,sz.300839,1,myquant-strategy,2026-06-25
SZ300840,酷特智能,SZ,chi_next,sz.300840,1,myquant-strategy,2026-06-25
SZ300841,康华生物,SZ,chi_next,sz.300841,1,myquant-strategy,2026-06-25
SZ300842,帝科股份,SZ,chi_next,sz.300842,1,myquant-strategy,2026-06-25
SZ300843,胜蓝股份,SZ,chi_next,sz.300843,1,myquant-strategy,2026-06-25
SZ300844,山水比德,SZ,chi_next,sz.300844,1,myquant-strategy,2026-06-25
SZ300845,捷安高科,SZ,chi_next,sz.300845,1,myquant-strategy,2026-06-25
SZ300846,首都在线,SZ,chi_next,sz.300846,1,myquant-strategy,2026-06-25
SZ300847,中船汉光,SZ,chi_next,sz.300847,1,myquant-strategy,2026-06-25
SZ300848,美瑞新材,SZ,chi_next,sz.300848,1,myquant-strategy,2026-06-25
SZ300849,锦盛新材,SZ,chi_next,sz.300849,1,myquant-strategy,2026-06-25
SZ300850,新强联,SZ,chi_next,sz.300850,1,myquant-strategy,2026-06-25
SZ300851,交大思诺,SZ,chi_next,sz.300851,1,myquant-strategy,2026-06-25
SZ300852,四会富仕,SZ,chi_next,sz.300852,1,myquant-strategy,2026-06-25
SZ300853,申昊科技,SZ,chi_next,sz.300853,1,myquant-strategy,2026-06-25
SZ300854,中兰环保,SZ,chi_next,sz.300854,1,myquant-strategy,2026-06-25
SZ300855,图南股份,SZ,chi_next,sz.300855,1,myquant-strategy,2026-06-25
SZ300856,科思股份,SZ,chi_next,sz.300856,1,myquant-strategy,2026-06-25
SZ300857,协创数据,SZ,chi_next,sz.300857,1,myquant-strategy,2026-06-25
SZ300858,科拓生物,SZ,chi_next,sz.300858,1,myquant-strategy,2026-06-25
SZ300859,西域旅游,SZ,chi_next,sz.300859,1,myquant-strategy,2026-06-25
SZ300860,锋尚文化,SZ,chi_next,sz.300860,1,myquant-strategy,2026-06-25
SZ300861,美畅股份,SZ,chi_next,sz.300861,1,myquant-strategy,2026-06-25
SZ300862,蓝盾光电,SZ,chi_next,sz.300862,1,myquant-strategy,2026-06-25
SZ300863,卡倍亿,SZ,chi_next,sz.300863,1,myquant-strategy,2026-06-25
SZ300864,南大环境,SZ,chi_next,sz.300864,1,myquant-strategy,2026-06-25
SZ300865,大宏立,SZ,chi_next,sz.300865,1,myquant-strategy,2026-06-25
SZ300866,安克创新,SZ,chi_next,sz.300866,1,myquant-strategy,2026-06-25
SZ300867,圣元环保,SZ,chi_next,sz.300867,1,myquant-strategy,2026-06-25
SZ300868,杰美特,SZ,chi_next,sz.300868,1,myquant-strategy,2026-06-25
SZ300869,康泰医学,SZ,chi_next,sz.300869,1,myquant-strategy,2026-06-25
SZ300870,欧陆通,SZ,chi_next,sz.300870,1,myquant-strategy,2026-06-25
SZ300871,回盛生物,SZ,chi_next,sz.300871,1,myquant-strategy,2026-06-25
SZ300872,天阳科技,SZ,chi_next,sz.300872,1,myquant-strategy,2026-06-25
SZ300873,海晨股份,SZ,chi_next,sz.300873,1,myquant-strategy,2026-06-25
SZ300875,捷强装备,SZ,chi_next,sz.300875,1,myquant-strategy,2026-06-25
SZ300876,蒙泰高新,SZ,chi_next,sz.300876,1,myquant-strategy,2026-06-25
SZ300877,金春股份,SZ,chi_next,sz.300877,1,myquant-strategy,2026-06-25
SZ300878,维康药业,SZ,chi_next,sz.300878,1,myquant-strategy,2026-06-25
SZ300879,大叶股份,SZ,chi_next,sz.300879,1,myquant-strategy,2026-06-25
SZ300880,迦南智能,SZ,chi_next,sz.300880,1,myquant-strategy,2026-06-25
SZ300881,盛德鑫泰,SZ,chi_next,sz.300881,1,myquant-strategy,2026-06-25
SZ300882,万胜智能,SZ,chi_next,sz.300882,1,myquant-strategy,2026-06-25
SZ300883,龙利得,SZ,chi_next,sz.300883,1,myquant-strategy,2026-06-25
SZ300884,狄耐克,SZ,chi_next,sz.300884,1,myquant-strategy,2026-06-25
SZ300885,海昌新材,SZ,chi_next,sz.300885,1,myquant-strategy,2026-06-25
SZ300886,华业香料,SZ,chi_next,sz.300886,1,myquant-strategy,2026-06-25
SZ300887,谱尼测试,SZ,chi_next,sz.300887,1,myquant-strategy,2026-06-25
SZ300888,稳健医疗,SZ,chi_next,sz.300888,1,myquant-strategy,2026-06-25
SZ300889,爱克股份,SZ,chi_next,sz.300889,1,myquant-strategy,2026-06-25
SZ300890,翔丰华,SZ,chi_next,sz.300890,1,myquant-strategy,2026-06-25
SZ300891,惠云钛业,SZ,chi_next,sz.300891,1,myquant-strategy,2026-06-25
SZ300892,品渥食品,SZ,chi_next,sz.300892,1,myquant-strategy,2026-06-25
SZ300893,松原安全,SZ,chi_next,sz.300893,1,myquant-strategy,2026-06-25
SZ300894,火星人,SZ,chi_next,sz.300894,1,myquant-strategy,2026-06-25
SZ300895,铜牛信息,SZ,chi_next,sz.300895,1,myquant-strategy,2026-06-25
SZ300896,爱美客,SZ,chi_next,sz.300896,1,myquant-strategy,2026-06-25
SZ300897,山科智能,SZ,chi_next,sz.300897,1,myquant-strategy,2026-06-25
SZ300898,熊猫乳品,SZ,chi_next,sz.300898,1,myquant-strategy,2026-06-25
SZ300899,*ST凯鑫,SZ,chi_next,sz.300899,1,myquant-strategy,2026-06-25
SZ300900,广联航空,SZ,chi_next,sz.300900,1,myquant-strategy,2026-06-25
SZ300901,中胤时尚,SZ,chi_next,sz.300901,1,myquant-strategy,2026-06-25
SZ300902,国安达,SZ,chi_next,sz.300902,1,myquant-strategy,2026-06-25
SZ300903,科翔股份,SZ,chi_next,sz.300903,1,myquant-strategy,2026-06-25
SZ300904,威力传动,SZ,chi_next,sz.300904,1,myquant-strategy,2026-06-25
SZ300905,宝丽迪,SZ,chi_next,sz.300905,1,myquant-strategy,2026-06-25
SZ300906,日月明,SZ,chi_next,sz.300906,1,myquant-strategy,2026-06-25
SZ300907,康平科技,SZ,chi_next,sz.300907,1,myquant-strategy,2026-06-25
SZ300908,仲景食品,SZ,chi_next,sz.300908,1,myquant-strategy,2026-06-25
SZ300909,汇创达,SZ,chi_next,sz.300909,1,myquant-strategy,2026-06-25
SZ300910,瑞丰新材,SZ,chi_next,sz.300910,1,myquant-strategy,2026-06-25
SZ300911,亿田智能,SZ,chi_next,sz.300911,1,myquant-strategy,2026-06-25
SZ300912,凯龙高科,SZ,chi_next,sz.300912,1,myquant-strategy,2026-06-25
SZ300913,兆龙互连,SZ,chi_next,sz.300913,1,myquant-strategy,2026-06-25
SZ300915,海融科技,SZ,chi_next,sz.300915,1,myquant-strategy,2026-06-25
SZ300916,朗特智能,SZ,chi_next,sz.300916,1,myquant-strategy,2026-06-25
SZ300917,特发服务,SZ,chi_next,sz.300917,1,myquant-strategy,2026-06-25
SZ300918,南山智尚,SZ,chi_next,sz.300918,1,myquant-strategy,2026-06-25
SZ300919,中伟新材,SZ,chi_next,sz.300919,1,myquant-strategy,2026-06-25
SZ300920,润阳科技,SZ,chi_next,sz.300920,1,myquant-strategy,2026-06-25
SZ300921,南凌科技,SZ,chi_next,sz.300921,1,myquant-strategy,2026-06-25
SZ300922,天秦装备,SZ,chi_next,sz.300922,1,myquant-strategy,2026-06-25
SZ300923,研奥股份,SZ,chi_next,sz.300923,1,myquant-strategy,2026-06-25
SZ300925,法本信息,SZ,chi_next,sz.300925,1,myquant-strategy,2026-06-25
SZ300926,博俊科技,SZ,chi_next,sz.300926,1,myquant-strategy,2026-06-25
SZ300927,江天化学,SZ,chi_next,sz.300927,1,myquant-strategy,2026-06-25
SZ300928,华安鑫创,SZ,chi_next,sz.300928,1,myquant-strategy,2026-06-25
SZ300929,华骐环保,SZ,chi_next,sz.300929,1,myquant-strategy,2026-06-25
SZ300930,屹通新材,SZ,chi_next,sz.300930,1,myquant-strategy,2026-06-25
SZ300931,通用电梯,SZ,chi_next,sz.300931,1,myquant-strategy,2026-06-25
SZ300932,三友联众,SZ,chi_next,sz.300932,1,myquant-strategy,2026-06-25
SZ300933,中辰股份,SZ,chi_next,sz.300933,1,myquant-strategy,2026-06-25
SZ300935,盈建科,SZ,chi_next,sz.300935,1,myquant-strategy,2026-06-25
SZ300936,中英科技,SZ,chi_next,sz.300936,1,myquant-strategy,2026-06-25
SZ300937,药易购,SZ,chi_next,sz.300937,1,myquant-strategy,2026-06-25
SZ300938,信测标准,SZ,chi_next,sz.300938,1,myquant-strategy,2026-06-25
SZ300939,秋田微,SZ,chi_next,sz.300939,1,myquant-strategy,2026-06-25
SZ300940,南极光,SZ,chi_next,sz.300940,1,myquant-strategy,2026-06-25
SZ300941,创识科技,SZ,chi_next,sz.300941,1,myquant-strategy,2026-06-25
SZ300942,易瑞生物,SZ,chi_next,sz.300942,1,myquant-strategy,2026-06-25
SZ300943,春晖智控,SZ,chi_next,sz.300943,1,myquant-strategy,2026-06-25
SZ300945,曼卡龙,SZ,chi_next,sz.300945,1,myquant-strategy,2026-06-25
SZ300946,恒而达,SZ,chi_next,sz.300946,1,myquant-strategy,2026-06-25
SZ300947,德必集团,SZ,chi_next,sz.300947,1,myquant-strategy,2026-06-25
SZ300948,冠中生态,SZ,chi_next,sz.300948,1,myquant-strategy,2026-06-25
SZ300949,奥雅股份,SZ,chi_next,sz.300949,1,myquant-strategy,2026-06-25
SZ300950,德固特,SZ,chi_next,sz.300950,1,myquant-strategy,2026-06-25
SZ300951,博硕科技,SZ,chi_next,sz.300951,1,myquant-strategy,2026-06-25
SZ300952,恒辉安防,SZ,chi_next,sz.300952,1,myquant-strategy,2026-06-25
SZ300953,震裕科技,SZ,chi_next,sz.300953,1,myquant-strategy,2026-06-25
SZ300955,嘉亨家化,SZ,chi_next,sz.300955,1,myquant-strategy,2026-06-25
SZ300956,英力股份,SZ,chi_next,sz.300956,1,myquant-strategy,2026-06-25
SZ300957,贝泰妮,SZ,chi_next,sz.300957,1,myquant-strategy,2026-06-25
SZ300958,建工修复,SZ,chi_next,sz.300958,1,myquant-strategy,2026-06-25
SZ300959,线上线下,SZ,chi_next,sz.300959,1,myquant-strategy,2026-06-25
SZ300960,通业科技,SZ,chi_next,sz.300960,1,myquant-strategy,2026-06-25
SZ300961,深水海纳,SZ,chi_next,sz.300961,1,myquant-strategy,2026-06-25
SZ300962,中金辐照,SZ,chi_next,sz.300962,1,myquant-strategy,2026-06-25
SZ300963,中洲特材,SZ,chi_next,sz.300963,1,myquant-strategy,2026-06-25
SZ300964,本川智能,SZ,chi_next,sz.300964,1,myquant-strategy,2026-06-25
SZ300965,恒宇信通,SZ,chi_next,sz.300965,1,myquant-strategy,2026-06-25
SZ300966,共同药业,SZ,chi_next,sz.300966,1,myquant-strategy,2026-06-25
SZ300967,晓鸣股份,SZ,chi_next,sz.300967,1,myquant-strategy,2026-06-25
SZ300968,格林精密,SZ,chi_next,sz.300968,1,myquant-strategy,2026-06-25
SZ300969,恒帅股份,SZ,chi_next,sz.300969,1,myquant-strategy,2026-06-25
SZ300970,华绿生物,SZ,chi_next,sz.300970,1,myquant-strategy,2026-06-25
SZ300971,博亚精工,SZ,chi_next,sz.300971,1,myquant-strategy,2026-06-25
SZ300972,万辰集团,SZ,chi_next,sz.300972,1,myquant-strategy,2026-06-25
SZ300973,立高食品,SZ,chi_next,sz.300973,1,myquant-strategy,2026-06-25
SZ300975,商络电子,SZ,chi_next,sz.300975,1,myquant-strategy,2026-06-25
SZ300976,达瑞电子,SZ,chi_next,sz.300976,1,myquant-strategy,2026-06-25
SZ300977,深圳瑞捷,SZ,chi_next,sz.300977,1,myquant-strategy,2026-06-25
SZ300978,东箭科技,SZ,chi_next,sz.300978,1,myquant-strategy,2026-06-25
SZ300979,华利集团,SZ,chi_next,sz.300979,1,myquant-strategy,2026-06-25
SZ300980,祥源新材,SZ,chi_next,sz.300980,1,myquant-strategy,2026-06-25
SZ300981,中红医疗,SZ,chi_next,sz.300981,1,myquant-strategy,2026-06-25
SZ300982,苏文电能,SZ,chi_next,sz.300982,1,myquant-strategy,2026-06-25
SZ300983,尤安设计,SZ,chi_next,sz.300983,1,myquant-strategy,2026-06-25
SZ300984,金沃股份,SZ,chi_next,sz.300984,1,myquant-strategy,2026-06-25
SZ300985,致远新能,SZ,chi_next,sz.300985,1,myquant-strategy,2026-06-25
SZ300986,志特新材,SZ,chi_next,sz.300986,1,myquant-strategy,2026-06-25
SZ300987,川网传媒,SZ,chi_next,sz.300987,1,myquant-strategy,2026-06-25
SZ300988,津荣天宇,SZ,chi_next,sz.300988,1,myquant-strategy,2026-06-25
SZ300989,蕾奥规划,SZ,chi_next,sz.300989,1,myquant-strategy,2026-06-25
SZ300990,同飞股份,SZ,chi_next,sz.300990,1,myquant-strategy,2026-06-25
SZ300991,创益通,SZ,chi_next,sz.300991,1,myquant-strategy,2026-06-25
SZ300992,泰福泵业,SZ,chi_next,sz.300992,1,myquant-strategy,2026-06-25
SZ300993,玉马科技,SZ,chi_next,sz.300993,1,myquant-strategy,2026-06-25
SZ300994,久祺股份,SZ,chi_next,sz.300994,1,myquant-strategy,2026-06-25
SZ300995,奇德新材,SZ,chi_next,sz.300995,1,myquant-strategy,2026-06-25
SZ300996,普联软件,SZ,chi_next,sz.300996,1,myquant-strategy,2026-06-25
SZ300997,欢乐家,SZ,chi_next,sz.300997,1,myquant-strategy,2026-06-25
SZ300998,宁波方正,SZ,chi_next,sz.300998,1,myquant-strategy,2026-06-25
SZ300999,金龙鱼,SZ,chi_next,sz.300999,1,myquant-strategy,2026-06-25
SZ301000,肇民科技,SZ,mainboard,sz.301000,1,myquant-strategy,2026-06-25
SZ301001,凯淳股份,SZ,mainboard,sz.301001,1,myquant-strategy,2026-06-25
SZ301002,崧盛股份,SZ,mainboard,sz.301002,1,myquant-strategy,2026-06-25
SZ301003,江苏博云,SZ,mainboard,sz.301003,1,myquant-strategy,2026-06-25
SZ301004,嘉益股份,SZ,mainboard,sz.301004,1,myquant-strategy,2026-06-25
SZ301005,超捷股份,SZ,mainboard,sz.301005,1,myquant-strategy,2026-06-25
SZ301006,迈拓股份,SZ,mainboard,sz.301006,1,myquant-strategy,2026-06-25
SZ301007,德迈仕,SZ,mainboard,sz.301007,1,myquant-strategy,2026-06-25
SZ301008,宏昌科技,SZ,mainboard,sz.301008,1,myquant-strategy,2026-06-25
SZ301009,可靠股份,SZ,mainboard,sz.301009,1,myquant-strategy,2026-06-25
SZ301010,晶雪节能,SZ,mainboard,sz.301010,1,myquant-strategy,2026-06-25
SZ301011,华立科技,SZ,mainboard,sz.301011,1,myquant-strategy,2026-06-25
SZ301012,扬电科技,SZ,mainboard,sz.301012,1,myquant-strategy,2026-06-25
SZ301013,利和兴,SZ,mainboard,sz.301013,1,myquant-strategy,2026-06-25
SZ301015,百洋医药,SZ,mainboard,sz.301015,1,myquant-strategy,2026-06-25
SZ301016,雷尔伟,SZ,mainboard,sz.301016,1,myquant-strategy,2026-06-25
SZ301017,漱玉平民,SZ,mainboard,sz.301017,1,myquant-strategy,2026-06-25
SZ301018,申菱环境,SZ,mainboard,sz.301018,1,myquant-strategy,2026-06-25
SZ301019,宁波色母,SZ,mainboard,sz.301019,1,myquant-strategy,2026-06-25
SZ301020,密封科技,SZ,mainboard,sz.301020,1,myquant-strategy,2026-06-25
SZ301021,英诺激光,SZ,mainboard,sz.301021,1,myquant-strategy,2026-06-25
SZ301022,海泰科,SZ,mainboard,sz.301022,1,myquant-strategy,2026-06-25
SZ301023,奕帆传动,SZ,mainboard,sz.301023,1,myquant-strategy,2026-06-25
SZ301024,霍普股份,SZ,mainboard,sz.301024,1,myquant-strategy,2026-06-25
SZ301025,读客文化,SZ,mainboard,sz.301025,1,myquant-strategy,2026-06-25
SZ301026,浩通科技,SZ,mainboard,sz.301026,1,myquant-strategy,2026-06-25
SZ301027,华蓝集团,SZ,mainboard,sz.301027,1,myquant-strategy,2026-06-25
SZ301028,鼎熔岩,SZ,mainboard,sz.301028,1,myquant-strategy,2026-06-25
SZ301029,怡合达,SZ,mainboard,sz.301029,1,myquant-strategy,2026-06-25
SZ301030,仕净科技,SZ,mainboard,sz.301030,1,myquant-strategy,2026-06-25
SZ301031,中熔电气,SZ,mainboard,sz.301031,1,myquant-strategy,2026-06-25
SZ301032,新柴股份,SZ,mainboard,sz.301032,1,myquant-strategy,2026-06-25
SZ301033,迈普医学,SZ,mainboard,sz.301033,1,myquant-strategy,2026-06-25
SZ301035,润丰股份,SZ,mainboard,sz.301035,1,myquant-strategy,2026-06-25
SZ301036,双乐股份,SZ,mainboard,sz.301036,1,myquant-strategy,2026-06-25
SZ301037,保立佳,SZ,mainboard,sz.301037,1,myquant-strategy,2026-06-25
SZ301038,深水规院,SZ,mainboard,sz.301038,1,myquant-strategy,2026-06-25
SZ301039,中集车辆,SZ,mainboard,sz.301039,1,myquant-strategy,2026-06-25
SZ301040,中环海陆,SZ,mainboard,sz.301040,1,myquant-strategy,2026-06-25
SZ301041,金百泽,SZ,mainboard,sz.301041,1,myquant-strategy,2026-06-25
SZ301042,安联锐视,SZ,mainboard,sz.301042,1,myquant-strategy,2026-06-25
SZ301043,绿岛风,SZ,mainboard,sz.301043,1,myquant-strategy,2026-06-25
SZ301045,天禄科技,SZ,mainboard,sz.301045,1,myquant-strategy,2026-06-25
SZ301046,能辉科技,SZ,mainboard,sz.301046,1,myquant-strategy,2026-06-25
SZ301047,义翘神州,SZ,mainboard,sz.301047,1,myquant-strategy,2026-06-25
SZ301048,金鹰重工,SZ,mainboard,sz.301048,1,myquant-strategy,2026-06-25
SZ301049,超越科技,SZ,mainboard,sz.301049,1,myquant-strategy,2026-06-25
SZ301050,雷电微力,SZ,mainboard,sz.301050,1,myquant-strategy,2026-06-25
SZ301051,信濠光电,SZ,mainboard,sz.301051,1,myquant-strategy,2026-06-25
SZ301052,果麦文化,SZ,mainboard,sz.301052,1,myquant-strategy,2026-06-25
SZ301053,远信工业,SZ,mainboard,sz.301053,1,myquant-strategy,2026-06-25
SZ301055,张小泉,SZ,mainboard,sz.301055,1,myquant-strategy,2026-06-25
SZ301056,森赫股份,SZ,mainboard,sz.301056,1,myquant-strategy,2026-06-25
SZ301057,汇隆新材,SZ,mainboard,sz.301057,0,myquant-strategy,2026-06-25
SZ301058,中粮科工,SZ,mainboard,sz.301058,1,myquant-strategy,2026-06-25
SZ301059,金三江,SZ,mainboard,sz.301059,1,myquant-strategy,2026-06-25
SZ301060,兰卫医学,SZ,mainboard,sz.301060,1,myquant-strategy,2026-06-25
SZ301061,匠心家居,SZ,mainboard,sz.301061,1,myquant-strategy,2026-06-25
SZ301062,上海艾录,SZ,mainboard,sz.301062,1,myquant-strategy,2026-06-25
SZ301063,海锅股份,SZ,mainboard,sz.301063,1,myquant-strategy,2026-06-25
SZ301065,本立科技,SZ,mainboard,sz.301065,1,myquant-strategy,2026-06-25
SZ301066,万事利,SZ,mainboard,sz.301066,1,myquant-strategy,2026-06-25
SZ301067,显盈科技,SZ,mainboard,sz.301067,1,myquant-strategy,2026-06-25
SZ301068,大地海洋,SZ,mainboard,sz.301068,1,myquant-strategy,2026-06-25
SZ301069,凯盛新材,SZ,mainboard,sz.301069,1,myquant-strategy,2026-06-25
SZ301070,开勒股份,SZ,mainboard,sz.301070,1,myquant-strategy,2026-06-25
SZ301071,力量钻石,SZ,mainboard,sz.301071,1,myquant-strategy,2026-06-25
SZ301072,中捷精工,SZ,mainboard,sz.301072,1,myquant-strategy,2026-06-25
SZ301073,君亭酒店,SZ,mainboard,sz.301073,1,myquant-strategy,2026-06-25
SZ301075,多瑞医药,SZ,mainboard,sz.301075,1,myquant-strategy,2026-06-25
SZ301076,新瀚新材,SZ,mainboard,sz.301076,1,myquant-strategy,2026-06-25
SZ301077,星华新材,SZ,mainboard,sz.301077,1,myquant-strategy,2026-06-25
SZ301078,孩子王,SZ,mainboard,sz.301078,1,myquant-strategy,2026-06-25
SZ301079,邵阳液压,SZ,mainboard,sz.301079,1,myquant-strategy,2026-06-25
SZ301080,百普赛斯,SZ,mainboard,sz.301080,1,myquant-strategy,2026-06-25
SZ301081,严牌股份,SZ,mainboard,sz.301081,1,myquant-strategy,2026-06-25
SZ301082,久盛电气,SZ,mainboard,sz.301082,1,myquant-strategy,2026-06-25
SZ301083,百胜智能,SZ,mainboard,sz.301083,1,myquant-strategy,2026-06-25
SZ301085,亚康股份,SZ,mainboard,sz.301085,1,myquant-strategy,2026-06-25
SZ301086,鸿富瀚,SZ,mainboard,sz.301086,1,myquant-strategy,2026-06-25
SZ301087,可孚医疗,SZ,mainboard,sz.301087,1,myquant-strategy,2026-06-25
SZ301088,戎美股份,SZ,mainboard,sz.301088,1,myquant-strategy,2026-06-25
SZ301089,拓新药业,SZ,mainboard,sz.301089,1,myquant-strategy,2026-06-25
SZ301090,华润材料,SZ,mainboard,sz.301090,1,myquant-strategy,2026-06-25
SZ301091,深城交,SZ,mainboard,sz.301091,1,myquant-strategy,2026-06-25
SZ301092,争光股份,SZ,mainboard,sz.301092,1,myquant-strategy,2026-06-25
SZ301093,华兰股份,SZ,mainboard,sz.301093,1,myquant-strategy,2026-06-25
SZ301095,广立微,SZ,mainboard,sz.301095,1,myquant-strategy,2026-06-25
SZ301096,百诚医药,SZ,mainboard,sz.301096,1,myquant-strategy,2026-06-25
SZ301097,天益医疗,SZ,mainboard,sz.301097,1,myquant-strategy,2026-06-25
SZ301098,金埔园林,SZ,mainboard,sz.301098,1,myquant-strategy,2026-06-25
SZ301099,雅创电子,SZ,mainboard,sz.301099,1,myquant-strategy,2026-06-25
SZ301100,风光股份,SZ,mainboard,sz.301100,1,myquant-strategy,2026-06-25
SZ301101,明月镜片,SZ,mainboard,sz.301101,1,myquant-strategy,2026-06-25
SZ301102,兆讯传媒,SZ,mainboard,sz.301102,1,myquant-strategy,2026-06-25
SZ301103,何氏眼科,SZ,mainboard,sz.301103,1,myquant-strategy,2026-06-25
SZ301105,鸿铭股份,SZ,mainboard,sz.301105,1,myquant-strategy,2026-06-25
SZ301106,骏成科技,SZ,mainboard,sz.301106,1,myquant-strategy,2026-06-25
SZ301107,瑜欣电子,SZ,mainboard,sz.301107,1,myquant-strategy,2026-06-25
SZ301108,洁雅股份,SZ,mainboard,sz.301108,1,myquant-strategy,2026-06-25
SZ301109,军信股份,SZ,mainboard,sz.301109,1,myquant-strategy,2026-06-25
SZ301110,青木科技,SZ,mainboard,sz.301110,1,myquant-strategy,2026-06-25
SZ301111,粤万年青,SZ,mainboard,sz.301111,1,myquant-strategy,2026-06-25
SZ301112,信邦智能,SZ,mainboard,sz.301112,1,myquant-strategy,2026-06-25
SZ301113,雅艺科技,SZ,mainboard,sz.301113,1,myquant-strategy,2026-06-25
SZ301115,联检科技,SZ,mainboard,sz.301115,1,myquant-strategy,2026-06-25
SZ301116,益客食品,SZ,mainboard,sz.301116,1,myquant-strategy,2026-06-25
SZ301117,佳缘科技,SZ,mainboard,sz.301117,1,myquant-strategy,2026-06-25
SZ301118,恒光股份,SZ,mainboard,sz.301118,1,myquant-strategy,2026-06-25
SZ301119,正强股份,SZ,mainboard,sz.301119,1,myquant-strategy,2026-06-25
SZ301120,新特电气,SZ,mainboard,sz.301120,1,myquant-strategy,2026-06-25
SZ301121,紫建电子,SZ,mainboard,sz.301121,1,myquant-strategy,2026-06-25
SZ301122,采纳股份,SZ,mainboard,sz.301122,1,myquant-strategy,2026-06-25
SZ301123,奕东电子,SZ,mainboard,sz.301123,1,myquant-strategy,2026-06-25
SZ301125,腾亚精工,SZ,mainboard,sz.301125,1,myquant-strategy,2026-06-25
SZ301126,达嘉维康,SZ,mainboard,sz.301126,1,myquant-strategy,2026-06-25
SZ301127,武汉天源,SZ,mainboard,sz.301127,1,myquant-strategy,2026-06-25
SZ301128,强瑞技术,SZ,mainboard,sz.301128,1,myquant-strategy,2026-06-25
SZ301129,瑞纳智能,SZ,mainboard,sz.301129,1,myquant-strategy,2026-06-25
SZ301130,西点药业,SZ,mainboard,sz.301130,1,myquant-strategy,2026-06-25
SZ301131,聚赛龙,SZ,mainboard,sz.301131,1,myquant-strategy,2026-06-25
SZ301132,满坤科技,SZ,mainboard,sz.301132,1,myquant-strategy,2026-06-25
SZ301133,金钟股份,SZ,mainboard,sz.301133,1,myquant-strategy,2026-06-25
SZ301135,瑞德智能,SZ,mainboard,sz.301135,1,myquant-strategy,2026-06-25
SZ301136,招标股份,SZ,mainboard,sz.301136,1,myquant-strategy,2026-06-25
SZ301137,哈焊华通,SZ,mainboard,sz.301137,1,myquant-strategy,2026-06-25
SZ301138,华研精机,SZ,mainboard,sz.301138,1,myquant-strategy,2026-06-25
SZ301139,元道通信,SZ,mainboard,sz.301139,1,myquant-strategy,2026-06-25
SZ301141,中科磁业,SZ,mainboard,sz.301141,1,myquant-strategy,2026-06-25
SZ301148,嘉戎技术,SZ,mainboard,sz.301148,1,myquant-strategy,2026-06-25
SZ301149,隆华新材,SZ,mainboard,sz.301149,1,myquant-strategy,2026-06-25
SZ301150,中一科技,SZ,mainboard,sz.301150,1,myquant-strategy,2026-06-25
SZ301151,冠龙节能,SZ,mainboard,sz.301151,1,myquant-strategy,2026-06-25
SZ301152,天力锂能,SZ,mainboard,sz.301152,1,myquant-strategy,2026-06-25
SZ301153,中科江南,SZ,mainboard,sz.301153,1,myquant-strategy,2026-06-25
SZ301155,海力风电,SZ,mainboard,sz.301155,1,myquant-strategy,2026-06-25
SZ301156,美农生物,SZ,mainboard,sz.301156,1,myquant-strategy,2026-06-25
SZ301157,华塑科技,SZ,mainboard,sz.301157,1,myquant-strategy,2026-06-25
SZ301158,德石股份,SZ,mainboard,sz.301158,1,myquant-strategy,2026-06-25
SZ301159,三维天地,SZ,mainboard,sz.301159,1,myquant-strategy,2026-06-25
SZ301160,翔楼新材,SZ,mainboard,sz.301160,1,myquant-strategy,2026-06-25
SZ301161,唯万密封,SZ,mainboard,sz.301161,1,myquant-strategy,2026-06-25
SZ301162,国能日新,SZ,mainboard,sz.301162,1,myquant-strategy,2026-06-25
SZ301163,宏德股份,SZ,mainboard,sz.301163,1,myquant-strategy,2026-06-25
SZ301165,锐捷网络,SZ,mainboard,sz.301165,1,myquant-strategy,2026-06-25
SZ301166,优宁维,SZ,mainboard,sz.301166,1,myquant-strategy,2026-06-25
SZ301167,建研设计,SZ,mainboard,sz.301167,1,myquant-strategy,2026-06-25
SZ301168,通灵股份,SZ,mainboard,sz.301168,1,myquant-strategy,2026-06-25
SZ301169,零点有数,SZ,mainboard,sz.301169,1,myquant-strategy,2026-06-25
SZ301170,锡南科技,SZ,mainboard,sz.301170,1,myquant-strategy,2026-06-25
SZ301171,易点天下,SZ,mainboard,sz.301171,1,myquant-strategy,2026-06-25
SZ301172,君逸数码,SZ,mainboard,sz.301172,1,myquant-strategy,2026-06-25
SZ301173,毓恬冠佳,SZ,mainboard,sz.301173,1,myquant-strategy,2026-06-25
SZ301175,中科环保,SZ,mainboard,sz.301175,1,myquant-strategy,2026-06-25
SZ301176,逸豪新材,SZ,mainboard,sz.301176,1,myquant-strategy,2026-06-25
SZ301177,迪阿股份,SZ,mainboard,sz.301177,1,myquant-strategy,2026-06-25
SZ301178,天亿马,SZ,mainboard,sz.301178,1,myquant-strategy,2026-06-25
SZ301179,泽宇智能,SZ,mainboard,sz.301179,1,myquant-strategy,2026-06-25
SZ301180,万祥科技,SZ,mainboard,sz.301180,1,myquant-strategy,2026-06-25
SZ301181,标榜股份,SZ,mainboard,sz.301181,1,myquant-strategy,2026-06-25
SZ301182,凯旺科技,SZ,mainboard,sz.301182,1,myquant-strategy,2026-06-25
SZ301183,东田微,SZ,mainboard,sz.301183,1,myquant-strategy,2026-06-25
SZ301185,鸥玛软件,SZ,mainboard,sz.301185,1,myquant-strategy,2026-06-25
SZ301186,超达装备,SZ,mainboard,sz.301186,1,myquant-strategy,2026-06-25
SZ301187,欧圣电气,SZ,mainboard,sz.301187,1,myquant-strategy,2026-06-25
SZ301188,力诺药包,SZ,mainboard,sz.301188,1,myquant-strategy,2026-06-25
SZ301189,奥尼电子,SZ,mainboard,sz.301189,1,myquant-strategy,2026-06-25
SZ301190,善水科技,SZ,mainboard,sz.301190,1,myquant-strategy,2026-06-25
SZ301191,菲菱科思,SZ,mainboard,sz.301191,1,myquant-strategy,2026-06-25
SZ301192,泰祥股份,SZ,mainboard,sz.301192,1,myquant-strategy,2026-06-25
SZ301193,家联科技,SZ,mainboard,sz.301193,1,myquant-strategy,2026-06-25
SZ301195,北路智控,SZ,mainboard,sz.301195,1,myquant-strategy,2026-06-25
SZ301196,唯科科技,SZ,mainboard,sz.301196,1,myquant-strategy,2026-06-25
SZ301197,工大科雅,SZ,mainboard,sz.301197,1,myquant-strategy,2026-06-25
SZ301198,喜悦智行,SZ,mainboard,sz.301198,1,myquant-strategy,2026-06-25
SZ301199,迈赫股份,SZ,mainboard,sz.301199,1,myquant-strategy,2026-06-25
SZ301200,大族数控,SZ,mainboard,sz.301200,1,myquant-strategy,2026-06-25
SZ301201,诚达药业,SZ,mainboard,sz.301201,1,myquant-strategy,2026-06-25
SZ301202,朗威股份,SZ,mainboard,sz.301202,1,myquant-strategy,2026-06-25
SZ301203,国泰环保,SZ,mainboard,sz.301203,1,myquant-strategy,2026-06-25
SZ301205,联特科技,SZ,mainboard,sz.301205,1,myquant-strategy,2026-06-25
SZ301206,三元生物,SZ,mainboard,sz.301206,1,myquant-strategy,2026-06-25
SZ301207,华兰疫苗,SZ,mainboard,sz.301207,1,myquant-strategy,2026-06-25
SZ301208,中亦科技,SZ,mainboard,sz.301208,1,myquant-strategy,2026-06-25
SZ301209,联合化学,SZ,mainboard,sz.301209,1,myquant-strategy,2026-06-25
SZ301210,金杨精密,SZ,mainboard,sz.301210,1,myquant-strategy,2026-06-25
SZ301211,亨迪药业,SZ,mainboard,sz.301211,1,myquant-strategy,2026-06-25
SZ301212,联盛化学,SZ,mainboard,sz.301212,1,myquant-strategy,2026-06-25
SZ301213,观想科技,SZ,mainboard,sz.301213,1,myquant-strategy,2026-06-25
SZ301215,中汽股份,SZ,mainboard,sz.301215,1,myquant-strategy,2026-06-25
SZ301216,万凯新材,SZ,mainboard,sz.301216,1,myquant-strategy,2026-06-25
SZ301217,铜冠铜箔,SZ,mainboard,sz.301217,1,myquant-strategy,2026-06-25
SZ301218,华是科技,SZ,mainboard,sz.301218,1,myquant-strategy,2026-06-25
SZ301219,腾远钴业,SZ,mainboard,sz.301219,1,myquant-strategy,2026-06-25
SZ301220,亚香股份,SZ,mainboard,sz.301220,1,myquant-strategy,2026-06-25
SZ301221,光庭信息,SZ,mainboard,sz.301221,1,myquant-strategy,2026-06-25
SZ301222,浙江恒威,SZ,mainboard,sz.301222,1,myquant-strategy,2026-06-25
SZ301223,中荣股份,SZ,mainboard,sz.301223,1,myquant-strategy,2026-06-25
SZ301225,恒勃股份,SZ,mainboard,sz.301225,1,myquant-strategy,2026-06-25
SZ301226,祥明智能,SZ,mainboard,sz.301226,1,myquant-strategy,2026-06-25
SZ301227,森鹰窗业,SZ,mainboard,sz.301227,1,myquant-strategy,2026-06-25
SZ301228,实朴检测,SZ,mainboard,sz.301228,1,myquant-strategy,2026-06-25
SZ301229,纽泰格,SZ,mainboard,sz.301229,1,myquant-strategy,2026-06-25
SZ301230,泓博医药,SZ,mainboard,sz.301230,1,myquant-strategy,2026-06-25
SZ301231,荣信文化,SZ,mainboard,sz.301231,1,myquant-strategy,2026-06-25
SZ301232,飞沃科技,SZ,mainboard,sz.301232,1,myquant-strategy,2026-06-25
SZ301233,盛帮股份,SZ,mainboard,sz.301233,1,myquant-strategy,2026-06-25
SZ301234,五洲医疗,SZ,mainboard,sz.301234,1,myquant-strategy,2026-06-25
SZ301235,华康洁净,SZ,mainboard,sz.301235,1,myquant-strategy,2026-06-25
SZ301236,软通动力,SZ,mainboard,sz.301236,1,myquant-strategy,2026-06-25
SZ301237,和顺科技,SZ,mainboard,sz.301237,1,myquant-strategy,2026-06-25
SZ301238,瑞泰新材,SZ,mainboard,sz.301238,1,myquant-strategy,2026-06-25
SZ301239,普瑞眼科,SZ,mainboard,sz.301239,1,myquant-strategy,2026-06-25
SZ301246,宏源药业,SZ,mainboard,sz.301246,1,myquant-strategy,2026-06-25
SZ301248,杰创智能,SZ,mainboard,sz.301248,1,myquant-strategy,2026-06-25
SZ301251,威尔高,SZ,mainboard,sz.301251,1,myquant-strategy,2026-06-25
SZ301252,同星科技,SZ,mainboard,sz.301252,1,myquant-strategy,2026-06-25
SZ301255,通力科技,SZ,mainboard,sz.301255,1,myquant-strategy,2026-06-25
SZ301256,华融化学,SZ,mainboard,sz.301256,1,myquant-strategy,2026-06-25
SZ301257,普蕊斯,SZ,mainboard,sz.301257,1,myquant-strategy,2026-06-25
SZ301258,富士莱,SZ,mainboard,sz.301258,1,myquant-strategy,2026-06-25
SZ301259,艾布鲁,SZ,mainboard,sz.301259,1,myquant-strategy,2026-06-25
SZ301260,格力博,SZ,mainboard,sz.301260,1,myquant-strategy,2026-06-25
SZ301261,恒工精密,SZ,mainboard,sz.301261,1,myquant-strategy,2026-06-25
SZ301262,海看股份,SZ,mainboard,sz.301262,1,myquant-strategy,2026-06-25
SZ301263,泰恩康,SZ,mainboard,sz.301263,1,myquant-strategy,2026-06-25
SZ301265,华新环保,SZ,mainboard,sz.301265,1,myquant-strategy,2026-06-25
SZ301266,宇邦新材,SZ,mainboard,sz.301266,1,myquant-strategy,2026-06-25
SZ301267,华厦眼科,SZ,mainboard,sz.301267,1,myquant-strategy,2026-06-25
SZ301268,铭利达,SZ,mainboard,sz.301268,1,myquant-strategy,2026-06-25
SZ301269,华大九天,SZ,mainboard,sz.301269,1,myquant-strategy,2026-06-25
SZ301270,汉仪股份,SZ,mainboard,sz.301270,1,myquant-strategy,2026-06-25
SZ301272,英华特,SZ,mainboard,sz.301272,1,myquant-strategy,2026-06-25
SZ301273,瑞晨环保,SZ,mainboard,sz.301273,1,myquant-strategy,2026-06-25
SZ301275,汉朔科技,SZ,mainboard,sz.301275,1,myquant-strategy,2026-06-25
SZ301276,嘉曼服饰,SZ,mainboard,sz.301276,1,myquant-strategy,2026-06-25
SZ301277,新天地,SZ,mainboard,sz.301277,1,myquant-strategy,2026-06-25
SZ301278,快可电子,SZ,mainboard,sz.301278,1,myquant-strategy,2026-06-25
SZ301279,金道科技,SZ,mainboard,sz.301279,1,myquant-strategy,2026-06-25
SZ301280,珠城科技,SZ,mainboard,sz.301280,1,myquant-strategy,2026-06-25
SZ301281,科源制药,SZ,mainboard,sz.301281,1,myquant-strategy,2026-06-25
SZ301282,金禄电子,SZ,mainboard,sz.301282,1,myquant-strategy,2026-06-25
SZ301283,聚胶股份,SZ,mainboard,sz.301283,1,myquant-strategy,2026-06-25
SZ301285,鸿日达,SZ,mainboard,sz.301285,1,myquant-strategy,2026-06-25
SZ301286,侨源股份,SZ,mainboard,sz.301286,1,myquant-strategy,2026-06-25
SZ301287,康力源,SZ,mainboard,sz.301287,1,myquant-strategy,2026-06-25
SZ301288,*ST清研,SZ,mainboard,sz.301288,1,myquant-strategy,2026-06-25
SZ301289,国缆检测,SZ,mainboard,sz.301289,1,myquant-strategy,2026-06-25
SZ301290,东星医疗,SZ,mainboard,sz.301290,1,myquant-strategy,2026-06-25
SZ301291,明阳电气,SZ,mainboard,sz.301291,1,myquant-strategy,2026-06-25
SZ301292,海科新源,SZ,mainboard,sz.301292,1,myquant-strategy,2026-06-25
SZ301293,三博脑科,SZ,mainboard,sz.301293,1,myquant-strategy,2026-06-25
SZ301295,美硕科技,SZ,mainboard,sz.301295,1,myquant-strategy,2026-06-25
SZ301296,新巨丰,SZ,mainboard,sz.301296,1,myquant-strategy,2026-06-25
SZ301297,富乐德,SZ,mainboard,sz.301297,1,myquant-strategy,2026-06-25
SZ301298,东利机械,SZ,mainboard,sz.301298,1,myquant-strategy,2026-06-25
SZ301299,卓创资讯,SZ,mainboard,sz.301299,1,myquant-strategy,2026-06-25
SZ301300,远翔新材,SZ,mainboard,sz.301300,1,myquant-strategy,2026-06-25
SZ301301,川宁生物,SZ,mainboard,sz.301301,1,myquant-strategy,2026-06-25
SZ301302,华如科技,SZ,mainboard,sz.301302,1,myquant-strategy,2026-06-25
SZ301303,真兰仪表,SZ,mainboard,sz.301303,1,myquant-strategy,2026-06-25
SZ301305,朗坤科技,SZ,mainboard,sz.301305,1,myquant-strategy,2026-06-25
SZ301306,西测测试,SZ,mainboard,sz.301306,1,myquant-strategy,2026-06-25
SZ301307,美利信,SZ,mainboard,sz.301307,1,myquant-strategy,2026-06-25
SZ301308,江波龙,SZ,mainboard,sz.301308,1,myquant-strategy,2026-06-25
SZ301309,万得凯,SZ,mainboard,sz.301309,1,myquant-strategy,2026-06-25
SZ301310,鑫宏业,SZ,mainboard,sz.301310,1,myquant-strategy,2026-06-25
SZ301311,昆船智能,SZ,mainboard,sz.301311,1,myquant-strategy,2026-06-25
SZ301312,智立方,SZ,mainboard,sz.301312,1,myquant-strategy,2026-06-25
SZ301313,凡拓数创,SZ,mainboard,sz.301313,1,myquant-strategy,2026-06-25
SZ301314,科瑞思,SZ,mainboard,sz.301314,1,myquant-strategy,2026-06-25
SZ301315,威士顿,SZ,mainboard,sz.301315,1,myquant-strategy,2026-06-25
SZ301316,慧博云通,SZ,mainboard,sz.301316,1,myquant-strategy,2026-06-25
SZ301317,鑫磊股份,SZ,mainboard,sz.301317,1,myquant-strategy,2026-06-25
SZ301318,维海德,SZ,mainboard,sz.301318,1,myquant-strategy,2026-06-25
SZ301319,唯特偶,SZ,mainboard,sz.301319,1,myquant-strategy,2026-06-25
SZ301320,豪江智能,SZ,mainboard,sz.301320,1,myquant-strategy,2026-06-25
SZ301321,翰博高新,SZ,mainboard,sz.301321,1,myquant-strategy,2026-06-25
SZ301322,绿通科技,SZ,mainboard,sz.301322,1,myquant-strategy,2026-06-25
SZ301323,新莱福,SZ,mainboard,sz.301323,1,myquant-strategy,2026-06-25
SZ301325,曼恩斯特,SZ,mainboard,sz.301325,1,myquant-strategy,2026-06-25
SZ301326,捷邦科技,SZ,mainboard,sz.301326,1,myquant-strategy,2026-06-25
SZ301327,华宝新能,SZ,mainboard,sz.301327,1,myquant-strategy,2026-06-25
SZ301328,维峰电子,SZ,mainboard,sz.301328,1,myquant-strategy,2026-06-25
SZ301329,信音电子,SZ,mainboard,sz.301329,1,myquant-strategy,2026-06-25
SZ301330,熵基科技,SZ,mainboard,sz.301330,1,myquant-strategy,2026-06-25
SZ301331,恩威医药,SZ,mainboard,sz.301331,1,myquant-strategy,2026-06-25
SZ301332,德尔玛,SZ,mainboard,sz.301332,1,myquant-strategy,2026-06-25
SZ301333,诺思格,SZ,mainboard,sz.301333,1,myquant-strategy,2026-06-25
SZ301335,天元宠物,SZ,mainboard,sz.301335,1,myquant-strategy,2026-06-25
SZ301336,趣睡科技,SZ,mainboard,sz.301336,1,myquant-strategy,2026-06-25
SZ301337,亚华电子,SZ,mainboard,sz.301337,1,myquant-strategy,2026-06-25
SZ301338,凯格精机,SZ,mainboard,sz.301338,1,myquant-strategy,2026-06-25
SZ301339,通行宝,SZ,mainboard,sz.301339,1,myquant-strategy,2026-06-25
SZ301345,涛涛车业,SZ,mainboard,sz.301345,1,myquant-strategy,2026-06-25
SZ301348,蓝箭电子,SZ,mainboard,sz.301348,1,myquant-strategy,2026-06-25
SZ301349,信德新材,SZ,mainboard,sz.301349,1,myquant-strategy,2026-06-25
SZ301353,普莱得,SZ,mainboard,sz.301353,1,myquant-strategy,2026-06-25
SZ301355,南王科技,SZ,mainboard,sz.301355,1,myquant-strategy,2026-06-25
SZ301356,天振股份,SZ,mainboard,sz.301356,1,myquant-strategy,2026-06-25
SZ301357,北方长龙,SZ,mainboard,sz.301357,1,myquant-strategy,2026-06-25
SZ301358,湖南裕能,SZ,mainboard,sz.301358,1,myquant-strategy,2026-06-25
SZ301359,东南电子,SZ,mainboard,sz.301359,1,myquant-strategy,2026-06-25
SZ301360,荣旗科技,SZ,mainboard,sz.301360,1,myquant-strategy,2026-06-25
SZ301361,众智科技,SZ,mainboard,sz.301361,1,myquant-strategy,2026-06-25
SZ301362,民爆光电,SZ,mainboard,sz.301362,1,myquant-strategy,2026-06-25
SZ301363,美好医疗,SZ,mainboard,sz.301363,1,myquant-strategy,2026-06-25
SZ301365,矩阵股份,SZ,mainboard,sz.301365,1,myquant-strategy,2026-06-25
SZ301366,一博科技,SZ,mainboard,sz.301366,1,myquant-strategy,2026-06-25
SZ301367,瑞迈特,SZ,mainboard,sz.301367,1,myquant-strategy,2026-06-25
SZ301368,丰立智能,SZ,mainboard,sz.301368,1,myquant-strategy,2026-06-25
SZ301369,联动科技,SZ,mainboard,sz.301369,1,myquant-strategy,2026-06-25
SZ301370,国科恒泰,SZ,mainboard,sz.301370,1,myquant-strategy,2026-06-25
SZ301371,敷尔佳,SZ,mainboard,sz.301371,1,myquant-strategy,2026-06-25
SZ301372,科净源,SZ,mainboard,sz.301372,1,myquant-strategy,2026-06-25
SZ301373,凌玮科技,SZ,mainboard,sz.301373,1,myquant-strategy,2026-06-25
SZ301376,致欧科技,SZ,mainboard,sz.301376,1,myquant-strategy,2026-06-25
SZ301377,鼎泰高科,SZ,mainboard,sz.301377,1,myquant-strategy,2026-06-25
SZ301378,通达海,SZ,mainboard,sz.301378,1,myquant-strategy,2026-06-25
SZ301379,天山电子,SZ,mainboard,sz.301379,1,myquant-strategy,2026-06-25
SZ301380,挖金客,SZ,mainboard,sz.301380,1,myquant-strategy,2026-06-25
SZ301381,赛维时代,SZ,mainboard,sz.301381,1,myquant-strategy,2026-06-25
SZ301382,蜂助手,SZ,mainboard,sz.301382,1,myquant-strategy,2026-06-25
SZ301383,天键股份,SZ,mainboard,sz.301383,1,myquant-strategy,2026-06-25
SZ301386,未来电器,SZ,mainboard,sz.301386,1,myquant-strategy,2026-06-25
SZ301387,光大同创,SZ,mainboard,sz.301387,1,myquant-strategy,2026-06-25
SZ301388,欣灵电气,SZ,mainboard,sz.301388,1,myquant-strategy,2026-06-25
SZ301389,隆扬电子,SZ,mainboard,sz.301389,1,myquant-strategy,2026-06-25
SZ301390,经纬股份,SZ,mainboard,sz.301390,1,myquant-strategy,2026-06-25
SZ301391,卡莱特,SZ,mainboard,sz.301391,1,myquant-strategy,2026-06-25
SZ301392,汇成真空,SZ,mainboard,sz.301392,1,myquant-strategy,2026-06-25
SZ301393,昊帆生物,SZ,mainboard,sz.301393,1,myquant-strategy,2026-06-25
SZ301395,仁信新材,SZ,mainboard,sz.301395,1,myquant-strategy,2026-06-25
SZ301396,宏景科技,SZ,mainboard,sz.301396,1,myquant-strategy,2026-06-25
SZ301397,溯联股份,SZ,mainboard,sz.301397,1,myquant-strategy,2026-06-25
SZ301398,星源卓镁,SZ,mainboard,sz.301398,1,myquant-strategy,2026-06-25
SZ301399,英特科技,SZ,mainboard,sz.301399,1,myquant-strategy,2026-06-25
SZ301408,华人健康,SZ,mainboard,sz.301408,1,myquant-strategy,2026-06-25
SZ301413,安培龙,SZ,mainboard,sz.301413,1,myquant-strategy,2026-06-25
SZ301418,协昌科技,SZ,mainboard,sz.301418,1,myquant-strategy,2026-06-25
SZ301419,阿莱德,SZ,mainboard,sz.301419,1,myquant-strategy,2026-06-25
SZ301421,波长光电,SZ,mainboard,sz.301421,1,myquant-strategy,2026-06-25
SZ301428,世纪恒通,SZ,mainboard,sz.301428,1,myquant-strategy,2026-06-25
SZ301429,森泰股份,SZ,mainboard,sz.301429,1,myquant-strategy,2026-06-25
SZ301439,泓淋电力,SZ,mainboard,sz.301439,1,myquant-strategy,2026-06-25
SZ301446,福事特,SZ,mainboard,sz.301446,1,myquant-strategy,2026-06-25
SZ301448,开创电气,SZ,mainboard,sz.301448,1,myquant-strategy,2026-06-25
SZ301449,天溯计量,SZ,mainboard,sz.301449,1,myquant-strategy,2026-06-25
SZ301456,盘古智能,SZ,mainboard,sz.301456,1,myquant-strategy,2026-06-25
SZ301458,钧崴电子,SZ,mainboard,sz.301458,1,myquant-strategy,2026-06-25
SZ301459,丰茂股份,SZ,mainboard,sz.301459,1,myquant-strategy,2026-06-25
SZ301468,博盈特焊,SZ,mainboard,sz.301468,1,myquant-strategy,2026-06-25
SZ301469,恒达新材,SZ,mainboard,sz.301469,1,myquant-strategy,2026-06-25
SZ301479,弘景光电,SZ,mainboard,sz.301479,1,myquant-strategy,2026-06-25
SZ301486,致尚科技,SZ,mainboard,sz.301486,1,myquant-strategy,2026-06-25
SZ301487,盟固利,SZ,mainboard,sz.301487,1,myquant-strategy,2026-06-25
SZ301488,豪恩汽电,SZ,mainboard,sz.301488,1,myquant-strategy,2026-06-25
SZ301489,思泉新材,SZ,mainboard,sz.301489,1,myquant-strategy,2026-06-25
SZ301491,汉桑科技,SZ,mainboard,sz.301491,1,myquant-strategy,2026-06-25
SZ301498,乖宝宠物,SZ,mainboard,sz.301498,1,myquant-strategy,2026-06-25
SZ301499,维科精密,SZ,mainboard,sz.301499,1,myquant-strategy,2026-06-25
SZ301500,飞南资源,SZ,mainboard,sz.301500,1,myquant-strategy,2026-06-25
SZ301501,恒鑫生活,SZ,mainboard,sz.301501,1,myquant-strategy,2026-06-25
SZ301502,华阳智能,SZ,mainboard,sz.301502,1,myquant-strategy,2026-06-25
SZ301503,智迪科技,SZ,mainboard,sz.301503,1,myquant-strategy,2026-06-25
SZ301505,苏州规划,SZ,mainboard,sz.301505,1,myquant-strategy,2026-06-25
SZ301507,民生健康,SZ,mainboard,sz.301507,1,myquant-strategy,2026-06-25
SZ301508,中机认检,SZ,mainboard,sz.301508,1,myquant-strategy,2026-06-25
SZ301509,金凯生科,SZ,mainboard,sz.301509,1,myquant-strategy,2026-06-25
SZ301510,固高科技,SZ,mainboard,sz.301510,1,myquant-strategy,2026-06-25
SZ301511,德福科技,SZ,mainboard,sz.301511,1,myquant-strategy,2026-06-25
SZ301512,智信精密,SZ,mainboard,sz.301512,1,myquant-strategy,2026-06-25
SZ301515,港通医疗,SZ,mainboard,sz.301515,1,myquant-strategy,2026-06-25
SZ301516,中远通,SZ,mainboard,sz.301516,1,myquant-strategy,2026-06-25
SZ301517,陕西华达,SZ,mainboard,sz.301517,1,myquant-strategy,2026-06-25
SZ301518,长华化学,SZ,mainboard,sz.301518,1,myquant-strategy,2026-06-25
SZ301519,舜禹股份,SZ,mainboard,sz.301519,1,myquant-strategy,2026-06-25
SZ301520,万邦医药,SZ,mainboard,sz.301520,1,myquant-strategy,2026-06-25
SZ301522,上大股份,SZ,mainboard,sz.301522,1,myquant-strategy,2026-06-25
SZ301525,儒竞科技,SZ,mainboard,sz.301525,1,myquant-strategy,2026-06-25
SZ301526,国际复材,SZ,mainboard,sz.301526,1,myquant-strategy,2026-06-25
SZ301528,多浦乐,SZ,mainboard,sz.301528,1,myquant-strategy,2026-06-25
SZ301529,福赛科技,SZ,mainboard,sz.301529,1,myquant-strategy,2026-06-25
SZ301533,威马农机,SZ,mainboard,sz.301533,1,myquant-strategy,2026-06-25
SZ301535,浙江华远,SZ,mainboard,sz.301535,1,myquant-strategy,2026-06-25
SZ301536,星宸科技,SZ,mainboard,sz.301536,1,myquant-strategy,2026-06-25
SZ301538,骏鼎达,SZ,mainboard,sz.301538,1,myquant-strategy,2026-06-25
SZ301539,宏鑫科技,SZ,mainboard,sz.301539,1,myquant-strategy,2026-06-25
SZ301548,崇德科技,SZ,mainboard,sz.301548,1,myquant-strategy,2026-06-25
SZ301550,斯菱智驱,SZ,mainboard,sz.301550,1,myquant-strategy,2026-06-25
SZ301551,无线传媒,SZ,mainboard,sz.301551,1,myquant-strategy,2026-06-25
SZ301552,科力装备,SZ,mainboard,sz.301552,1,myquant-strategy,2026-06-25
SZ301555,惠柏新材,SZ,mainboard,sz.301555,1,myquant-strategy,2026-06-25
SZ301556,托普云农,SZ,mainboard,sz.301556,1,myquant-strategy,2026-06-25
SZ301557,常友科技,SZ,mainboard,sz.301557,1,myquant-strategy,2026-06-25
SZ301558,三态股份,SZ,mainboard,sz.301558,1,myquant-strategy,2026-06-25
SZ301559,中集环科,SZ,mainboard,sz.301559,1,myquant-strategy,2026-06-25
SZ301560,众捷汽车,SZ,mainboard,sz.301560,1,myquant-strategy,2026-06-25
SZ301563,云汉芯城,SZ,mainboard,sz.301563,1,myquant-strategy,2026-06-25
SZ301565,中仑新材,SZ,mainboard,sz.301565,1,myquant-strategy,2026-06-25
SZ301566,达利凯普,SZ,mainboard,sz.301566,1,myquant-strategy,2026-06-25
SZ301567,贝隆精密,SZ,mainboard,sz.301567,1,myquant-strategy,2026-06-25
SZ301568,思泰克,SZ,mainboard,sz.301568,1,myquant-strategy,2026-06-25
SZ301571,国科天成,SZ,mainboard,sz.301571,1,myquant-strategy,2026-06-25
SZ301575,艾芬达,SZ,mainboard,sz.301575,1,myquant-strategy,2026-06-25
SZ301577,美信科技,SZ,mainboard,sz.301577,1,myquant-strategy,2026-06-25
SZ301578,辰奕智能,SZ,mainboard,sz.301578,1,myquant-strategy,2026-06-25
SZ301580,爱迪特,SZ,mainboard,sz.301580,1,myquant-strategy,2026-06-25
SZ301581,黄山谷捷,SZ,mainboard,sz.301581,1,myquant-strategy,2026-06-25
SZ301584,建发致新,SZ,mainboard,sz.301584,1,myquant-strategy,2026-06-25
SZ301585,蓝宇股份,SZ,mainboard,sz.301585,1,myquant-strategy,2026-06-25
SZ301586,佳力奇,SZ,mainboard,sz.301586,1,myquant-strategy,2026-06-25
SZ301587,中瑞股份,SZ,mainboard,sz.301587,1,myquant-strategy,2026-06-25
SZ301588,美新科技,SZ,mainboard,sz.301588,1,myquant-strategy,2026-06-25
SZ301589,诺瓦星云,SZ,mainboard,sz.301589,1,myquant-strategy,2026-06-25
SZ301590,优优绿能,SZ,mainboard,sz.301590,1,myquant-strategy,2026-06-25
SZ301591,肯特股份,SZ,mainboard,sz.301591,1,myquant-strategy,2026-06-25
SZ301592,六九一二,SZ,mainboard,sz.301592,1,myquant-strategy,2026-06-25
SZ301595,太力科技,SZ,mainboard,sz.301595,1,myquant-strategy,2026-06-25
SZ301596,瑞迪智驱,SZ,mainboard,sz.301596,1,myquant-strategy,2026-06-25
SZ301598,博科测试,SZ,mainboard,sz.301598,1,myquant-strategy,2026-06-25
SZ301600,慧翰股份,SZ,mainboard,sz.301600,1,myquant-strategy,2026-06-25
SZ301601,惠通科技,SZ,mainboard,sz.301601,1,myquant-strategy,2026-06-25
SZ301602,超研股份,SZ,mainboard,sz.301602,1,myquant-strategy,2026-06-25
SZ301603,乔锋智能,SZ,mainboard,sz.301603,1,myquant-strategy,2026-06-25
SZ301606,绿联科技,SZ,mainboard,sz.301606,1,myquant-strategy,2026-06-25
SZ301607,富特科技,SZ,mainboard,sz.301607,1,myquant-strategy,2026-06-25
SZ301608,博实结,SZ,mainboard,sz.301608,1,myquant-strategy,2026-06-25
SZ301609,山大电力,SZ,mainboard,sz.301609,1,myquant-strategy,2026-06-25
SZ301611,珂玛科技,SZ,mainboard,sz.301611,1,myquant-strategy,2026-06-25
SZ301613,新铝时代,SZ,mainboard,sz.301613,1,myquant-strategy,2026-06-25
SZ301616,浙江华业,SZ,mainboard,sz.301616,1,myquant-strategy,2026-06-25
SZ301617,博苑股份,SZ,mainboard,sz.301617,1,myquant-strategy,2026-06-25
SZ301618,长联科技,SZ,mainboard,sz.301618,1,myquant-strategy,2026-06-25
SZ301622,英思特,SZ,mainboard,sz.301622,1,myquant-strategy,2026-06-25
SZ301626,苏州天脉,SZ,mainboard,sz.301626,1,myquant-strategy,2026-06-25
SZ301628,强达电路,SZ,mainboard,sz.301628,1,myquant-strategy,2026-06-25
SZ301629,矽电股份,SZ,mainboard,sz.301629,1,myquant-strategy,2026-06-25
SZ301630,同宇新材,SZ,mainboard,sz.301630,1,myquant-strategy,2026-06-25
SZ301631,壹连科技,SZ,mainboard,sz.301631,1,myquant-strategy,2026-06-25
SZ301632,广东建科,SZ,mainboard,sz.301632,1,myquant-strategy,2026-06-25
SZ301633,港迪技术,SZ,mainboard,sz.301633,1,myquant-strategy,2026-06-25
SZ301636,泽润新能,SZ,mainboard,sz.301636,1,myquant-strategy,2026-06-25
SZ301638,南网数字,SZ,mainboard,sz.301638,1,myquant-strategy,2026-06-25
SZ301656,联合动力,SZ,mainboard,sz.301656,1,myquant-strategy,2026-06-25
SZ301658,首航新能,SZ,mainboard,sz.301658,1,myquant-strategy,2026-06-25
SZ301662,宏工科技,SZ,mainboard,sz.301662,1,myquant-strategy,2026-06-25
SZ301665,泰禾股份,SZ,mainboard,sz.301665,1,myquant-strategy,2026-06-25
SZ301667,纳百川,SZ,mainboard,sz.301667,1,myquant-strategy,2026-06-25
SZ301668,昊创瑞通,SZ,mainboard,sz.301668,1,myquant-strategy,2026-06-25
SZ301678,新恒汇,SZ,mainboard,sz.301678,1,myquant-strategy,2026-06-25
SZ301687,新广益,SZ,mainboard,sz.301687,1,myquant-strategy,2026-06-25
