trade_date,fetch_status,observed_row_count,effective_row_count,source_trade_date,is_imputed,attempts,error
20160831,observed,72,72,20160831,False,1,
20160901,observed,72,72,20160901,False,1,
20160902,observed,72,72,20160902,False,1,
20160905,observed,72,72,20160905,False,1,
20160906,observed,72,72,20160906,False,1,
20160907,observed,72,72,20160907,False,2,
20160908,observed,72,72,20160908,False,1,
20160909,observed,72,72,20160909,False,1,
20160912,observed,72,72,20160912,False,1,
20160913,observed,73,73,20160913,False,1,
20160914,observed,73,73,20160914,False,2,
20160919,observed,73,73,20160919,False,1,
20160920,observed,73,73,20160920,False,1,
20160921,observed,73,73,20160921,False,1,
20160922,empty,0,73,20160921,True,1,
20160923,observed,73,73,20160923,False,1,
20160926,observed,73,73,20160926,False,1,
20160927,observed,73,73,20160927,False,1,
20160928,observed,73,73,20160928,False,1,
20160929,observed,73,73,20160929,False,1,
20160930,observed,73,73,20160930,False,1,
20161010,empty,0,73,20160930,True,2,
20161011,observed,73,73,20161011,False,1,
20161012,observed,73,73,20161012,False,1,
20161013,observed,73,73,20161013,False,1,
20161014,observed,73,73,20161014,False,1,
20161017,observed,73,73,20161017,False,1,
20161018,observed,73,73,20161018,False,1,
20161019,observed,73,73,20161019,False,1,
20161020,observed,73,73,20161020,False,1,
20161021,observed,73,73,20161021,False,1,
20161024,observed,73,73,20161024,False,1,
20161025,observed,73,73,20161025,False,1,
20161026,observed,73,73,20161026,False,1,
20161027,observed,72,72,20161027,False,1,
20161028,observed,72,72,20161028,False,1,
20161031,observed,72,72,20161031,False,1,
20161101,observed,72,72,20161101,False,1,
20161102,observed,72,72,20161102,False,1,
20161103,observed,70,70,20161103,False,1,
20161104,observed,70,70,20161104,False,1,
20161107,observed,70,70,20161107,False,1,
20161108,observed,70,70,20161108,False,1,
20161109,observed,70,70,20161109,False,1,
20161110,observed,70,70,20161110,False,1,
20161111,observed,70,70,20161111,False,1,
20161114,observed,70,70,20161114,False,1,
20161115,observed,70,70,20161115,False,1,
20161116,observed,70,70,20161116,False,1,
20161117,observed,70,70,20161117,False,1,
20161118,observed,70,70,20161118,False,1,
20161121,observed,68,68,20161121,False,1,
20161122,observed,68,68,20161122,False,1,
20161123,observed,68,68,20161123,False,1,
20161124,observed,68,68,20161124,False,1,
20161125,observed,68,68,20161125,False,1,
20161128,observed,68,68,20161128,False,1,
20161129,observed,68,68,20161129,False,1,
20161130,observed,68,68,20161130,False,1,
20161201,observed,68,68,20161201,False,1,
20161202,observed,68,68,20161202,False,1,
20161205,empty,0,68,20161202,True,1,
20161206,observed,68,68,20161206,False,1,
20161207,observed,68,68,20161207,False,2,
20161208,observed,68,68,20161208,False,1,
20161209,observed,68,68,20161209,False,1,
20161212,observed,68,68,20161212,False,1,
20161213,observed,68,68,20161213,False,1,
20161214,observed,68,68,20161214,False,1,
20161215,observed,68,68,20161215,False,1,
20161216,observed,68,68,20161216,False,1,
20161219,observed,68,68,20161219,False,1,
20161220,observed,68,68,20161220,False,1,
20161221,observed,68,68,20161221,False,1,
20161222,observed,68,68,20161222,False,1,
20161223,observed,68,68,20161223,False,1,
20161226,observed,68,68,20161226,False,2,
20161227,observed,68,68,20161227,False,1,
20161228,observed,68,68,20161228,False,1,
20161229,observed,68,68,20161229,False,1,
20161230,observed,68,68,20161230,False,1,
20170103,observed,68,68,20170103,False,1,
20170104,observed,68,68,20170104,False,1,
20170105,observed,68,68,20170105,False,1,
20170106,observed,68,68,20170106,False,1,
20170109,observed,68,68,20170109,False,1,
20170110,observed,68,68,20170110,False,1,
20170111,observed,68,68,20170111,False,1,
20170112,observed,68,68,20170112,False,1,
20170113,observed,68,68,20170113,False,1,
20170116,observed,67,67,20170116,False,1,
20170117,empty,0,67,20170116,True,1,
20170118,observed,67,67,20170118,False,1,
20170119,observed,67,67,20170119,False,1,
20170120,observed,67,67,20170120,False,1,
20170123,observed,67,67,20170123,False,1,
20170124,observed,67,67,20170124,False,1,
20170125,observed,67,67,20170125,False,1,
20170126,observed,67,67,20170126,False,1,
20170203,observed,67,67,20170203,False,1,
20170206,observed,67,67,20170206,False,1,
20170207,observed,67,67,20170207,False,1,
20170208,observed,67,67,20170208,False,1,
20170209,observed,67,67,20170209,False,1,
20170210,observed,67,67,20170210,False,1,
20170213,observed,67,67,20170213,False,1,
20170214,observed,66,66,20170214,False,1,
20170215,observed,66,66,20170215,False,1,
20170216,observed,66,66,20170216,False,1,
20170217,observed,66,66,20170217,False,1,
20170220,observed,66,66,20170220,False,1,
20170221,observed,66,66,20170221,False,1,
20170222,observed,66,66,20170222,False,1,
20170223,observed,65,65,20170223,False,1,
20170224,observed,65,65,20170224,False,1,
20170227,observed,64,64,20170227,False,1,
20170228,observed,64,64,20170228,False,1,
20170301,observed,65,65,20170301,False,2,
20170302,observed,65,65,20170302,False,1,
20170303,observed,65,65,20170303,False,1,
20170306,observed,65,65,20170306,False,1,
20170307,observed,65,65,20170307,False,1,
20170308,observed,64,64,20170308,False,1,
20170309,observed,64,64,20170309,False,1,
20170310,observed,64,64,20170310,False,1,
20170313,observed,63,63,20170313,False,1,
20170314,observed,62,62,20170314,False,1,
20170315,observed,60,60,20170315,False,1,
20170316,observed,60,60,20170316,False,1,
20170317,observed,60,60,20170317,False,1,
20170320,observed,60,60,20170320,False,1,
20170321,observed,63,63,20170321,False,1,
20170322,observed,64,64,20170322,False,1,
20170323,observed,64,64,20170323,False,1,
20170324,observed,64,64,20170324,False,1,
20170327,observed,65,65,20170327,False,1,
20170328,observed,64,64,20170328,False,1,
20170329,observed,67,67,20170329,False,1,
20170330,observed,67,67,20170330,False,1,
20170331,observed,67,67,20170331,False,1,
20170405,observed,66,66,20170405,False,1,
20170406,observed,66,66,20170406,False,1,
20170407,observed,65,65,20170407,False,1,
20170410,observed,65,65,20170410,False,1,
20170411,observed,67,67,20170411,False,1,
20170412,observed,65,65,20170412,False,1,
20170413,observed,65,65,20170413,False,1,
20170414,observed,65,65,20170414,False,1,
20170417,observed,63,63,20170417,False,1,
20170418,observed,64,64,20170418,False,1,
20170419,observed,63,63,20170419,False,1,
20170420,observed,63,63,20170420,False,1,
20170421,observed,63,63,20170421,False,1,
20170424,observed,64,64,20170424,False,1,
20170425,observed,64,64,20170425,False,1,
20170426,observed,66,66,20170426,False,1,
20170427,observed,69,69,20170427,False,1,
20170428,observed,71,71,20170428,False,1,
20170502,observed,76,76,20170502,False,1,
20170503,observed,87,87,20170503,False,1,
20170504,observed,85,85,20170504,False,1,
20170505,observed,84,84,20170505,False,1,
20170508,observed,84,84,20170508,False,1,
20170509,observed,84,84,20170509,False,1,
20170510,observed,84,84,20170510,False,1,
20170511,observed,83,83,20170511,False,1,
20170512,observed,83,83,20170512,False,1,
20170515,observed,81,81,20170515,False,1,
20170516,observed,81,81,20170516,False,1,
20170517,observed,81,81,20170517,False,1,
20170518,observed,79,79,20170518,False,1,
20170519,observed,78,78,20170519,False,1,
20170522,observed,78,78,20170522,False,1,
20170523,observed,76,76,20170523,False,1,
20170524,observed,75,75,20170524,False,2,
20170525,observed,75,75,20170525,False,1,
20170526,observed,74,74,20170526,False,1,
20170531,observed,75,75,20170531,False,1,
20170601,observed,75,75,20170601,False,1,
20170602,observed,75,75,20170602,False,1,
20170605,observed,75,75,20170605,False,1,
20170606,observed,75,75,20170606,False,1,
20170607,observed,75,75,20170607,False,2,
20170608,observed,74,74,20170608,False,1,
20170609,observed,74,74,20170609,False,1,
20170612,observed,74,74,20170612,False,1,
20170613,observed,74,74,20170613,False,1,
20170614,observed,74,74,20170614,False,1,
20170615,observed,73,73,20170615,False,1,
20170616,observed,73,73,20170616,False,1,
20170619,observed,73,73,20170619,False,1,
20170620,observed,73,73,20170620,False,1,
20170621,observed,73,73,20170621,False,1,
20170622,observed,73,73,20170622,False,1,
20170623,empty,0,73,20170622,True,1,
20170626,observed,73,73,20170626,False,1,
20170627,observed,73,73,20170627,False,1,
20170628,observed,73,73,20170628,False,1,
20170629,observed,73,73,20170629,False,1,
20170630,observed,73,73,20170630,False,1,
20170703,observed,73,73,20170703,False,1,
20170704,observed,73,73,20170704,False,1,
20170705,observed,73,73,20170705,False,1,
20170706,observed,72,72,20170706,False,1,
20170707,observed,73,73,20170707,False,1,
20170710,observed,73,73,20170710,False,1,
20170711,observed,73,73,20170711,False,1,
20170712,observed,73,73,20170712,False,1,
20170713,observed,73,73,20170713,False,1,
20170714,observed,73,73,20170714,False,1,
20170717,observed,73,73,20170717,False,1,
20170718,observed,73,73,20170718,False,1,
20170719,observed,73,73,20170719,False,1,
20170720,observed,73,73,20170720,False,1,
20170721,observed,73,73,20170721,False,1,
20170724,observed,73,73,20170724,False,2,
20170725,observed,73,73,20170725,False,1,
20170726,observed,73,73,20170726,False,1,
20170727,observed,73,73,20170727,False,1,
20170728,observed,73,73,20170728,False,1,
20170731,observed,73,73,20170731,False,1,
20170801,observed,73,73,20170801,False,1,
20170802,observed,73,73,20170802,False,1,
20170803,observed,73,73,20170803,False,1,
20170804,observed,73,73,20170804,False,1,
20170807,observed,73,73,20170807,False,1,
20170808,observed,73,73,20170808,False,1,
20170809,observed,73,73,20170809,False,1,
20170810,observed,73,73,20170810,False,1,
20170811,observed,73,73,20170811,False,1,
20170814,observed,73,73,20170814,False,2,
20170815,observed,73,73,20170815,False,1,
20170816,observed,73,73,20170816,False,1,
20170817,observed,73,73,20170817,False,1,
20170818,observed,73,73,20170818,False,1,
20170821,observed,73,73,20170821,False,1,
20170822,observed,73,73,20170822,False,1,
20170823,observed,73,73,20170823,False,1,
20170824,observed,73,73,20170824,False,1,
20170825,observed,73,73,20170825,False,1,
20170828,observed,72,72,20170828,False,1,
20170829,observed,72,72,20170829,False,1,
20170830,observed,72,72,20170830,False,1,
20170831,observed,72,72,20170831,False,1,
20170901,observed,72,72,20170901,False,1,
20170904,observed,72,72,20170904,False,1,
20170905,observed,72,72,20170905,False,1,
20170906,observed,72,72,20170906,False,1,
20170907,observed,72,72,20170907,False,1,
20170908,observed,72,72,20170908,False,1,
20170911,observed,72,72,20170911,False,1,
20170912,observed,72,72,20170912,False,1,
20170913,observed,72,72,20170913,False,1,
20170914,observed,72,72,20170914,False,1,
20170915,observed,72,72,20170915,False,1,
20170918,observed,72,72,20170918,False,1,
20170919,observed,72,72,20170919,False,1,
20170920,observed,72,72,20170920,False,1,
20170921,observed,72,72,20170921,False,1,
20170922,observed,72,72,20170922,False,1,
20170925,observed,72,72,20170925,False,1,
20170926,observed,72,72,20170926,False,1,
20170927,observed,72,72,20170927,False,1,
20170928,observed,72,72,20170928,False,1,
20170929,observed,72,72,20170929,False,1,
20171009,observed,72,72,20171009,False,1,
20171010,observed,72,72,20171010,False,1,
20171011,observed,72,72,20171011,False,1,
20171012,observed,72,72,20171012,False,1,
20171013,observed,72,72,20171013,False,1,
20171016,observed,72,72,20171016,False,1,
20171017,observed,72,72,20171017,False,1,
20171018,observed,72,72,20171018,False,1,
20171019,observed,72,72,20171019,False,1,
20171020,observed,72,72,20171020,False,1,
20171023,observed,72,72,20171023,False,1,
20171024,observed,72,72,20171024,False,1,
20171025,observed,72,72,20171025,False,1,
20171026,observed,72,72,20171026,False,1,
20171027,observed,72,72,20171027,False,1,
20171030,observed,72,72,20171030,False,1,
20171031,observed,72,72,20171031,False,1,
20171101,observed,72,72,20171101,False,1,
20171102,observed,72,72,20171102,False,1,
20171103,observed,72,72,20171103,False,1,
20171106,observed,72,72,20171106,False,1,
20171107,observed,72,72,20171107,False,1,
20171108,observed,72,72,20171108,False,1,
20171109,observed,72,72,20171109,False,1,
20171110,observed,72,72,20171110,False,1,
20171113,observed,72,72,20171113,False,1,
20171114,observed,72,72,20171114,False,1,
20171115,observed,72,72,20171115,False,1,
20171116,observed,72,72,20171116,False,1,
20171117,observed,72,72,20171117,False,1,
20171120,observed,72,72,20171120,False,1,
20171121,observed,72,72,20171121,False,1,
20171122,observed,72,72,20171122,False,1,
20171123,observed,72,72,20171123,False,1,
20171124,observed,72,72,20171124,False,1,
20171127,observed,72,72,20171127,False,1,
20171128,observed,72,72,20171128,False,1,
20171129,observed,71,71,20171129,False,1,
20171130,observed,71,71,20171130,False,1,
20171201,observed,71,71,20171201,False,1,
20171204,observed,71,71,20171204,False,1,
20171205,observed,71,71,20171205,False,1,
20171206,observed,71,71,20171206,False,1,
20171207,observed,71,71,20171207,False,1,
20171208,observed,71,71,20171208,False,1,
20171211,observed,71,71,20171211,False,1,
20171212,observed,71,71,20171212,False,1,
20171213,observed,71,71,20171213,False,1,
20171214,observed,71,71,20171214,False,1,
20171215,observed,72,72,20171215,False,1,
20171218,observed,71,71,20171218,False,1,
20171219,observed,71,71,20171219,False,1,
20171220,observed,71,71,20171220,False,1,
20171221,observed,71,71,20171221,False,1,
20171222,observed,71,71,20171222,False,1,
20171225,observed,71,71,20171225,False,1,
20171226,observed,71,71,20171226,False,1,
20171227,observed,72,72,20171227,False,1,
20171228,observed,72,72,20171228,False,1,
20171229,observed,73,73,20171229,False,1,
20180102,observed,73,73,20180102,False,1,
20180103,observed,73,73,20180103,False,1,
20180104,observed,73,73,20180104,False,1,
20180105,observed,73,73,20180105,False,1,
20180108,observed,73,73,20180108,False,1,
20180109,observed,73,73,20180109,False,1,
20180110,observed,73,73,20180110,False,1,
20180111,observed,74,74,20180111,False,1,
20180112,observed,74,74,20180112,False,1,
20180115,observed,74,74,20180115,False,1,
20180116,observed,74,74,20180116,False,1,
20180117,observed,74,74,20180117,False,1,
20180118,observed,74,74,20180118,False,1,
20180119,observed,75,75,20180119,False,1,
20180122,observed,75,75,20180122,False,1,
20180123,observed,75,75,20180123,False,1,
20180124,observed,75,75,20180124,False,1,
20180125,observed,75,75,20180125,False,2,
20180126,observed,75,75,20180126,False,1,
20180129,observed,75,75,20180129,False,1,
20180130,observed,75,75,20180130,False,1,
20180131,observed,75,75,20180131,False,1,
20180201,observed,75,75,20180201,False,1,
20180202,observed,75,75,20180202,False,1,
20180205,observed,74,74,20180205,False,1,
20180206,observed,75,75,20180206,False,1,
20180207,observed,75,75,20180207,False,1,
20180208,observed,77,77,20180208,False,1,
20180209,observed,77,77,20180209,False,1,
20180212,observed,77,77,20180212,False,1,
20180213,observed,77,77,20180213,False,1,
20180214,observed,78,78,20180214,False,1,
20180222,observed,78,78,20180222,False,1,
20180223,observed,78,78,20180223,False,1,
20180226,observed,78,78,20180226,False,1,
20180227,observed,78,78,20180227,False,2,
20180228,observed,78,78,20180228,False,1,
20180301,observed,77,77,20180301,False,1,
20180302,observed,76,76,20180302,False,1,
20180305,observed,76,76,20180305,False,1,
20180306,observed,76,76,20180306,False,1,
20180307,observed,76,76,20180307,False,1,
20180308,observed,76,76,20180308,False,1,
20180309,observed,74,74,20180309,False,1,
20180312,observed,74,74,20180312,False,1,
20180313,observed,74,74,20180313,False,1,
20180314,observed,74,74,20180314,False,1,
20180315,observed,73,73,20180315,False,1,
20180316,observed,73,73,20180316,False,1,
20180319,observed,73,73,20180319,False,1,
20180320,observed,73,73,20180320,False,1,
20180321,observed,73,73,20180321,False,1,
20180322,observed,73,73,20180322,False,1,
20180323,observed,73,73,20180323,False,1,
20180326,observed,73,73,20180326,False,1,
20180327,observed,73,73,20180327,False,1,
20180328,observed,72,72,20180328,False,1,
20180329,observed,73,73,20180329,False,1,
20180330,observed,73,73,20180330,False,1,
20180402,observed,74,74,20180402,False,1,
20180403,observed,74,74,20180403,False,1,
20180404,observed,73,73,20180404,False,1,
20180409,observed,72,72,20180409,False,1,
20180410,observed,71,71,20180410,False,1,
20180411,observed,71,71,20180411,False,1,
20180412,observed,70,70,20180412,False,1,
20180413,observed,71,71,20180413,False,1,
20180416,observed,69,69,20180416,False,1,
20180417,observed,69,69,20180417,False,1,
20180418,observed,69,69,20180418,False,1,
20180419,observed,69,69,20180419,False,1,
20180420,observed,69,69,20180420,False,1,
20180423,observed,70,70,20180423,False,1,
20180424,observed,74,74,20180424,False,1,
20180425,observed,76,76,20180425,False,1,
20180426,observed,78,78,20180426,False,1,
20180427,observed,83,83,20180427,False,1,
20180502,observed,87,87,20180502,False,1,
20180503,observed,95,95,20180503,False,1,
20180504,observed,95,95,20180504,False,1,
20180507,observed,93,93,20180507,False,1,
20180508,observed,93,93,20180508,False,1,
20180509,observed,89,89,20180509,False,2,
20180510,observed,88,88,20180510,False,1,
20180511,observed,86,86,20180511,False,1,
20180514,observed,86,86,20180514,False,1,
20180515,observed,85,85,20180515,False,1,
20180516,observed,86,86,20180516,False,1,
20180517,observed,86,86,20180517,False,1,
20180518,observed,85,85,20180518,False,1,
20180521,observed,85,85,20180521,False,1,
20180522,observed,85,85,20180522,False,1,
20180523,observed,84,84,20180523,False,1,
20180524,observed,84,84,20180524,False,1,
20180525,observed,84,84,20180525,False,1,
20180528,observed,84,84,20180528,False,1,
20180529,observed,82,82,20180529,False,1,
20180530,observed,82,82,20180530,False,1,
20180531,observed,82,82,20180531,False,1,
20180601,observed,82,82,20180601,False,1,
20180604,observed,82,82,20180604,False,1,
20180605,observed,81,81,20180605,False,1,
20180606,observed,81,81,20180606,False,1,
20180607,observed,81,81,20180607,False,1,
20180608,observed,81,81,20180608,False,1,
20180611,observed,80,80,20180611,False,1,
20180612,observed,80,80,20180612,False,1,
20180613,observed,80,80,20180613,False,1,
20180614,observed,80,80,20180614,False,1,
20180615,observed,80,80,20180615,False,1,
20180619,observed,80,80,20180619,False,1,
20180620,observed,80,80,20180620,False,1,
20180621,observed,80,80,20180621,False,1,
20180622,observed,80,80,20180622,False,1,
20180625,observed,81,81,20180625,False,1,
20180626,observed,81,81,20180626,False,1,
20180627,observed,82,82,20180627,False,1,
20180628,observed,82,82,20180628,False,1,
20180629,observed,82,82,20180629,False,1,
20180702,observed,85,85,20180702,False,1,
20180703,observed,85,85,20180703,False,1,
20180704,observed,85,85,20180704,False,1,
20180705,observed,85,85,20180705,False,1,
20180706,observed,86,86,20180706,False,1,
20180709,observed,86,86,20180709,False,1,
20180710,observed,86,86,20180710,False,1,
20180711,observed,86,86,20180711,False,1,
20180712,observed,86,86,20180712,False,1,
20180713,observed,85,85,20180713,False,1,
20180716,observed,86,86,20180716,False,1,
20180717,observed,86,86,20180717,False,1,
20180718,observed,86,86,20180718,False,1,
20180719,observed,86,86,20180719,False,1,
20180720,observed,86,86,20180720,False,1,
20180723,observed,86,86,20180723,False,1,
20180724,observed,86,86,20180724,False,1,
20180725,observed,86,86,20180725,False,1,
20180726,observed,87,87,20180726,False,1,
20180727,observed,87,87,20180727,False,1,
20180730,observed,87,87,20180730,False,1,
20180731,observed,87,87,20180731,False,1,
20180801,observed,87,87,20180801,False,1,
20180802,observed,87,87,20180802,False,1,
20180803,observed,87,87,20180803,False,1,
20180806,observed,87,87,20180806,False,1,
20180807,observed,87,87,20180807,False,1,
20180808,observed,87,87,20180808,False,1,
20180809,observed,87,87,20180809,False,1,
20180810,observed,87,87,20180810,False,1,
20180813,observed,87,87,20180813,False,1,
20180814,observed,89,89,20180814,False,1,
20180815,observed,89,89,20180815,False,1,
20180816,observed,89,89,20180816,False,1,
20180817,observed,89,89,20180817,False,1,
20180820,observed,89,89,20180820,False,1,
20180821,observed,89,89,20180821,False,1,
20180822,observed,89,89,20180822,False,1,
20180823,observed,89,89,20180823,False,1,
20180824,observed,88,88,20180824,False,1,
20180827,observed,88,88,20180827,False,1,
20180828,observed,87,87,20180828,False,1,
20180829,observed,87,87,20180829,False,1,
20180830,observed,87,87,20180830,False,1,
20180831,observed,86,86,20180831,False,1,
20180903,observed,86,86,20180903,False,1,
20180904,observed,86,86,20180904,False,1,
20180905,observed,86,86,20180905,False,1,
20180906,observed,86,86,20180906,False,1,
20180907,observed,86,86,20180907,False,1,
20180910,observed,86,86,20180910,False,1,
20180911,observed,86,86,20180911,False,1,
20180912,observed,86,86,20180912,False,1,
20180913,observed,86,86,20180913,False,1,
20180914,observed,86,86,20180914,False,2,
20180917,observed,86,86,20180917,False,1,
20180918,observed,86,86,20180918,False,1,
20180919,observed,86,86,20180919,False,1,
20180920,observed,86,86,20180920,False,1,
20180921,observed,86,86,20180921,False,1,
20180925,observed,86,86,20180925,False,1,
20180926,observed,86,86,20180926,False,1,
20180927,observed,86,86,20180927,False,1,
20180928,observed,86,86,20180928,False,1,
20181008,observed,86,86,20181008,False,1,
20181009,observed,87,87,20181009,False,1,
20181010,observed,87,87,20181010,False,1,
20181011,observed,87,87,20181011,False,1,
20181012,observed,87,87,20181012,False,1,
20181015,observed,87,87,20181015,False,1,
20181016,observed,88,88,20181016,False,1,
20181017,observed,88,88,20181017,False,1,
20181018,observed,88,88,20181018,False,1,
20181019,observed,88,88,20181019,False,1,
20181022,observed,88,88,20181022,False,1,
20181023,observed,88,88,20181023,False,1,
20181024,observed,88,88,20181024,False,1,
20181025,observed,87,87,20181025,False,1,
20181026,observed,88,88,20181026,False,1,
20181029,observed,87,87,20181029,False,1,
20181030,observed,87,87,20181030,False,1,
20181031,observed,88,88,20181031,False,1,
20181101,observed,88,88,20181101,False,1,
20181102,observed,88,88,20181102,False,1,
20181105,observed,88,88,20181105,False,1,
20181106,observed,88,88,20181106,False,1,
20181107,observed,87,87,20181107,False,1,
20181108,observed,87,87,20181108,False,1,
20181109,observed,87,87,20181109,False,1,
20181112,observed,87,87,20181112,False,1,
20181113,observed,87,87,20181113,False,1,
20181114,observed,86,86,20181114,False,1,
20181115,observed,86,86,20181115,False,1,
20181116,observed,86,86,20181116,False,1,
20181119,observed,86,86,20181119,False,1,
20181120,observed,86,86,20181120,False,1,
20181121,observed,86,86,20181121,False,1,
20181122,observed,85,85,20181122,False,1,
20181123,observed,85,85,20181123,False,2,
20181126,observed,85,85,20181126,False,1,
20181127,observed,84,84,20181127,False,1,
20181128,observed,84,84,20181128,False,1,
20181129,observed,84,84,20181129,False,1,
20181130,observed,84,84,20181130,False,1,
20181203,observed,84,84,20181203,False,1,
20181204,observed,85,85,20181204,False,1,
20181205,observed,85,85,20181205,False,1,
20181206,observed,85,85,20181206,False,1,
20181207,observed,85,85,20181207,False,1,
20181210,observed,85,85,20181210,False,1,
20181211,observed,85,85,20181211,False,1,
20181212,observed,85,85,20181212,False,1,
20181213,observed,85,85,20181213,False,1,
20181214,observed,85,85,20181214,False,1,
20181217,observed,85,85,20181217,False,1,
20181218,observed,85,85,20181218,False,1,
20181219,observed,85,85,20181219,False,1,
20181220,observed,85,85,20181220,False,1,
20181221,observed,85,85,20181221,False,1,
20181224,observed,85,85,20181224,False,1,
20181225,observed,85,85,20181225,False,1,
20181226,observed,85,85,20181226,False,1,
20181227,observed,85,85,20181227,False,1,
20181228,observed,85,85,20181228,False,1,
20190102,observed,86,86,20190102,False,1,
20190103,observed,86,86,20190103,False,1,
20190104,observed,86,86,20190104,False,1,
20190107,observed,86,86,20190107,False,1,
20190108,observed,86,86,20190108,False,1,
20190109,observed,86,86,20190109,False,2,
20190110,observed,86,86,20190110,False,1,
20190111,observed,86,86,20190111,False,1,
20190114,observed,86,86,20190114,False,1,
20190115,observed,87,87,20190115,False,1,
20190116,observed,87,87,20190116,False,1,
20190117,observed,87,87,20190117,False,1,
20190118,observed,87,87,20190118,False,1,
20190121,observed,87,87,20190121,False,1,
20190122,observed,87,87,20190122,False,1,
20190123,observed,88,88,20190123,False,1,
20190124,observed,88,88,20190124,False,1,
20190125,observed,88,88,20190125,False,1,
20190128,observed,88,88,20190128,False,1,
20190129,observed,88,88,20190129,False,1,
20190130,observed,88,88,20190130,False,1,
20190131,observed,88,88,20190131,False,1,
20190201,observed,88,88,20190201,False,1,
20190211,observed,87,87,20190211,False,1,
20190212,observed,87,87,20190212,False,1,
20190213,observed,87,87,20190213,False,1,
20190214,observed,87,87,20190214,False,1,
20190215,observed,87,87,20190215,False,1,
20190218,observed,88,88,20190218,False,1,
20190219,observed,88,88,20190219,False,1,
20190220,observed,88,88,20190220,False,1,
20190221,observed,88,88,20190221,False,1,
20190222,observed,88,88,20190222,False,1,
20190225,observed,88,88,20190225,False,1,
20190226,observed,88,88,20190226,False,1,
20190227,observed,88,88,20190227,False,1,
20190228,observed,88,88,20190228,False,1,
20190301,observed,88,88,20190301,False,1,
20190304,observed,88,88,20190304,False,1,
20190305,observed,88,88,20190305,False,1,
20190306,observed,87,87,20190306,False,1,
20190307,observed,87,87,20190307,False,1,
20190308,observed,87,87,20190308,False,1,
20190311,observed,87,87,20190311,False,1,
20190312,observed,87,87,20190312,False,1,
20190313,observed,87,87,20190313,False,1,
20190314,observed,87,87,20190314,False,1,
20190315,observed,86,86,20190315,False,1,
20190318,observed,87,87,20190318,False,1,
20190319,observed,86,86,20190319,False,2,
20190320,observed,86,86,20190320,False,1,
20190321,observed,87,87,20190321,False,1,
20190322,observed,87,87,20190322,False,2,
20190325,observed,88,88,20190325,False,1,
20190326,observed,88,88,20190326,False,1,
20190327,observed,89,89,20190327,False,1,
20190328,observed,91,91,20190328,False,1,
20190329,observed,91,91,20190329,False,1,
20190401,empty,0,91,20190329,True,1,
20190402,observed,89,89,20190402,False,1,
20190403,observed,89,89,20190403,False,1,
20190404,observed,90,90,20190404,False,1,
20190408,observed,90,90,20190408,False,1,
20190409,observed,89,89,20190409,False,1,
20190410,observed,90,90,20190410,False,1,
20190411,observed,90,90,20190411,False,1,
20190412,observed,92,92,20190412,False,1,
20190415,observed,91,91,20190415,False,1,
20190416,observed,92,92,20190416,False,1,
20190417,observed,94,94,20190417,False,1,
20190418,observed,93,93,20190418,False,1,
20190419,observed,93,93,20190419,False,1,
20190422,observed,93,93,20190422,False,1,
20190423,observed,93,93,20190423,False,3,
20190424,observed,94,94,20190424,False,1,
20190425,observed,94,94,20190425,False,1,
20190426,observed,101,101,20190426,False,1,
20190429,observed,108,108,20190429,False,1,
20190430,observed,119,119,20190430,False,1,
20190506,observed,137,137,20190506,False,1,
20190507,observed,136,136,20190507,False,1,
20190508,observed,136,136,20190508,False,1,
20190509,observed,136,136,20190509,False,1,
20190510,observed,136,136,20190510,False,2,
20190513,observed,134,134,20190513,False,1,
20190514,observed,136,136,20190514,False,2,
20190515,observed,135,135,20190515,False,2,
20190516,observed,136,136,20190516,False,2,
20190517,observed,136,136,20190517,False,2,
20190520,observed,136,136,20190520,False,2,
20190521,observed,137,137,20190521,False,2,
20190522,observed,137,137,20190522,False,2,
20190523,observed,137,137,20190523,False,2,
20190524,observed,138,138,20190524,False,1,
20190527,observed,134,134,20190527,False,1,
20190528,observed,135,135,20190528,False,1,
20190529,observed,137,137,20190529,False,1,
20190530,observed,137,137,20190530,False,1,
20190531,observed,137,137,20190531,False,1,
20190603,observed,137,137,20190603,False,1,
20190604,observed,138,138,20190604,False,1,
20190605,observed,138,138,20190605,False,1,
20190606,observed,138,138,20190606,False,1,
20190610,observed,138,138,20190610,False,1,
20190611,observed,138,138,20190611,False,1,
20190612,observed,138,138,20190612,False,1,
20190613,observed,138,138,20190613,False,1,
20190614,observed,138,138,20190614,False,1,
20190617,observed,138,138,20190617,False,1,
20190618,observed,138,138,20190618,False,1,
20190619,observed,139,139,20190619,False,1,
20190620,observed,139,139,20190620,False,1,
20190621,observed,139,139,20190621,False,1,
20190624,observed,139,139,20190624,False,1,
20190625,observed,139,139,20190625,False,1,
20190626,observed,139,139,20190626,False,1,
20190627,observed,139,139,20190627,False,1,
20190628,observed,139,139,20190628,False,1,
20190701,observed,139,139,20190701,False,1,
20190702,observed,139,139,20190702,False,1,
20190703,observed,139,139,20190703,False,1,
20190704,observed,139,139,20190704,False,1,
20190705,observed,139,139,20190705,False,1,
20190708,observed,139,139,20190708,False,1,
20190709,observed,139,139,20190709,False,2,
20190710,observed,139,139,20190710,False,1,
20190711,observed,139,139,20190711,False,1,
20190712,observed,139,139,20190712,False,1,
20190715,observed,139,139,20190715,False,1,
20190716,observed,140,140,20190716,False,1,
20190717,observed,140,140,20190717,False,1,
20190718,observed,140,140,20190718,False,1,
20190719,observed,140,140,20190719,False,1,
20190722,observed,140,140,20190722,False,2,
20190723,observed,140,140,20190723,False,1,
20190724,observed,140,140,20190724,False,1,
20190725,observed,140,140,20190725,False,1,
20190726,observed,140,140,20190726,False,1,
20190729,observed,140,140,20190729,False,1,
20190730,observed,140,140,20190730,False,1,
20190731,observed,140,140,20190731,False,1,
20190801,observed,140,140,20190801,False,1,
20190802,observed,140,140,20190802,False,1,
20190805,observed,140,140,20190805,False,1,
20190806,observed,140,140,20190806,False,1,
20190807,observed,140,140,20190807,False,1,
20190808,observed,140,140,20190808,False,1,
20190809,observed,140,140,20190809,False,1,
20190812,observed,141,141,20190812,False,1,
20190813,observed,142,142,20190813,False,1,
20190814,observed,142,142,20190814,False,1,
20190815,observed,141,141,20190815,False,1,
20190816,observed,141,141,20190816,False,1,
20190819,observed,141,141,20190819,False,1,
20190820,observed,142,142,20190820,False,1,
20190821,observed,142,142,20190821,False,1,
20190822,observed,142,142,20190822,False,1,
20190823,observed,142,142,20190823,False,1,
20190826,observed,142,142,20190826,False,1,
20190827,observed,141,141,20190827,False,1,
20190828,observed,141,141,20190828,False,1,
20190829,observed,141,141,20190829,False,1,
20190830,observed,141,141,20190830,False,1,
20190902,observed,141,141,20190902,False,1,
20190903,observed,142,142,20190903,False,1,
20190904,observed,142,142,20190904,False,1,
20190905,observed,142,142,20190905,False,1,
20190906,observed,142,142,20190906,False,1,
20190909,observed,143,143,20190909,False,1,
20190910,observed,143,143,20190910,False,1,
20190911,observed,143,143,20190911,False,1,
20190912,observed,142,142,20190912,False,1,
20190916,observed,142,142,20190916,False,2,
20190917,observed,142,142,20190917,False,1,
20190918,observed,142,142,20190918,False,1,
20190919,observed,142,142,20190919,False,1,
20190920,observed,142,142,20190920,False,1,
20190923,observed,142,142,20190923,False,1,
20190924,observed,142,142,20190924,False,1,
20190925,observed,142,142,20190925,False,1,
20190926,observed,142,142,20190926,False,1,
20190927,observed,142,142,20190927,False,1,
20190930,observed,141,141,20190930,False,1,
20191008,observed,140,140,20191008,False,1,
20191009,observed,142,142,20191009,False,2,
20191010,observed,142,142,20191010,False,1,
20191011,observed,142,142,20191011,False,1,
20191014,observed,142,142,20191014,False,1,
20191015,observed,141,141,20191015,False,1,
20191016,observed,140,140,20191016,False,1,
20191017,observed,140,140,20191017,False,1,
20191018,observed,139,139,20191018,False,1,
20191021,observed,139,139,20191021,False,1,
20191022,observed,139,139,20191022,False,1,
20191023,observed,139,139,20191023,False,1,
20191024,empty,0,139,20191023,True,2,
20191025,observed,139,139,20191025,False,1,
20191028,observed,138,138,20191028,False,1,
20191029,observed,138,138,20191029,False,1,
20191030,observed,138,138,20191030,False,1,
20191031,observed,138,138,20191031,False,1,
20191101,observed,138,138,20191101,False,1,
20191104,empty,0,138,20191101,True,1,
20191105,observed,139,139,20191105,False,1,
20191106,observed,139,139,20191106,False,1,
20191107,observed,139,139,20191107,False,1,
20191108,observed,139,139,20191108,False,1,
20191111,observed,139,139,20191111,False,1,
20191112,observed,139,139,20191112,False,1,
20191113,observed,139,139,20191113,False,1,
20191114,observed,138,138,20191114,False,1,
20191115,observed,138,138,20191115,False,1,
20191118,observed,138,138,20191118,False,1,
20191119,observed,138,138,20191119,False,1,
20191120,observed,138,138,20191120,False,1,
20191121,observed,138,138,20191121,False,1,
20191122,observed,138,138,20191122,False,1,
20191125,observed,138,138,20191125,False,1,
20191126,observed,138,138,20191126,False,1,
20191127,observed,138,138,20191127,False,1,
20191128,empty,0,138,20191127,True,1,
20191129,observed,138,138,20191129,False,1,
20191202,observed,138,138,20191202,False,1,
20191203,observed,138,138,20191203,False,1,
20191204,observed,138,138,20191204,False,1,
20191205,observed,138,138,20191205,False,1,
20191206,observed,138,138,20191206,False,1,
20191209,observed,138,138,20191209,False,1,
20191210,observed,138,138,20191210,False,1,
20191211,observed,138,138,20191211,False,1,
20191212,observed,137,137,20191212,False,1,
20191213,observed,137,137,20191213,False,1,
20191216,observed,137,137,20191216,False,1,
20191217,observed,137,137,20191217,False,1,
20191218,observed,137,137,20191218,False,1,
20191219,observed,137,137,20191219,False,1,
20191220,observed,137,137,20191220,False,1,
20191223,observed,137,137,20191223,False,1,
20191224,observed,137,137,20191224,False,1,
20191225,observed,137,137,20191225,False,1,
20191226,observed,138,138,20191226,False,1,
20191227,observed,138,138,20191227,False,1,
20191230,observed,138,138,20191230,False,1,
20191231,observed,138,138,20191231,False,1,
20200102,empty,0,138,20191231,True,1,
20200103,observed,137,137,20200103,False,1,
20200106,observed,138,138,20200106,False,1,
20200107,observed,138,138,20200107,False,2,
20200108,observed,138,138,20200108,False,1,
20200109,observed,138,138,20200109,False,1,
20200110,observed,138,138,20200110,False,1,
20200113,observed,139,139,20200113,False,1,
20200114,observed,139,139,20200114,False,1,
20200115,observed,139,139,20200115,False,1,
20200116,observed,139,139,20200116,False,1,
20200117,observed,139,139,20200117,False,1,
20200120,observed,139,139,20200120,False,1,
20200121,observed,139,139,20200121,False,1,
20200122,observed,140,140,20200122,False,1,
20200123,observed,140,140,20200123,False,1,
20200203,observed,140,140,20200203,False,1,
20200204,observed,140,140,20200204,False,1,
20200205,observed,140,140,20200205,False,1,
20200206,observed,140,140,20200206,False,3,
20200207,observed,140,140,20200207,False,1,
20200210,observed,140,140,20200210,False,1,
20200211,observed,140,140,20200211,False,1,
20200212,observed,140,140,20200212,False,1,
20200213,observed,140,140,20200213,False,1,
20200214,observed,140,140,20200214,False,1,
20200217,observed,140,140,20200217,False,1,
20200218,observed,140,140,20200218,False,1,
20200219,observed,140,140,20200219,False,1,
20200220,empty,0,140,20200219,True,1,
20200221,observed,140,140,20200221,False,1,
20200224,observed,140,140,20200224,False,1,
20200225,empty,0,140,20200224,True,1,
20200226,observed,140,140,20200226,False,1,
20200227,observed,140,140,20200227,False,1,
20200228,observed,140,140,20200228,False,1,
20200302,observed,140,140,20200302,False,1,
20200303,observed,140,140,20200303,False,1,
20200304,observed,140,140,20200304,False,1,
20200305,observed,139,139,20200305,False,2,
20200306,observed,139,139,20200306,False,1,
20200309,observed,139,139,20200309,False,1,
20200310,observed,139,139,20200310,False,1,
20200311,observed,139,139,20200311,False,1,
20200312,observed,139,139,20200312,False,1,
20200313,observed,139,139,20200313,False,1,
20200316,empty,0,139,20200313,True,1,
20200317,observed,139,139,20200317,False,1,
20200318,observed,139,139,20200318,False,2,
20200319,observed,139,139,20200319,False,1,
20200320,observed,139,139,20200320,False,1,
20200323,observed,140,140,20200323,False,1,
20200324,observed,140,140,20200324,False,1,
20200325,observed,140,140,20200325,False,1,
20200326,observed,140,140,20200326,False,1,
20200327,observed,140,140,20200327,False,1,
20200330,observed,140,140,20200330,False,1,
20200331,observed,141,141,20200331,False,1,
20200401,observed,143,143,20200401,False,1,
20200402,observed,143,143,20200402,False,1,
20200403,observed,143,143,20200403,False,1,
20200407,observed,143,143,20200407,False,2,
20200408,observed,143,143,20200408,False,1,
20200409,observed,142,142,20200409,False,1,
20200410,observed,142,142,20200410,False,1,
20200413,observed,141,141,20200413,False,1,
20200414,observed,141,141,20200414,False,1,
20200415,observed,141,141,20200415,False,1,
20200416,observed,142,142,20200416,False,1,
20200417,observed,141,141,20200417,False,1,
20200420,observed,141,141,20200420,False,1,
20200421,observed,139,139,20200421,False,1,
20200422,observed,142,142,20200422,False,1,
20200423,empty,0,142,20200422,True,1,
20200424,observed,144,144,20200424,False,1,
20200427,observed,147,147,20200427,False,1,
20200428,observed,148,148,20200428,False,1,
20200429,observed,158,158,20200429,False,1,
20200430,observed,174,174,20200430,False,1,
20200506,observed,199,199,20200506,False,1,
20200507,observed,200,200,20200507,False,1,
20200508,observed,200,200,20200508,False,1,
20200511,observed,200,200,20200511,False,1,
20200512,observed,200,200,20200512,False,1,
20200513,observed,199,199,20200513,False,1,
20200514,observed,199,199,20200514,False,1,
20200515,observed,199,199,20200515,False,1,
20200518,observed,199,199,20200518,False,1,
20200519,observed,199,199,20200519,False,1,
20200520,observed,199,199,20200520,False,1,
20200521,observed,199,199,20200521,False,1,
20200522,observed,199,199,20200522,False,1,
20200525,observed,199,199,20200525,False,1,
20200526,observed,199,199,20200526,False,1,
20200527,observed,199,199,20200527,False,1,
20200528,observed,199,199,20200528,False,1,
20200529,observed,199,199,20200529,False,1,
20200601,observed,198,198,20200601,False,1,
20200602,observed,200,200,20200602,False,1,
20200603,observed,199,199,20200603,False,1,
20200604,observed,199,199,20200604,False,1,
20200605,observed,199,199,20200605,False,1,
20200608,observed,198,198,20200608,False,1,
20200609,observed,197,197,20200609,False,1,
20200610,observed,197,197,20200610,False,1,
20200611,observed,198,198,20200611,False,1,
20200612,observed,198,198,20200612,False,1,
20200615,observed,200,200,20200615,False,1,
20200616,observed,202,202,20200616,False,1,
20200617,observed,202,202,20200617,False,1,
20200618,empty,0,202,20200617,True,1,
20200619,observed,202,202,20200619,False,1,
20200622,observed,203,203,20200622,False,1,
20200623,observed,203,203,20200623,False,1,
20200624,observed,206,206,20200624,False,1,
20200629,observed,208,208,20200629,False,1,
20200630,observed,207,207,20200630,False,1,
20200701,observed,213,213,20200701,False,1,
20200702,observed,213,213,20200702,False,1,
20200703,observed,213,213,20200703,False,1,
20200706,observed,212,212,20200706,False,1,
20200707,observed,213,213,20200707,False,1,
20200708,empty,0,213,20200707,True,1,
20200709,observed,213,213,20200709,False,1,
20200710,observed,212,212,20200710,False,1,
20200713,observed,212,212,20200713,False,1,
20200714,observed,212,212,20200714,False,1,
20200715,observed,212,212,20200715,False,1,
20200716,observed,212,212,20200716,False,1,
20200717,observed,212,212,20200717,False,1,
20200720,empty,0,212,20200717,True,1,
20200721,observed,212,212,20200721,False,1,
20200722,observed,211,211,20200722,False,1,
20200723,observed,211,211,20200723,False,1,
20200724,observed,211,211,20200724,False,1,
20200727,observed,212,212,20200727,False,1,
20200728,observed,212,212,20200728,False,1,
20200729,observed,212,212,20200729,False,1,
20200730,observed,212,212,20200730,False,1,
20200731,observed,212,212,20200731,False,1,
20200803,empty,0,212,20200731,True,1,
20200804,empty,0,212,20200731,True,1,
20200805,observed,212,212,20200805,False,1,
20200806,observed,212,212,20200806,False,1,
20200807,observed,212,212,20200807,False,1,
20200810,observed,212,212,20200810,False,1,
20200811,observed,212,212,20200811,False,1,
20200812,observed,212,212,20200812,False,1,
20200813,observed,212,212,20200813,False,1,
20200814,observed,212,212,20200814,False,1,
20200817,observed,212,212,20200817,False,1,
20200818,observed,212,212,20200818,False,1,
20200819,observed,212,212,20200819,False,1,
20200820,observed,212,212,20200820,False,1,
20200821,observed,212,212,20200821,False,1,
20200824,empty,0,212,20200821,True,1,
20200825,observed,214,214,20200825,False,1,
20200826,observed,214,214,20200826,False,1,
20200827,observed,214,214,20200827,False,1,
20200828,observed,214,214,20200828,False,1,
20200831,observed,214,214,20200831,False,1,
20200901,observed,214,214,20200901,False,1,
20200902,observed,214,214,20200902,False,1,
20200903,observed,214,214,20200903,False,1,
20200904,observed,213,213,20200904,False,1,
20200907,observed,213,213,20200907,False,1,
20200908,observed,213,213,20200908,False,1,
20200909,observed,213,213,20200909,False,1,
20200910,observed,213,213,20200910,False,1,
20200911,observed,213,213,20200911,False,1,
20200914,observed,213,213,20200914,False,1,
20200915,observed,216,216,20200915,False,1,
20200916,observed,216,216,20200916,False,1,
20200917,observed,216,216,20200917,False,1,
20200918,observed,216,216,20200918,False,1,
20200921,observed,216,216,20200921,False,1,
20200922,observed,217,217,20200922,False,1,
20200923,observed,217,217,20200923,False,1,
20200924,observed,217,217,20200924,False,1,
20200925,observed,217,217,20200925,False,1,
20200928,observed,217,217,20200928,False,1,
20200929,observed,218,218,20200929,False,1,
20200930,observed,218,218,20200930,False,1,
20201009,observed,218,218,20201009,False,1,
20201012,observed,218,218,20201012,False,1,
20201013,observed,218,218,20201013,False,1,
20201014,observed,218,218,20201014,False,1,
20201015,observed,218,218,20201015,False,1,
20201016,observed,218,218,20201016,False,1,
20201019,observed,218,218,20201019,False,1,
20201020,observed,218,218,20201020,False,1,
20201021,observed,218,218,20201021,False,1,
20201022,observed,218,218,20201022,False,1,
20201023,observed,218,218,20201023,False,1,
20201026,observed,218,218,20201026,False,1,
20201027,observed,217,217,20201027,False,1,
20201028,observed,217,217,20201028,False,1,
20201029,observed,217,217,20201029,False,1,
20201030,observed,217,217,20201030,False,1,
20201102,observed,217,217,20201102,False,1,
20201103,observed,217,217,20201103,False,1,
20201104,observed,218,218,20201104,False,1,
20201105,observed,217,217,20201105,False,1,
20201106,observed,217,217,20201106,False,1,
20201109,observed,217,217,20201109,False,1,
20201110,observed,217,217,20201110,False,1,
20201111,observed,217,217,20201111,False,1,
20201112,observed,217,217,20201112,False,1,
20201113,observed,217,217,20201113,False,1,
20201116,observed,217,217,20201116,False,1,
20201117,observed,217,217,20201117,False,1,
20201118,observed,217,217,20201118,False,1,
20201119,observed,217,217,20201119,False,1,
20201120,empty,0,217,20201119,True,1,
20201123,observed,217,217,20201123,False,1,
20201124,observed,217,217,20201124,False,1,
20201125,observed,217,217,20201125,False,1,
20201126,observed,217,217,20201126,False,1,
20201127,observed,217,217,20201127,False,1,
20201130,observed,217,217,20201130,False,1,
20201201,observed,217,217,20201201,False,1,
20201202,observed,217,217,20201202,False,1,
20201203,observed,217,217,20201203,False,1,
20201204,observed,217,217,20201204,False,1,
20201207,observed,217,217,20201207,False,1,
20201208,observed,217,217,20201208,False,1,
20201209,observed,217,217,20201209,False,1,
20201210,observed,217,217,20201210,False,1,
20201211,observed,217,217,20201211,False,1,
20201214,observed,217,217,20201214,False,1,
20201215,observed,217,217,20201215,False,1,
20201216,observed,216,216,20201216,False,1,
20201217,observed,216,216,20201217,False,1,
20201218,observed,216,216,20201218,False,1,
20201221,observed,216,216,20201221,False,1,
20201222,observed,216,216,20201222,False,1,
20201223,observed,216,216,20201223,False,1,
20201224,observed,216,216,20201224,False,1,
20201225,observed,216,216,20201225,False,1,
20201228,observed,216,216,20201228,False,1,
20201229,observed,216,216,20201229,False,1,
20201230,observed,216,216,20201230,False,1,
20201231,observed,216,216,20201231,False,1,
20210104,observed,215,215,20210104,False,1,
20210105,observed,215,215,20210105,False,1,
20210106,observed,215,215,20210106,False,1,
20210107,observed,214,214,20210107,False,1,
20210108,observed,214,214,20210108,False,1,
20210111,observed,214,214,20210111,False,1,
20210112,observed,214,214,20210112,False,1,
20210113,observed,214,214,20210113,False,1,
20210114,observed,214,214,20210114,False,1,
20210115,observed,214,214,20210115,False,1,
20210118,observed,214,214,20210118,False,1,
20210119,observed,214,214,20210119,False,1,
20210120,observed,214,214,20210120,False,1,
20210121,observed,213,213,20210121,False,1,
20210122,observed,213,213,20210122,False,1,
20210125,observed,213,213,20210125,False,1,
20210126,observed,214,214,20210126,False,1,
20210127,observed,214,214,20210127,False,1,
20210128,observed,214,214,20210128,False,1,
20210129,empty,0,214,20210128,True,1,
20210201,observed,214,214,20210201,False,1,
20210202,observed,215,215,20210202,False,1,
20210203,observed,215,215,20210203,False,1,
20210204,observed,215,215,20210204,False,1,
20210205,observed,215,215,20210205,False,1,
20210208,observed,215,215,20210208,False,1,
20210209,observed,215,215,20210209,False,1,
20210210,observed,215,215,20210210,False,1,
20210218,observed,215,215,20210218,False,1,
20210219,observed,218,218,20210219,False,1,
20210222,observed,218,218,20210222,False,1,
20210223,observed,218,218,20210223,False,1,
20210224,observed,218,218,20210224,False,1,
20210225,observed,218,218,20210225,False,1,
20210226,observed,217,217,20210226,False,1,
20210301,observed,216,216,20210301,False,1,
20210302,observed,216,216,20210302,False,1,
20210303,observed,217,217,20210303,False,1,
20210304,observed,217,217,20210304,False,1,
20210305,observed,217,217,20210305,False,1,
20210308,observed,217,217,20210308,False,1,
20210309,observed,217,217,20210309,False,1,
20210310,observed,217,217,20210310,False,1,
20210311,observed,217,217,20210311,False,1,
20210312,observed,217,217,20210312,False,1,
20210315,observed,215,215,20210315,False,1,
20210316,empty,0,215,20210315,True,1,
20210317,observed,214,214,20210317,False,1,
20210318,observed,214,214,20210318,False,1,
20210319,observed,212,212,20210319,False,1,
20210322,observed,207,207,20210322,False,1,
20210323,observed,205,205,20210323,False,1,
20210324,observed,205,205,20210324,False,1,
20210325,observed,206,206,20210325,False,1,
20210326,observed,205,205,20210326,False,1,
20210329,observed,205,205,20210329,False,1,
20210330,observed,205,205,20210330,False,1,
20210331,observed,205,205,20210331,False,1,
20210401,observed,204,204,20210401,False,1,
20210402,observed,202,202,20210402,False,1,
20210406,observed,201,201,20210406,False,1,
20210407,observed,201,201,20210407,False,1,
20210408,observed,203,203,20210408,False,1,
20210409,observed,201,201,20210409,False,1,
20210412,observed,200,200,20210412,False,1,
20210413,observed,199,199,20210413,False,1,
20210414,observed,196,196,20210414,False,1,
20210415,observed,195,195,20210415,False,1,
20210416,observed,192,192,20210416,False,1,
20210419,observed,189,189,20210419,False,1,
20210420,observed,188,188,20210420,False,1,
20210421,observed,189,189,20210421,False,1,
20210422,observed,189,189,20210422,False,1,
20210423,observed,190,190,20210423,False,1,
20210426,observed,194,194,20210426,False,1,
20210427,observed,196,196,20210427,False,1,
20210428,observed,202,202,20210428,False,1,
20210429,observed,203,203,20210429,False,1,
20210430,observed,217,217,20210430,False,1,
20210506,observed,238,238,20210506,False,1,
20210507,observed,239,239,20210507,False,1,
20210510,observed,234,234,20210510,False,1,
20210511,observed,231,231,20210511,False,1,
20210512,observed,229,229,20210512,False,1,
20210513,observed,227,227,20210513,False,1,
20210514,observed,227,227,20210514,False,1,
20210517,observed,223,223,20210517,False,1,
20210518,observed,223,223,20210518,False,1,
20210519,observed,215,215,20210519,False,1,
20210520,observed,213,213,20210520,False,1,
20210521,observed,213,213,20210521,False,1,
20210524,observed,213,213,20210524,False,1,
20210525,observed,210,210,20210525,False,1,
20210526,observed,207,207,20210526,False,1,
20210527,observed,206,206,20210527,False,1,
20210528,observed,206,206,20210528,False,1,
20210531,observed,206,206,20210531,False,1,
20210601,observed,205,205,20210601,False,1,
20210602,observed,201,201,20210602,False,1,
20210603,observed,200,200,20210603,False,1,
20210604,observed,198,198,20210604,False,1,
20210607,observed,198,198,20210607,False,1,
20210608,observed,197,197,20210608,False,1,
20210609,observed,196,196,20210609,False,1,
20210610,observed,194,194,20210610,False,1,
20210611,observed,193,193,20210611,False,1,
20210615,observed,193,193,20210615,False,1,
20210616,observed,193,193,20210616,False,1,
20210617,observed,191,191,20210617,False,1,
20210618,observed,191,191,20210618,False,1,
20210621,observed,190,190,20210621,False,1,
20210622,observed,188,188,20210622,False,1,
20210623,observed,187,187,20210623,False,1,
20210624,observed,187,187,20210624,False,1,
20210625,observed,187,187,20210625,False,1,
20210628,observed,186,186,20210628,False,1,
20210629,observed,186,186,20210629,False,1,
20210630,observed,186,186,20210630,False,1,
20210701,observed,186,186,20210701,False,1,
20210702,observed,186,186,20210702,False,1,
20210705,observed,186,186,20210705,False,1,
20210706,observed,186,186,20210706,False,1,
20210707,observed,187,187,20210707,False,1,
20210708,observed,187,187,20210708,False,1,
20210709,observed,187,187,20210709,False,1,
20210712,observed,187,187,20210712,False,1,
20210713,observed,187,187,20210713,False,1,
20210714,observed,187,187,20210714,False,1,
20210715,observed,186,186,20210715,False,1,
20210716,observed,185,185,20210716,False,1,
20210719,observed,185,185,20210719,False,1,
20210720,observed,185,185,20210720,False,1,
20210721,observed,185,185,20210721,False,1,
20210722,observed,186,186,20210722,False,1,
20210723,observed,186,186,20210723,False,1,
20210726,observed,186,186,20210726,False,1,
20210727,observed,186,186,20210727,False,1,
20210728,observed,185,185,20210728,False,1,
20210729,observed,185,185,20210729,False,1,
20210730,observed,185,185,20210730,False,1,
20210802,observed,185,185,20210802,False,1,
20210803,observed,185,185,20210803,False,1,
20210804,observed,184,184,20210804,False,1,
20210805,observed,184,184,20210805,False,1,
20210806,observed,184,184,20210806,False,1,
20210809,observed,184,184,20210809,False,1,
20210810,observed,181,181,20210810,False,1,
20210811,observed,181,181,20210811,False,1,
20210812,observed,181,181,20210812,False,1,
20210813,observed,181,181,20210813,False,1,
20210816,observed,181,181,20210816,False,1,
20210817,observed,182,182,20210817,False,1,
20210818,observed,182,182,20210818,False,1,
20210819,observed,182,182,20210819,False,1,
20210820,observed,182,182,20210820,False,1,
20210823,observed,182,182,20210823,False,1,
20210824,observed,183,183,20210824,False,1,
20210825,observed,183,183,20210825,False,1,
20210826,observed,183,183,20210826,False,1,
20210827,observed,183,183,20210827,False,1,
20210830,observed,183,183,20210830,False,1,
20210831,observed,183,183,20210831,False,1,
20210901,observed,183,183,20210901,False,1,
20210902,observed,183,183,20210902,False,1,
20210903,observed,183,183,20210903,False,1,
20210906,observed,183,183,20210906,False,1,
20210907,observed,184,184,20210907,False,1,
20210908,observed,184,184,20210908,False,1,
20210909,observed,184,184,20210909,False,1,
20210910,observed,184,184,20210910,False,1,
20210913,observed,184,184,20210913,False,1,
20210914,observed,184,184,20210914,False,1,
20210915,observed,184,184,20210915,False,1,
20210916,observed,184,184,20210916,False,1,
20210917,observed,184,184,20210917,False,1,
20210922,observed,184,184,20210922,False,1,
20210923,observed,183,183,20210923,False,1,
20210924,observed,183,183,20210924,False,1,
20210927,observed,183,183,20210927,False,1,
20210928,observed,183,183,20210928,False,1,
20210929,observed,183,183,20210929,False,1,
20210930,observed,183,183,20210930,False,1,
20211008,observed,183,183,20211008,False,1,
20211011,observed,183,183,20211011,False,1,
20211012,observed,184,184,20211012,False,1,
20211013,observed,184,184,20211013,False,1,
20211014,observed,184,184,20211014,False,1,
20211015,observed,184,184,20211015,False,1,
20211018,observed,184,184,20211018,False,1,
20211019,observed,184,184,20211019,False,1,
20211020,observed,184,184,20211020,False,1,
20211021,observed,184,184,20211021,False,1,
20211022,observed,184,184,20211022,False,1,
20211025,observed,184,184,20211025,False,1,
20211026,observed,184,184,20211026,False,1,
20211027,observed,184,184,20211027,False,1,
20211028,observed,184,184,20211028,False,1,
20211029,observed,184,184,20211029,False,1,
20211101,observed,184,184,20211101,False,1,
20211102,observed,184,184,20211102,False,1,
20211103,observed,184,184,20211103,False,1,
20211104,observed,184,184,20211104,False,1,
20211105,observed,184,184,20211105,False,1,
20211108,observed,184,184,20211108,False,1,
20211109,observed,184,184,20211109,False,1,
20211110,observed,184,184,20211110,False,1,
20211111,observed,184,184,20211111,False,1,
20211112,observed,184,184,20211112,False,1,
20211115,observed,184,184,20211115,False,1,
20211116,observed,184,184,20211116,False,1,
20211117,observed,184,184,20211117,False,1,
20211118,observed,184,184,20211118,False,1,
20211119,observed,184,184,20211119,False,1,
20211122,observed,184,184,20211122,False,1,
20211123,observed,184,184,20211123,False,1,
20211124,observed,184,184,20211124,False,1,
20211125,observed,184,184,20211125,False,1,
20211126,observed,184,184,20211126,False,1,
20211129,observed,184,184,20211129,False,1,
20211130,observed,184,184,20211130,False,1,
20211201,observed,184,184,20211201,False,1,
20211202,observed,183,183,20211202,False,1,
20211203,observed,183,183,20211203,False,1,
20211206,observed,183,183,20211206,False,1,
20211207,observed,183,183,20211207,False,1,
20211208,observed,183,183,20211208,False,1,
20211209,observed,183,183,20211209,False,1,
20211210,observed,183,183,20211210,False,1,
20211213,observed,183,183,20211213,False,1,
20211214,observed,183,183,20211214,False,1,
20211215,observed,183,183,20211215,False,1,
20211216,observed,183,183,20211216,False,1,
20211217,observed,182,182,20211217,False,1,
20211220,observed,181,181,20211220,False,1,
20211221,observed,181,181,20211221,False,1,
20211222,observed,181,181,20211222,False,1,
20211223,observed,181,181,20211223,False,1,
20211224,observed,181,181,20211224,False,1,
20211227,observed,181,181,20211227,False,1,
20211228,observed,181,181,20211228,False,1,
20211229,observed,181,181,20211229,False,1,
20211230,observed,181,181,20211230,False,1,
20211231,observed,181,181,20211231,False,1,
20220104,observed,181,181,20220104,False,1,
20220105,observed,181,181,20220105,False,1,
20220106,observed,181,181,20220106,False,1,
20220107,observed,181,181,20220107,False,1,
20220110,observed,181,181,20220110,False,1,
20220111,observed,181,181,20220111,False,1,
20220112,observed,181,181,20220112,False,1,
20220113,observed,181,181,20220113,False,1,
20220114,observed,181,181,20220114,False,1,
20220117,observed,182,182,20220117,False,1,
20220118,observed,182,182,20220118,False,1,
20220119,observed,182,182,20220119,False,1,
20220120,observed,182,182,20220120,False,1,
20220121,observed,182,182,20220121,False,1,
20220124,observed,181,181,20220124,False,1,
20220125,observed,181,181,20220125,False,1,
20220126,observed,181,181,20220126,False,1,
20220127,observed,181,181,20220127,False,1,
20220128,observed,181,181,20220128,False,1,
20220207,observed,181,181,20220207,False,1,
20220208,observed,181,181,20220208,False,1,
20220209,observed,182,182,20220209,False,1,
20220210,observed,182,182,20220210,False,1,
20220211,observed,182,182,20220211,False,1,
20220214,observed,182,182,20220214,False,1,
20220215,observed,182,182,20220215,False,1,
20220216,observed,182,182,20220216,False,1,
20220217,observed,182,182,20220217,False,1,
20220218,observed,182,182,20220218,False,1,
20220221,observed,182,182,20220221,False,1,
20220222,observed,182,182,20220222,False,1,
20220223,observed,182,182,20220223,False,1,
20220224,observed,182,182,20220224,False,1,
20220225,observed,182,182,20220225,False,1,
20220228,observed,182,182,20220228,False,1,
20220301,observed,182,182,20220301,False,1,
20220302,observed,182,182,20220302,False,1,
20220303,observed,182,182,20220303,False,1,
20220304,observed,182,182,20220304,False,1,
20220307,observed,182,182,20220307,False,1,
20220308,observed,182,182,20220308,False,1,
20220309,observed,182,182,20220309,False,1,
20220310,observed,182,182,20220310,False,1,
20220311,observed,182,182,20220311,False,1,
20220314,observed,182,182,20220314,False,1,
20220315,observed,182,182,20220315,False,1,
20220316,observed,182,182,20220316,False,1,
20220317,observed,182,182,20220317,False,1,
20220318,observed,182,182,20220318,False,1,
20220321,observed,182,182,20220321,False,1,
20220322,observed,182,182,20220322,False,1,
20220323,observed,182,182,20220323,False,1,
20220324,observed,182,182,20220324,False,1,
20220325,observed,182,182,20220325,False,1,
20220328,observed,180,180,20220328,False,1,
20220329,observed,180,180,20220329,False,1,
20220330,observed,179,179,20220330,False,1,
20220331,observed,179,179,20220331,False,1,
20220401,observed,179,179,20220401,False,1,
20220406,observed,179,179,20220406,False,1,
20220407,observed,179,179,20220407,False,1,
20220408,observed,179,179,20220408,False,1,
20220411,observed,178,178,20220411,False,1,
20220412,observed,176,176,20220412,False,1,
20220413,observed,176,176,20220413,False,1,
20220414,observed,176,176,20220414,False,1,
20220415,observed,176,176,20220415,False,1,
20220418,observed,174,174,20220418,False,1,
20220419,observed,173,173,20220419,False,1,
20220420,observed,175,175,20220420,False,1,
20220421,observed,175,175,20220421,False,1,
20220422,observed,173,173,20220422,False,1,
20220425,observed,174,174,20220425,False,1,
20220426,observed,175,175,20220426,False,1,
20220427,observed,173,173,20220427,False,1,
20220428,observed,173,173,20220428,False,1,
20220429,observed,182,182,20220429,False,1,
20220505,observed,187,187,20220505,False,1,
20220506,observed,208,208,20220506,False,1,
20220509,observed,208,208,20220509,False,1,
20220510,observed,205,205,20220510,False,1,
20220511,observed,203,203,20220511,False,1,
20220512,observed,202,202,20220512,False,1,
20220513,observed,201,201,20220513,False,1,
20220516,observed,200,200,20220516,False,1,
20220517,observed,198,198,20220517,False,1,
20220518,observed,197,197,20220518,False,1,
20220519,observed,197,197,20220519,False,1,
20220520,observed,193,193,20220520,False,1,
20220523,observed,191,191,20220523,False,1,
20220524,observed,191,191,20220524,False,1,
20220525,observed,184,184,20220525,False,1,
20220526,observed,179,179,20220526,False,1,
20220527,observed,177,177,20220527,False,1,
20220530,observed,177,177,20220530,False,1,
20220531,observed,175,175,20220531,False,1,
20220601,observed,173,173,20220601,False,1,
20220602,observed,170,170,20220602,False,1,
20220606,observed,166,166,20220606,False,1,
20220607,observed,163,163,20220607,False,1,
20220608,observed,161,161,20220608,False,1,
20220609,observed,159,159,20220609,False,1,
20220610,observed,156,156,20220610,False,1,
20220613,observed,153,153,20220613,False,1,
20220614,observed,153,153,20220614,False,1,
20220615,observed,152,152,20220615,False,1,
20220616,observed,151,151,20220616,False,1,
20220617,observed,151,151,20220617,False,1,
20220620,observed,151,151,20220620,False,1,
20220621,observed,151,151,20220621,False,1,
20220622,observed,151,151,20220622,False,1,
20220623,observed,150,150,20220623,False,1,
20220624,observed,149,149,20220624,False,1,
20220627,observed,148,148,20220627,False,1,
20220628,observed,147,147,20220628,False,1,
20220629,observed,147,147,20220629,False,1,
20220630,observed,148,148,20220630,False,1,
20220701,observed,147,147,20220701,False,1,
20220704,observed,146,146,20220704,False,1,
20220705,observed,145,145,20220705,False,1,
20220706,observed,145,145,20220706,False,1,
20220707,observed,145,145,20220707,False,1,
20220708,observed,145,145,20220708,False,1,
20220711,observed,145,145,20220711,False,1,
20220712,observed,146,146,20220712,False,1,
20220713,observed,146,146,20220713,False,1,
20220714,observed,146,146,20220714,False,1,
20220715,observed,146,146,20220715,False,1,
20220718,observed,146,146,20220718,False,1,
20220719,observed,146,146,20220719,False,1,
20220720,observed,146,146,20220720,False,1,
20220721,observed,146,146,20220721,False,1,
20220722,observed,146,146,20220722,False,1,
20220725,observed,146,146,20220725,False,1,
20220726,observed,146,146,20220726,False,1,
20220727,observed,146,146,20220727,False,1,
20220728,observed,146,146,20220728,False,1,
20220729,observed,146,146,20220729,False,1,
20220801,observed,146,146,20220801,False,1,
20220802,observed,146,146,20220802,False,1,
20220803,observed,146,146,20220803,False,1,
20220804,observed,146,146,20220804,False,1,
20220805,observed,146,146,20220805,False,1,
20220808,observed,147,147,20220808,False,1,
20220809,observed,147,147,20220809,False,1,
20220810,observed,147,147,20220810,False,1,
20220811,observed,147,147,20220811,False,1,
20220812,observed,147,147,20220812,False,1,
20220815,observed,147,147,20220815,False,1,
20220816,observed,145,145,20220816,False,1,
20220817,observed,145,145,20220817,False,1,
20220818,observed,144,144,20220818,False,1,
20220819,observed,144,144,20220819,False,1,
20220822,observed,143,143,20220822,False,1,
20220823,observed,143,143,20220823,False,1,
20220824,observed,142,142,20220824,False,1,
20220825,observed,142,142,20220825,False,1,
20220826,observed,142,142,20220826,False,1,
20220829,observed,142,142,20220829,False,1,
20220830,observed,142,142,20220830,False,1,
20220831,observed,142,142,20220831,False,1,
20220901,observed,142,142,20220901,False,1,
20220902,observed,142,142,20220902,False,1,
20220905,observed,142,142,20220905,False,1,
20220906,observed,142,142,20220906,False,1,
20220907,observed,142,142,20220907,False,1,
20220908,observed,142,142,20220908,False,1,
20220909,observed,142,142,20220909,False,1,
20220913,observed,142,142,20220913,False,1,
20220914,observed,142,142,20220914,False,1,
20220915,observed,141,141,20220915,False,1,
20220916,observed,141,141,20220916,False,1,
20220919,observed,141,141,20220919,False,1,
20220920,observed,141,141,20220920,False,1,
20220921,observed,141,141,20220921,False,1,
20220922,observed,141,141,20220922,False,1,
20220923,observed,140,140,20220923,False,1,
20220926,observed,140,140,20220926,False,1,
20220927,observed,141,141,20220927,False,1,
20220928,observed,142,142,20220928,False,1,
20220929,observed,142,142,20220929,False,1,
20220930,observed,140,140,20220930,False,1,
20221010,observed,139,139,20221010,False,1,
20221011,observed,139,139,20221011,False,1,
20221012,observed,139,139,20221012,False,1,
20221013,observed,139,139,20221013,False,1,
20221014,observed,138,138,20221014,False,1,
20221017,observed,138,138,20221017,False,1,
20221018,observed,138,138,20221018,False,1,
20221019,observed,138,138,20221019,False,1,
20221020,observed,138,138,20221020,False,1,
20221021,observed,138,138,20221021,False,1,
20221024,observed,138,138,20221024,False,1,
20221025,observed,138,138,20221025,False,1,
20221026,observed,138,138,20221026,False,1,
20221027,observed,138,138,20221027,False,1,
20221028,observed,138,138,20221028,False,1,
20221031,observed,138,138,20221031,False,1,
20221101,observed,138,138,20221101,False,1,
20221102,observed,138,138,20221102,False,1,
20221103,observed,137,137,20221103,False,1,
20221104,observed,137,137,20221104,False,1,
20221107,observed,137,137,20221107,False,1,
20221108,observed,137,137,20221108,False,1,
20221109,observed,136,136,20221109,False,1,
20221110,observed,136,136,20221110,False,1,
20221111,observed,136,136,20221111,False,1,
20221114,observed,136,136,20221114,False,1,
20221115,observed,136,136,20221115,False,1,
20221116,observed,136,136,20221116,False,1,
20221117,observed,135,135,20221117,False,1,
20221118,observed,135,135,20221118,False,1,
20221121,observed,135,135,20221121,False,1,
20221122,observed,136,136,20221122,False,1,
20221123,observed,136,136,20221123,False,1,
20221124,observed,135,135,20221124,False,1,
20221125,observed,135,135,20221125,False,1,
20221128,observed,135,135,20221128,False,1,
20221129,observed,135,135,20221129,False,1,
20221130,observed,135,135,20221130,False,1,
20221201,observed,135,135,20221201,False,1,
20221202,observed,135,135,20221202,False,1,
20221205,observed,135,135,20221205,False,1,
20221206,observed,135,135,20221206,False,1,
20221207,observed,135,135,20221207,False,1,
20221208,observed,135,135,20221208,False,1,
20221209,observed,135,135,20221209,False,1,
20221212,observed,134,134,20221212,False,1,
20221213,observed,134,134,20221213,False,1,
20221214,observed,134,134,20221214,False,1,
20221215,observed,134,134,20221215,False,1,
20221216,observed,134,134,20221216,False,1,
20221219,observed,134,134,20221219,False,1,
20221220,observed,134,134,20221220,False,1,
20221221,observed,134,134,20221221,False,1,
20221222,observed,134,134,20221222,False,1,
20221223,observed,134,134,20221223,False,1,
20221226,observed,134,134,20221226,False,1,
20221227,observed,134,134,20221227,False,1,
20221228,observed,134,134,20221228,False,1,
20221229,observed,134,134,20221229,False,1,
20221230,observed,134,134,20221230,False,1,
20230103,observed,134,134,20230103,False,1,
20230104,observed,134,134,20230104,False,2,
20230105,observed,134,134,20230105,False,1,
20230106,observed,134,134,20230106,False,1,
20230109,observed,134,134,20230109,False,1,
20230110,observed,134,134,20230110,False,1,
20230111,observed,134,134,20230111,False,1,
20230112,observed,134,134,20230112,False,1,
20230113,observed,134,134,20230113,False,1,
20230116,observed,134,134,20230116,False,1,
20230117,observed,134,134,20230117,False,1,
20230118,observed,134,134,20230118,False,1,
20230119,observed,134,134,20230119,False,1,
20230120,observed,134,134,20230120,False,1,
20230130,observed,134,134,20230130,False,1,
20230131,observed,134,134,20230131,False,1,
20230201,observed,135,135,20230201,False,1,
20230202,observed,135,135,20230202,False,1,
20230203,observed,135,135,20230203,False,1,
20230206,observed,135,135,20230206,False,1,
20230207,observed,135,135,20230207,False,1,
20230208,observed,135,135,20230208,False,1,
20230209,observed,135,135,20230209,False,1,
20230210,observed,135,135,20230210,False,1,
20230213,observed,135,135,20230213,False,1,
20230214,observed,135,135,20230214,False,1,
20230215,observed,134,134,20230215,False,1,
20230216,observed,134,134,20230216,False,1,
20230217,observed,134,134,20230217,False,1,
20230220,observed,134,134,20230220,False,1,
20230221,observed,134,134,20230221,False,1,
20230222,observed,134,134,20230222,False,1,
20230223,observed,134,134,20230223,False,1,
20230224,observed,134,134,20230224,False,1,
20230227,observed,134,134,20230227,False,1,
20230228,observed,133,133,20230228,False,1,
20230301,observed,133,133,20230301,False,1,
20230302,observed,133,133,20230302,False,1,
20230303,observed,133,133,20230303,False,1,
20230306,observed,133,133,20230306,False,1,
20230307,observed,133,133,20230307,False,1,
20230308,observed,133,133,20230308,False,1,
20230309,observed,133,133,20230309,False,1,
20230310,observed,133,133,20230310,False,1,
20230313,observed,133,133,20230313,False,1,
20230314,observed,133,133,20230314,False,1,
20230315,observed,133,133,20230315,False,1,
20230316,observed,133,133,20230316,False,1,
20230317,observed,133,133,20230317,False,1,
20230320,observed,133,133,20230320,False,1,
20230321,observed,132,132,20230321,False,1,
20230322,observed,132,132,20230322,False,1,
20230323,observed,133,133,20230323,False,1,
20230324,observed,133,133,20230324,False,1,
20230327,observed,130,130,20230327,False,1,
20230328,observed,130,130,20230328,False,1,
20230329,observed,130,130,20230329,False,1,
20230330,observed,130,130,20230330,False,1,
20230331,observed,130,130,20230331,False,1,
20230403,observed,127,127,20230403,False,1,
20230404,observed,126,126,20230404,False,1,
20230406,observed,126,126,20230406,False,1,
20230407,observed,126,126,20230407,False,1,
20230410,observed,127,127,20230410,False,1,
20230411,observed,127,127,20230411,False,1,
20230412,observed,127,127,20230412,False,1,
20230413,observed,126,126,20230413,False,1,
20230414,observed,126,126,20230414,False,1,
20230417,observed,124,124,20230417,False,1,
20230418,empty,0,124,20230417,True,1,
20230419,observed,124,124,20230419,False,1,
20230420,observed,123,123,20230420,False,1,
20230421,observed,123,123,20230421,False,1,
20230424,observed,124,124,20230424,False,1,
20230425,observed,124,124,20230425,False,1,
20230426,observed,126,126,20230426,False,1,
20230427,observed,131,131,20230427,False,1,
20230428,observed,137,137,20230428,False,1,
20230504,observed,148,148,20230504,False,1,
20230505,observed,178,178,20230505,False,1,
20230508,observed,177,177,20230508,False,1,
20230509,observed,176,176,20230509,False,1,
20230510,observed,174,174,20230510,False,1,
20230511,observed,173,173,20230511,False,1,
20230512,observed,172,172,20230512,False,1,
20230515,observed,172,172,20230515,False,1,
20230516,observed,172,172,20230516,False,1,
20230517,observed,171,171,20230517,False,1,
20230518,observed,171,171,20230518,False,1,
20230519,observed,170,170,20230519,False,1,
20230522,observed,170,170,20230522,False,1,
20230523,observed,169,169,20230523,False,1,
20230524,observed,169,169,20230524,False,1,
20230525,observed,169,169,20230525,False,1,
20230526,observed,169,169,20230526,False,1,
20230529,observed,169,169,20230529,False,1,
20230530,observed,166,166,20230530,False,1,
20230531,observed,163,163,20230531,False,1,
20230601,observed,166,166,20230601,False,1,
20230602,observed,161,161,20230602,False,1,
20230605,observed,161,161,20230605,False,1,
20230606,observed,160,160,20230606,False,1,
20230607,observed,159,159,20230607,False,1,
20230608,observed,157,157,20230608,False,1,
20230609,observed,156,156,20230609,False,1,
20230612,observed,153,153,20230612,False,1,
20230613,observed,149,149,20230613,False,1,
20230614,observed,148,148,20230614,False,1,
20230615,observed,145,145,20230615,False,1,
20230616,observed,146,146,20230616,False,1,
20230619,observed,142,142,20230619,False,1,
20230620,observed,139,139,20230620,False,1,
20230621,observed,138,138,20230621,False,1,
20230626,observed,137,137,20230626,False,1,
20230627,observed,137,137,20230627,False,1,
20230628,observed,135,135,20230628,False,1,
20230629,observed,135,135,20230629,False,1,
20230630,observed,134,134,20230630,False,1,
20230703,observed,134,134,20230703,False,1,
20230704,observed,134,134,20230704,False,1,
20230705,observed,135,135,20230705,False,1,
20230706,observed,135,135,20230706,False,1,
20230707,observed,135,135,20230707,False,1,
20230710,observed,134,134,20230710,False,1,
20230711,observed,134,134,20230711,False,1,
20230712,observed,134,134,20230712,False,1,
20230713,observed,134,134,20230713,False,1,
20230714,observed,133,133,20230714,False,1,
20230717,observed,132,132,20230717,False,1,
20230718,observed,131,131,20230718,False,1,
20230719,observed,132,132,20230719,False,1,
20230720,observed,132,132,20230720,False,1,
20230721,observed,132,132,20230721,False,1,
20230724,observed,131,131,20230724,False,1,
20230725,observed,130,130,20230725,False,1,
20230726,observed,130,130,20230726,False,1,
20230727,observed,130,130,20230727,False,1,
20230728,observed,128,128,20230728,False,1,
20230731,observed,128,128,20230731,False,1,
20230801,observed,128,128,20230801,False,1,
20230802,observed,128,128,20230802,False,1,
20230803,observed,128,128,20230803,False,1,
20230804,observed,126,126,20230804,False,1,
20230807,observed,126,126,20230807,False,1,
20230808,observed,126,126,20230808,False,1,
20230809,observed,126,126,20230809,False,1,
20230810,observed,126,126,20230810,False,1,
20230811,observed,124,124,20230811,False,1,
20230814,observed,124,124,20230814,False,1,
20230815,observed,124,124,20230815,False,1,
20230816,observed,123,123,20230816,False,1,
20230817,observed,123,123,20230817,False,1,
20230818,observed,122,122,20230818,False,1,
20230821,observed,121,121,20230821,False,1,
20230822,observed,121,121,20230822,False,1,
20230823,observed,120,120,20230823,False,1,
20230824,observed,120,120,20230824,False,1,
20230825,observed,120,120,20230825,False,1,
20230828,observed,120,120,20230828,False,1,
20230829,observed,120,120,20230829,False,1,
20230830,observed,120,120,20230830,False,1,
20230831,observed,120,120,20230831,False,1,
20230901,observed,120,120,20230901,False,1,
20230904,observed,120,120,20230904,False,1,
20230905,observed,118,118,20230905,False,1,
20230906,observed,118,118,20230906,False,1,
20230907,observed,118,118,20230907,False,1,
20230908,observed,118,118,20230908,False,1,
20230911,observed,118,118,20230911,False,1,
20230912,observed,118,118,20230912,False,1,
20230913,observed,118,118,20230913,False,1,
20230914,observed,118,118,20230914,False,1,
20230915,observed,118,118,20230915,False,1,
20230918,observed,118,118,20230918,False,1,
20230919,observed,118,118,20230919,False,1,
20230920,observed,118,118,20230920,False,1,
20230921,observed,118,118,20230921,False,1,
20230922,observed,118,118,20230922,False,1,
20230925,observed,118,118,20230925,False,1,
20230926,observed,118,118,20230926,False,1,
20230927,observed,118,118,20230927,False,1,
20230928,observed,118,118,20230928,False,1,
20231009,observed,118,118,20231009,False,1,
20231010,observed,118,118,20231010,False,1,
20231011,observed,118,118,20231011,False,1,
20231012,observed,119,119,20231012,False,1,
20231013,observed,119,119,20231013,False,1,
20231016,observed,119,119,20231016,False,1,
20231017,observed,119,119,20231017,False,1,
20231018,observed,119,119,20231018,False,1,
20231019,observed,118,118,20231019,False,1,
20231020,observed,118,118,20231020,False,1,
20231023,observed,118,118,20231023,False,1,
20231024,observed,118,118,20231024,False,1,
20231025,observed,118,118,20231025,False,1,
20231026,observed,118,118,20231026,False,1,
20231027,observed,118,118,20231027,False,1,
20231030,observed,118,118,20231030,False,1,
20231031,observed,119,119,20231031,False,1,
20231101,observed,119,119,20231101,False,1,
20231102,observed,119,119,20231102,False,1,
20231103,observed,118,118,20231103,False,1,
20231106,observed,118,118,20231106,False,1,
20231107,observed,116,116,20231107,False,1,
20231108,observed,116,116,20231108,False,1,
20231109,observed,116,116,20231109,False,1,
20231110,observed,116,116,20231110,False,1,
20231113,observed,116,116,20231113,False,1,
20231114,observed,116,116,20231114,False,1,
20231115,observed,116,116,20231115,False,1,
20231116,observed,116,116,20231116,False,1,
20231117,observed,116,116,20231117,False,1,
20231120,observed,116,116,20231120,False,1,
20231121,observed,116,116,20231121,False,1,
20231122,observed,116,116,20231122,False,1,
20231123,observed,116,116,20231123,False,1,
20231124,observed,116,116,20231124,False,1,
20231127,observed,116,116,20231127,False,1,
20231128,observed,116,116,20231128,False,1,
20231129,observed,116,116,20231129,False,1,
20231130,observed,116,116,20231130,False,1,
20231201,observed,116,116,20231201,False,1,
20231204,observed,116,116,20231204,False,1,
20231205,observed,116,116,20231205,False,1,
20231206,observed,116,116,20231206,False,1,
20231207,observed,116,116,20231207,False,1,
20231208,observed,116,116,20231208,False,1,
20231211,observed,116,116,20231211,False,1,
20231212,observed,116,116,20231212,False,1,
20231213,observed,116,116,20231213,False,1,
20231214,observed,116,116,20231214,False,1,
20231215,observed,116,116,20231215,False,1,
20231218,observed,116,116,20231218,False,1,
20231219,observed,116,116,20231219,False,1,
20231220,observed,116,116,20231220,False,1,
20231221,observed,116,116,20231221,False,1,
20231222,observed,116,116,20231222,False,1,
20231225,observed,116,116,20231225,False,1,
20231226,observed,116,116,20231226,False,1,
20231227,observed,116,116,20231227,False,1,
20231228,observed,116,116,20231228,False,1,
20231229,observed,116,116,20231229,False,1,
20240102,observed,117,117,20240102,False,1,
20240103,observed,117,117,20240103,False,1,
20240104,observed,117,117,20240104,False,1,
20240105,observed,117,117,20240105,False,1,
20240108,observed,117,117,20240108,False,1,
20240109,observed,117,117,20240109,False,1,
20240110,observed,117,117,20240110,False,1,
20240111,observed,117,117,20240111,False,1,
20240112,observed,117,117,20240112,False,1,
20240115,observed,117,117,20240115,False,1,
20240116,observed,116,116,20240116,False,1,
20240117,observed,116,116,20240117,False,1,
20240118,observed,116,116,20240118,False,1,
20240119,observed,116,116,20240119,False,1,
20240122,observed,116,116,20240122,False,1,
20240123,observed,116,116,20240123,False,1,
20240124,observed,116,116,20240124,False,1,
20240125,observed,115,115,20240125,False,1,
20240126,observed,115,115,20240126,False,1,
20240129,observed,116,116,20240129,False,1,
20240130,observed,116,116,20240130,False,1,
20240131,observed,116,116,20240131,False,1,
20240201,observed,116,116,20240201,False,1,
20240202,observed,116,116,20240202,False,1,
20240205,observed,116,116,20240205,False,1,
20240206,observed,116,116,20240206,False,1,
20240207,observed,115,115,20240207,False,1,
20240208,observed,115,115,20240208,False,1,
20240219,observed,115,115,20240219,False,1,
20240220,observed,115,115,20240220,False,1,
20240221,observed,115,115,20240221,False,1,
20240222,observed,115,115,20240222,False,1,
20240223,observed,115,115,20240223,False,1,
20240226,observed,115,115,20240226,False,1,
20240227,observed,116,116,20240227,False,1,
20240228,observed,116,116,20240228,False,1,
20240229,observed,116,116,20240229,False,1,
20240301,observed,116,116,20240301,False,1,
20240304,observed,115,115,20240304,False,1,
20240305,observed,115,115,20240305,False,1,
20240306,observed,115,115,20240306,False,1,
20240307,observed,115,115,20240307,False,1,
20240308,observed,115,115,20240308,False,1,
20240311,observed,115,115,20240311,False,1,
20240312,observed,115,115,20240312,False,1,
20240313,observed,115,115,20240313,False,1,
20240314,observed,115,115,20240314,False,1,
20240315,observed,115,115,20240315,False,1,
20240318,observed,114,114,20240318,False,1,
20240319,observed,114,114,20240319,False,1,
20240320,observed,114,114,20240320,False,1,
20240321,observed,114,114,20240321,False,1,
20240322,observed,114,114,20240322,False,1,
20240325,observed,114,114,20240325,False,1,
20240326,observed,113,113,20240326,False,1,
20240327,observed,112,112,20240327,False,1,
20240328,observed,112,112,20240328,False,1,
20240329,observed,111,111,20240329,False,1,
20240401,observed,113,113,20240401,False,1,
20240402,observed,113,113,20240402,False,1,
20240403,observed,113,113,20240403,False,1,
20240408,observed,114,114,20240408,False,1,
20240409,observed,114,114,20240409,False,1,
20240410,observed,114,114,20240410,False,1,
20240411,observed,114,114,20240411,False,1,
20240412,observed,114,114,20240412,False,1,
20240415,observed,114,114,20240415,False,1,
20240416,observed,114,114,20240416,False,1,
20240417,observed,114,114,20240417,False,1,
20240418,observed,114,114,20240418,False,1,
20240419,observed,114,114,20240419,False,1,
20240422,observed,115,115,20240422,False,1,
20240423,observed,115,115,20240423,False,1,
20240424,observed,117,117,20240424,False,1,
20240425,observed,117,117,20240425,False,1,
20240426,observed,118,118,20240426,False,1,
20240429,observed,125,125,20240429,False,1,
20240430,observed,136,136,20240430,False,1,
20240506,observed,176,176,20240506,False,1,
20240507,observed,176,176,20240507,False,1,
20240508,observed,176,176,20240508,False,1,
20240509,observed,176,176,20240509,False,1,
20240510,observed,176,176,20240510,False,1,
20240513,observed,176,176,20240513,False,1,
20240514,observed,179,179,20240514,False,1,
20240515,observed,179,179,20240515,False,1,
20240516,observed,178,178,20240516,False,1,
20240517,observed,179,179,20240517,False,1,
20240520,observed,179,179,20240520,False,1,
20240521,observed,180,180,20240521,False,1,
20240522,observed,180,180,20240522,False,1,
20240523,observed,180,180,20240523,False,1,
20240524,observed,180,180,20240524,False,1,
20240527,observed,180,180,20240527,False,1,
20240528,observed,180,180,20240528,False,1,
20240529,observed,178,178,20240529,False,1,
20240530,observed,177,177,20240530,False,1,
20240531,observed,176,176,20240531,False,1,
20240603,observed,175,175,20240603,False,1,
20240604,observed,176,176,20240604,False,1,
20240605,observed,169,169,20240605,False,1,
20240606,observed,167,167,20240606,False,1,
20240607,observed,167,167,20240607,False,1,
20240611,observed,163,163,20240611,False,1,
20240612,observed,159,159,20240612,False,1,
20240613,observed,157,157,20240613,False,1,
20240614,observed,154,154,20240614,False,1,
20240617,observed,154,154,20240617,False,1,
20240618,observed,153,153,20240618,False,1,
20240619,observed,153,153,20240619,False,1,
20240620,observed,153,153,20240620,False,1,
20240621,observed,152,152,20240621,False,1,
20240624,observed,151,151,20240624,False,1,
20240625,observed,151,151,20240625,False,1,
20240626,observed,147,147,20240626,False,1,
20240627,observed,146,146,20240627,False,1,
20240628,observed,146,146,20240628,False,1,
20240701,observed,145,145,20240701,False,1,
20240702,observed,144,144,20240702,False,1,
20240703,observed,144,144,20240703,False,1,
20240704,observed,143,143,20240704,False,1,
20240705,observed,143,143,20240705,False,1,
20240708,observed,141,141,20240708,False,1,
20240709,observed,147,147,20240709,False,1,
20240710,observed,145,145,20240710,False,1,
20240711,observed,143,143,20240711,False,1,
20240712,observed,143,143,20240712,False,1,
20240715,observed,143,143,20240715,False,1,
20240716,observed,143,143,20240716,False,1,
20240717,observed,143,143,20240717,False,1,
20240718,observed,141,141,20240718,False,1,
20240719,observed,141,141,20240719,False,1,
20240722,observed,141,141,20240722,False,1,
20240723,observed,141,141,20240723,False,1,
20240724,observed,140,140,20240724,False,1,
20240725,observed,139,139,20240725,False,1,
20240726,observed,139,139,20240726,False,1,
20240729,observed,139,139,20240729,False,1,
20240730,observed,138,138,20240730,False,1,
20240731,observed,138,138,20240731,False,1,
20240801,observed,139,139,20240801,False,1,
20240802,observed,139,139,20240802,False,1,
20240805,observed,138,138,20240805,False,1,
20240806,observed,139,139,20240806,False,1,
20240807,observed,138,138,20240807,False,1,
20240808,observed,138,138,20240808,False,1,
20240809,observed,138,138,20240809,False,1,
20240812,observed,136,136,20240812,False,1,
20240813,observed,136,136,20240813,False,1,
20240814,observed,136,136,20240814,False,1,
20240815,observed,133,133,20240815,False,1,
20240816,observed,132,132,20240816,False,1,
20240819,observed,130,130,20240819,False,1,
20240820,observed,129,129,20240820,False,1,
20240821,observed,129,129,20240821,False,1,
20240822,observed,129,129,20240822,False,1,
20240823,observed,128,128,20240823,False,1,
20240826,observed,127,127,20240826,False,1,
20240827,observed,126,126,20240827,False,1,
20240828,observed,126,126,20240828,False,1,
20240829,observed,126,126,20240829,False,1,
20240830,observed,126,126,20240830,False,1,
20240902,observed,125,125,20240902,False,1,
20240903,observed,126,126,20240903,False,1,
20240904,observed,126,126,20240904,False,1,
20240905,observed,125,125,20240905,False,1,
20240906,observed,125,125,20240906,False,1,
20240909,observed,125,125,20240909,False,1,
20240910,observed,124,124,20240910,False,1,
20240911,observed,124,124,20240911,False,1,
20240912,observed,124,124,20240912,False,1,
20240913,observed,124,124,20240913,False,1,
20240918,observed,124,124,20240918,False,1,
20240919,observed,126,126,20240919,False,1,
20240920,observed,125,125,20240920,False,1,
20240923,observed,125,125,20240923,False,1,
20240924,observed,125,125,20240924,False,1,
20240925,observed,125,125,20240925,False,1,
20240926,observed,125,125,20240926,False,1,
20240927,observed,124,124,20240927,False,1,
20240930,observed,124,124,20240930,False,1,
20241008,observed,124,124,20241008,False,1,
20241009,observed,123,123,20241009,False,1,
20241010,observed,123,123,20241010,False,1,
20241011,observed,122,122,20241011,False,1,
20241014,observed,122,122,20241014,False,1,
20241015,observed,122,122,20241015,False,1,
20241016,observed,122,122,20241016,False,1,
20241017,observed,121,121,20241017,False,1,
20241018,observed,121,121,20241018,False,1,
20241021,observed,121,121,20241021,False,1,
20241022,observed,121,121,20241022,False,1,
20241023,observed,121,121,20241023,False,1,
20241024,observed,121,121,20241024,False,1,
20241025,observed,121,121,20241025,False,1,
20241028,observed,121,121,20241028,False,1,
20241029,observed,121,121,20241029,False,1,
20241030,observed,121,121,20241030,False,1,
20241031,observed,121,121,20241031,False,1,
20241101,observed,122,122,20241101,False,1,
20241104,observed,123,123,20241104,False,1,
20241105,observed,123,123,20241105,False,1,
20241106,observed,123,123,20241106,False,1,
20241107,observed,123,123,20241107,False,1,
20241108,observed,124,124,20241108,False,1,
20241111,observed,124,124,20241111,False,1,
20241112,observed,125,125,20241112,False,1,
20241113,observed,126,126,20241113,False,1,
20241114,observed,126,126,20241114,False,1,
20241115,observed,126,126,20241115,False,1,
20241118,observed,126,126,20241118,False,1,
20241119,observed,126,126,20241119,False,1,
20241120,observed,126,126,20241120,False,1,
20241121,observed,126,126,20241121,False,1,
20241122,observed,126,126,20241122,False,1,
20241125,observed,126,126,20241125,False,1,
20241126,observed,126,126,20241126,False,1,
20241127,observed,126,126,20241127,False,1,
20241128,observed,126,126,20241128,False,1,
20241129,observed,126,126,20241129,False,1,
20241202,observed,126,126,20241202,False,1,
20241203,observed,126,126,20241203,False,1,
20241204,observed,126,126,20241204,False,1,
20241205,observed,126,126,20241205,False,1,
20241206,observed,126,126,20241206,False,1,
20241209,observed,126,126,20241209,False,1,
20241210,observed,127,127,20241210,False,1,
20241211,observed,127,127,20241211,False,1,
20241212,observed,128,128,20241212,False,1,
20241213,observed,128,128,20241213,False,1,
20241216,observed,128,128,20241216,False,1,
20241217,observed,128,128,20241217,False,1,
20241218,observed,128,128,20241218,False,1,
20241219,observed,128,128,20241219,False,1,
20241220,observed,128,128,20241220,False,1,
20241223,observed,128,128,20241223,False,1,
20241224,observed,128,128,20241224,False,1,
20241225,observed,128,128,20241225,False,1,
20241226,observed,128,128,20241226,False,1,
20241227,observed,128,128,20241227,False,1,
20241230,observed,128,128,20241230,False,1,
20241231,observed,128,128,20241231,False,1,
20250102,observed,128,128,20250102,False,1,
20250103,observed,129,129,20250103,False,1,
20250106,observed,129,129,20250106,False,1,
20250107,observed,130,130,20250107,False,1,
20250108,observed,130,130,20250108,False,1,
20250109,observed,130,130,20250109,False,1,
20250110,observed,130,130,20250110,False,1,
20250113,observed,130,130,20250113,False,1,
20250114,observed,130,130,20250114,False,1,
20250115,observed,130,130,20250115,False,1,
20250116,observed,130,130,20250116,False,1,
20250117,observed,130,130,20250117,False,1,
20250120,observed,130,130,20250120,False,1,
20250121,observed,130,130,20250121,False,1,
20250122,observed,130,130,20250122,False,1,
20250123,observed,130,130,20250123,False,1,
20250124,observed,130,130,20250124,False,1,
20250127,observed,130,130,20250127,False,1,
20250205,observed,130,130,20250205,False,1,
20250206,observed,130,130,20250206,False,1,
20250207,observed,129,129,20250207,False,1,
20250210,observed,128,128,20250210,False,1,
20250211,observed,128,128,20250211,False,1,
20250212,observed,128,128,20250212,False,1,
20250213,observed,128,128,20250213,False,1,
20250214,observed,128,128,20250214,False,1,
20250217,observed,128,128,20250217,False,1,
20250218,observed,128,128,20250218,False,1,
20250219,observed,128,128,20250219,False,1,
20250220,observed,128,128,20250220,False,1,
20250221,observed,129,129,20250221,False,1,
20250224,observed,129,129,20250224,False,1,
20250225,observed,129,129,20250225,False,1,
20250226,observed,129,129,20250226,False,1,
20250227,observed,129,129,20250227,False,1,
20250228,observed,129,129,20250228,False,1,
20250303,observed,129,129,20250303,False,1,
20250304,observed,129,129,20250304,False,1,
20250305,observed,128,128,20250305,False,1,
20250306,observed,128,128,20250306,False,1,
20250307,observed,128,128,20250307,False,1,
20250310,observed,128,128,20250310,False,1,
20250311,observed,128,128,20250311,False,1,
20250312,observed,128,128,20250312,False,1,
20250313,observed,128,128,20250313,False,1,
20250314,observed,128,128,20250314,False,1,
20250317,observed,128,128,20250317,False,1,
20250318,observed,132,132,20250318,False,1,
20250319,observed,132,132,20250319,False,1,
20250320,observed,133,133,20250320,False,1,
20250321,observed,132,132,20250321,False,1,
20250324,observed,131,131,20250324,False,1,
20250325,observed,134,134,20250325,False,1,
20250326,observed,135,135,20250326,False,1,
20250327,observed,135,135,20250327,False,1,
20250328,observed,135,135,20250328,False,1,
20250331,observed,135,135,20250331,False,1,
20250401,observed,136,136,20250401,False,1,
20250402,observed,136,136,20250402,False,1,
20250403,observed,136,136,20250403,False,1,
20250407,observed,136,136,20250407,False,1,
20250408,observed,136,136,20250408,False,1,
20250409,observed,136,136,20250409,False,1,
20250410,observed,136,136,20250410,False,1,
20250411,observed,136,136,20250411,False,1,
20250414,observed,136,136,20250414,False,1,
20250415,observed,135,135,20250415,False,1,
20250416,observed,137,137,20250416,False,1,
20250417,observed,138,138,20250417,False,1,
20250418,observed,137,137,20250418,False,1,
20250421,observed,136,136,20250421,False,1,
20250422,observed,138,138,20250422,False,1,
20250423,observed,143,143,20250423,False,1,
20250424,observed,146,146,20250424,False,1,
20250425,observed,147,147,20250425,False,1,
20250428,observed,151,151,20250428,False,1,
20250429,observed,163,163,20250429,False,1,
20250430,observed,192,192,20250430,False,1,
20250506,observed,204,204,20250506,False,1,
20250507,observed,203,203,20250507,False,1,
20250508,observed,203,203,20250508,False,1,
20250509,observed,203,203,20250509,False,1,
20250512,observed,203,203,20250512,False,1,
20250513,observed,202,202,20250513,False,1,
20250514,observed,202,202,20250514,False,1,
20250515,observed,202,202,20250515,False,1,
20250516,observed,202,202,20250516,False,1,
20250519,observed,202,202,20250519,False,1,
20250520,observed,198,198,20250520,False,1,
20250521,observed,198,198,20250521,False,1,
20250522,observed,197,197,20250522,False,1,
20250523,observed,195,195,20250523,False,1,
20250526,observed,194,194,20250526,False,1,
20250527,observed,194,194,20250527,False,1,
20250528,observed,194,194,20250528,False,1,
20250529,observed,192,192,20250529,False,1,
20250530,observed,192,192,20250530,False,1,
20250603,observed,190,190,20250603,False,1,
20250604,observed,188,188,20250604,False,1,
20250605,observed,187,187,20250605,False,1,
20250606,observed,186,186,20250606,False,1,
20250609,observed,186,186,20250609,False,1,
20250610,observed,184,184,20250610,False,1,
20250611,observed,184,184,20250611,False,1,
20250612,observed,184,184,20250612,False,1,
20250613,observed,182,182,20250613,False,1,
20250616,observed,180,180,20250616,False,1,
20250617,observed,179,179,20250617,False,1,
20250618,observed,179,179,20250618,False,1,
20250619,observed,179,179,20250619,False,1,
20250620,observed,178,178,20250620,False,1,
20250623,observed,178,178,20250623,False,1,
20250624,observed,177,177,20250624,False,1,
20250625,observed,176,176,20250625,False,1,
20250626,observed,176,176,20250626,False,1,
20250627,observed,176,176,20250627,False,1,
20250630,observed,172,172,20250630,False,1,
20250701,observed,172,172,20250701,False,1,
20250702,observed,172,172,20250702,False,1,
20250703,observed,173,173,20250703,False,1,
20250704,observed,173,173,20250704,False,1,
20250707,observed,173,173,20250707,False,1,
20250708,observed,176,176,20250708,False,1,
20250709,observed,174,174,20250709,False,1,
20250710,observed,175,175,20250710,False,1,
20250711,observed,175,175,20250711,False,1,
20250714,observed,175,175,20250714,False,1,
20250715,observed,174,174,20250715,False,1,
20250716,observed,173,173,20250716,False,1,
20250717,observed,173,173,20250717,False,1,
20250718,observed,173,173,20250718,False,1,
20250721,observed,173,173,20250721,False,1,
20250722,observed,174,174,20250722,False,1,
20250723,observed,174,174,20250723,False,1,
20250724,observed,174,174,20250724,False,1,
20250725,observed,174,174,20250725,False,1,
20250728,observed,174,174,20250728,False,1,
20250729,observed,174,174,20250729,False,1,
20250730,observed,174,174,20250730,False,1,
20250731,observed,174,174,20250731,False,1,
20250801,observed,175,175,20250801,False,1,
20250804,observed,175,175,20250804,False,1,
20250805,observed,175,175,20250805,False,1,
20250806,observed,175,175,20250806,False,1,
20250807,observed,175,175,20250807,False,1,
20250808,observed,175,175,20250808,False,1,
20250811,observed,175,175,20250811,False,1,
20250812,observed,175,175,20250812,False,1,
20250813,observed,175,175,20250813,False,1,
20250814,observed,173,173,20250814,False,1,
20250815,observed,173,173,20250815,False,1,
20250818,observed,173,173,20250818,False,1,
20250819,observed,173,173,20250819,False,1,
20250820,observed,173,173,20250820,False,1,
20250821,observed,173,173,20250821,False,1,
20250822,observed,173,173,20250822,False,1,
20250825,observed,173,173,20250825,False,1,
20250826,observed,174,174,20250826,False,1,
20250827,observed,173,173,20250827,False,1,
20250828,observed,173,173,20250828,False,1,
20250829,observed,173,173,20250829,False,1,
20250901,observed,173,173,20250901,False,1,
20250902,observed,173,173,20250902,False,1,
20250903,observed,173,173,20250903,False,1,
20250904,observed,173,173,20250904,False,1,
20250905,observed,173,173,20250905,False,1,
20250908,observed,173,173,20250908,False,1,
20250909,observed,173,173,20250909,False,1,
20250910,observed,173,173,20250910,False,1,
20250911,observed,173,173,20250911,False,1,
20250912,observed,173,173,20250912,False,1,
20250915,observed,172,172,20250915,False,1,
20250916,observed,172,172,20250916,False,1,
20250917,observed,172,172,20250917,False,1,
20250918,observed,172,172,20250918,False,1,
20250919,observed,172,172,20250919,False,1,
20250922,observed,172,172,20250922,False,1,
20250923,observed,176,176,20250923,False,1,
20250924,observed,176,176,20250924,False,1,
20250925,observed,176,176,20250925,False,1,
20250926,observed,176,176,20250926,False,1,
20250929,observed,176,176,20250929,False,1,
20250930,observed,177,177,20250930,False,1,
20251009,observed,177,177,20251009,False,1,
20251010,observed,178,178,20251010,False,1,
20251013,observed,178,178,20251013,False,1,
20251014,observed,178,178,20251014,False,1,
20251015,observed,178,178,20251015,False,1,
20251016,observed,178,178,20251016,False,1,
20251017,observed,178,178,20251017,False,1,
20251020,observed,178,178,20251020,False,1,
20251021,observed,178,178,20251021,False,1,
20251022,observed,178,178,20251022,False,1,
20251023,observed,178,178,20251023,False,1,
20251024,observed,178,178,20251024,False,1,
20251027,observed,178,178,20251027,False,1,
20251028,observed,178,178,20251028,False,1,
20251029,observed,177,177,20251029,False,1,
20251030,observed,177,177,20251030,False,1,
20251031,observed,179,179,20251031,False,1,
20251103,observed,179,179,20251103,False,1,
20251104,observed,180,180,20251104,False,1,
20251105,observed,180,180,20251105,False,1,
20251106,observed,180,180,20251106,False,1,
20251107,observed,180,180,20251107,False,1,
20251110,observed,179,179,20251110,False,1,
20251111,observed,178,178,20251111,False,1,
20251112,observed,177,177,20251112,False,1,
20251113,observed,177,177,20251113,False,1,
20251114,observed,177,177,20251114,False,1,
20251117,observed,177,177,20251117,False,1,
20251118,observed,177,177,20251118,False,1,
20251119,observed,177,177,20251119,False,1,
20251120,observed,177,177,20251120,False,1,
20251121,observed,177,177,20251121,False,1,
20251124,observed,177,177,20251124,False,1,
20251125,observed,177,177,20251125,False,1,
20251126,observed,177,177,20251126,False,1,
20251127,observed,177,177,20251127,False,1,
20251128,observed,177,177,20251128,False,1,
20251201,observed,177,177,20251201,False,1,
20251202,observed,178,178,20251202,False,1,
20251203,observed,178,178,20251203,False,1,
20251204,observed,178,178,20251204,False,1,
20251205,observed,177,177,20251205,False,1,
20251208,observed,176,176,20251208,False,1,
20251209,observed,175,175,20251209,False,1,
20251210,observed,175,175,20251210,False,1,
20251211,observed,175,175,20251211,False,1,
20251212,observed,175,175,20251212,False,1,
20251215,observed,175,175,20251215,False,1,
20251216,observed,176,176,20251216,False,1,
20251217,observed,176,176,20251217,False,1,
20251218,observed,176,176,20251218,False,1,
20251219,observed,176,176,20251219,False,1,
20251222,observed,176,176,20251222,False,1,
20251223,observed,178,178,20251223,False,1,
20251224,observed,177,177,20251224,False,1,
20251225,observed,177,177,20251225,False,1,
20251226,observed,177,177,20251226,False,1,
20251229,observed,177,177,20251229,False,1,
20251230,observed,176,176,20251230,False,1,
20251231,observed,176,176,20251231,False,1,
20260105,observed,176,176,20260105,False,1,
20260106,observed,178,178,20260106,False,1,
20260107,observed,178,178,20260107,False,1,
20260108,observed,178,178,20260108,False,1,
20260109,observed,178,178,20260109,False,1,
20260112,observed,178,178,20260112,False,1,
20260113,observed,177,177,20260113,False,1,
20260114,observed,176,176,20260114,False,1,
20260115,observed,176,176,20260115,False,1,
20260116,observed,176,176,20260116,False,1,
20260119,observed,176,176,20260119,False,1,
20260120,observed,177,177,20260120,False,1,
20260121,observed,177,177,20260121,False,1,
20260122,observed,177,177,20260122,False,1,
20260123,observed,177,177,20260123,False,1,
20260126,observed,177,177,20260126,False,1,
20260127,observed,177,177,20260127,False,1,
20260128,observed,177,177,20260128,False,1,
20260129,observed,177,177,20260129,False,1,
20260130,observed,177,177,20260130,False,1,
20260202,observed,177,177,20260202,False,1,
20260203,observed,177,177,20260203,False,1,
20260204,observed,177,177,20260204,False,1,
20260205,observed,177,177,20260205,False,1,
20260206,observed,177,177,20260206,False,1,
20260209,observed,177,177,20260209,False,1,
20260210,observed,178,178,20260210,False,1,
20260211,observed,178,178,20260211,False,1,
20260212,observed,178,178,20260212,False,1,
20260213,observed,178,178,20260213,False,1,
20260224,observed,178,178,20260224,False,1,
20260225,observed,178,178,20260225,False,1,
20260226,observed,178,178,20260226,False,1,
20260227,observed,178,178,20260227,False,1,
20260302,observed,178,178,20260302,False,1,
20260303,observed,179,179,20260303,False,1,
20260304,observed,179,179,20260304,False,1,
20260305,observed,179,179,20260305,False,1,
20260306,observed,179,179,20260306,False,1,
20260309,observed,179,179,20260309,False,1,
20260310,observed,179,179,20260310,False,1,
20260311,observed,179,179,20260311,False,1,
20260312,observed,179,179,20260312,False,1,
20260313,observed,179,179,20260313,False,1,
20260316,observed,179,179,20260316,False,1,
20260317,observed,179,179,20260317,False,1,
20260318,observed,179,179,20260318,False,1,
20260319,observed,179,179,20260319,False,1,
20260320,observed,178,178,20260320,False,1,
20260323,observed,178,178,20260323,False,1,
20260324,observed,179,179,20260324,False,1,
20260325,observed,179,179,20260325,False,1,
20260326,observed,179,179,20260326,False,1,
20260327,observed,178,178,20260327,False,1,
20260330,observed,177,177,20260330,False,1,
20260331,observed,177,177,20260331,False,1,
20260401,observed,177,177,20260401,False,1,
20260402,observed,177,177,20260402,False,1,
20260403,observed,177,177,20260403,False,1,
20260407,observed,177,177,20260407,False,1,
20260408,observed,179,179,20260408,False,1,
20260409,observed,179,179,20260409,False,1,
20260410,observed,179,179,20260410,False,1,
20260413,observed,179,179,20260413,False,1,
20260414,observed,180,180,20260414,False,1,
20260415,observed,180,180,20260415,False,1,
20260416,observed,179,179,20260416,False,1,
20260417,observed,179,179,20260417,False,1,
20260420,observed,177,177,20260420,False,1,
20260421,observed,178,178,20260421,False,1,
20260422,observed,180,180,20260422,False,1,
20260423,observed,181,181,20260423,False,1,
20260424,observed,185,185,20260424,False,1,
20260427,observed,188,188,20260427,False,1,
20260428,observed,195,195,20260428,False,1,
20260429,observed,206,206,20260429,False,1,
20260430,observed,238,238,20260430,False,1,
20260506,observed,266,266,20260506,False,1,
20260507,observed,266,266,20260507,False,1,
20260508,observed,266,266,20260508,False,1,
20260511,observed,266,266,20260511,False,1,
20260512,observed,267,267,20260512,False,1,
20260513,observed,264,264,20260513,False,1,
20260514,observed,263,263,20260514,False,1,
20260515,observed,263,263,20260515,False,1,
20260518,observed,262,262,20260518,False,1,
20260519,observed,261,261,20260519,False,1,
20260520,observed,257,257,20260520,False,1,
20260521,observed,255,255,20260521,False,1,
20260522,observed,255,255,20260522,False,1,
20260525,observed,254,254,20260525,False,1,
20260526,observed,254,254,20260526,False,1,
20260527,observed,254,254,20260527,False,1,
20260528,observed,253,253,20260528,False,1,
20260529,observed,253,253,20260529,False,1,
20260601,observed,248,248,20260601,False,1,
20260602,observed,246,246,20260602,False,1,
20260603,observed,241,241,20260603,False,1,
20260604,observed,241,241,20260604,False,1,
20260605,observed,241,241,20260605,False,1,
20260608,observed,238,238,20260608,False,1,
20260609,observed,238,238,20260609,False,1,
20260610,observed,238,238,20260610,False,1,
20260611,observed,237,237,20260611,False,1,
20260612,observed,234,234,20260612,False,1,
20260615,observed,232,232,20260615,False,1,
20260616,observed,227,227,20260616,False,1,
20260617,observed,227,227,20260617,False,1,
20260618,observed,225,225,20260618,False,1,
20260622,observed,221,221,20260622,False,1,
20260623,observed,219,219,20260623,False,1,
20260624,observed,219,219,20260624,False,1,
20260625,observed,219,219,20260625,False,1,
20260626,observed,216,216,20260626,False,1,
20260629,observed,215,215,20260629,False,1,
20260630,observed,217,217,20260630,False,1,
20260701,observed,214,214,20260701,False,1,
20260702,observed,211,211,20260702,False,1,
20260703,observed,211,211,20260703,False,1,
20260706,observed,211,211,20260706,False,1,
20260707,observed,212,212,20260707,False,1,
20260708,observed,212,212,20260708,False,1,
20260709,observed,211,211,20260709,False,1,
20260710,observed,211,211,20260710,False,1,
20260713,observed,211,211,20260713,False,1,
20260714,observed,210,210,20260714,False,1,
20260715,observed,211,211,20260715,False,1,
